canonical_rank,tconst,primaryTitle,originalTitle,titleType,startYear,endYear,runtimeMinutes,genres,averageRating,numVotes,isAdult
1,tt2560140,Attack on Titan,Shingeki no kyojin,tvSeries,2013,2023,24,"Action,Adventure,Animation",9.1,746965,0
2,tt0877057,Death Note,Death Note: Desu nôto,tvSeries,2006,2007,24,"Animation,Crime,Drama",8.9,499421,0
3,tt0388629,One Piece,One Piece: Wan pîsu,tvSeries,1999,\N,24,"Action,Adventure,Animation",9.0,366978,0
4,tt1355642,Fullmetal Alchemist: Brotherhood,Hagane no renkinjutsushi,tvSeries,2009,2010,24,"Action,Adventure,Animation",9.1,258003,0
5,tt9335498,Demon Slayer: Kimetsu no Yaiba,Kimetsu no Yaiba,tvSeries,2019,2024,24,"Action,Adventure,Animation",8.5,237107,0
6,tt0988824,Naruto: Shippuden,Naruto: Shippûden,tvSeries,2007,2017,24,"Action,Adventure,Animation",8.7,231147,0
7,tt4508902,One Punch Man,One Punch Man: Wanpanman,tvSeries,2015,\N,24,"Action,Animation,Comedy",8.6,230350,0
8,tt12343534,Jujutsu Kaisen,Jujutsu Kaisen,tvSeries,2020,\N,24,"Action,Adventure,Animation",8.5,221475,0
9,tt2098220,Hunter X Hunter,Hunter x Hunter,tvSeries,2011,2014,24,"Action,Adventure,Animation",9.0,205024,0
10,tt0214341,Dragon Ball Z,Dragon Ball Z,tvSeries,1996,2003,24,"Action,Adventure,Animation",8.8,181001,0
11,tt0409591,Naruto,Naruto,tvSeries,2002,2007,24,"Action,Adventure,Animation",8.4,174358,0
12,tt0213338,Cowboy Bebop,Kaubôi bibappu,tvSeries,1998,1999,24,"Action,Adventure,Animation",8.9,173504,0
13,tt10233448,Vinland Saga,Vinland Saga,tvSeries,2019,2023,24,"Action,Adventure,Animation",8.9,150912,0
14,tt12590266,Cyberpunk: Edgerunners,Cyberpunk: Edgerunners,tvSeries,2022,\N,24,"Action,Adventure,Animation",8.3,134904,0
15,tt5626028,My Hero Academia,Boku no Hîrô Akademia,tvSeries,2016,2026,24,"Action,Adventure,Animation",8.2,127129,0
16,tt21209876,Solo Leveling,Ore dake Reberu Appu na Ken,tvSeries,2024,\N,\N,"Action,Adventure,Animation",8.5,121435,0
17,tt0112159,Neon Genesis Evangelion,Shinseiki Evangelion,tvSeries,1995,1996,24,"Action,Animation,Drama",8.5,115095,0
18,tt14986406,Bleach: Thousand-Year Blood War,Bleach: Sennen Kessen-hen,tvSeries,2022,\N,24,"Action,Adventure,Animation",9.0,114081,0
19,tt13616990,Chainsaw Man,Chainsaw Man,tvSeries,2022,2022,24,"Action,Animation,Fantasy",8.3,111676,0
20,tt0994314,Code Geass: Lelouch of the Rebellion,Kôdo Giasu: Hangyaku no Rurûshu,tvSeries,2006,2008,24,"Action,Animation,Drama",8.7,109420,0
21,tt0121220,Dragon Ball Z,Dragon Ball Z: Doragon bôru zetto,tvSeries,1989,1996,24,"Action,Adventure,Animation",8.8,105312,0
22,tt0434665,Bleach,Bleach,tvSeries,2004,2012,24,"Action,Adventure,Animation",8.3,99262,0
23,tt1910272,Steins; Gate,Steins; Gate,tvSeries,2011,2015,24,"Animation,Comedy,Drama",8.8,96693,0
24,tt5607616,Re: Zero - Starting Life in Another World,Re:Zero kara Hajimeru Isekai Seikatsu,tvSeries,2016,\N,24,"Adventure,Animation,Drama",8.3,94026,0
25,tt0421357,Fullmetal Alchemist,Hagane no renkinjutsushi,tvSeries,2003,2004,24,"Action,Adventure,Animation",8.5,87235,0
26,tt3741634,Tokyo Ghoul,Tokyo Ghoul,tvMiniSeries,2014,2014,24,"Action,Animation,Drama",7.7,85515,0
27,tt22248376,Frieren: Beyond Journey's End,Sôsô no Furîren,tvSeries,2023,\N,25,"Adventure,Animation,Comedy",8.9,84527,0
28,tt0318871,Berserk,Kenpuu Denki Berserk,tvSeries,1997,1998,23,"Action,Adventure,Animation",8.8,83175,0
29,tt0280249,Dragon Ball,Dragon Ball,tvSeries,1995,2003,24,"Action,Adventure,Animation",8.5,77478,0
30,tt0088509,Dragon Ball,Dragon Ball: Doragon bôru,tvSeries,1986,1989,25,"Action,Adventure,Animation",8.5,77327,0
31,tt5249462,Erased,Boku dake ga inai machi,tvMiniSeries,2016,2016,22,"Animation,Crime,Drama",8.4,77071,0
32,tt0434706,Monster,Monster,tvSeries,2004,2005,24,"Animation,Crime,Drama",8.8,75403,0
33,tt5897304,Mob Psycho 100,Mob Psycho 100,tvSeries,2016,2022,24,"Action,Animation,Comedy",8.5,71489,0
34,tt3358020,Parasyte: The Maxim,Kiseijû: Sei no kakuritsu,tvSeries,2014,2015,22,"Action,Animation,Drama",8.2,65186,0
35,tt13706018,Spy x Family,Supai Famirî,tvSeries,2022,\N,24,"Action,Animation,Comedy",8.2,65176,0
36,tt0423731,Samurai Champloo,Samurai Chanpurû,tvSeries,2004,2005,24,"Action,Adventure,Animation",8.5,64999,0
37,tt2250192,Sword Art Online,Sword Art Online,tvSeries,2012,2020,24,"Action,Adventure,Animation",7.5,64840,0
38,tt2359704,JoJo's Bizarre Adventure,JoJo no Kimyô na Bôken,tvSeries,2012,\N,24,"Action,Adventure,Animation",8.6,61105,0
39,tt8788458,The Promised Neverland,Yakusoku no Neverland,tvSeries,2019,2021,23,"Action,Adventure,Animation",8.1,60136,0
40,tt13293588,Mushoku Tensei: Jobless Reincarnation,Mushoku Tensei: Isekai Ittara Honki Dasu,tvSeries,2021,\N,24,"Action,Adventure,Animation",8.2,59353,0
41,tt30217403,Dandadan,Dandadan,tvSeries,2024,\N,24,"Action,Adventure,Animation",8.3,58885,0
42,tt0168366,Pokémon,Poketto monsutâ,tvSeries,1997,2023,25,"Action,Adventure,Animation",7.6,57264,0
43,tt3398540,Haikyuu!!,Haikyû!!,tvSeries,2014,2020,24,"Animation,Comedy,Drama",8.7,56713,0
44,tt3895150,Your Lie in April,Shigatsu wa kimi no uso,tvSeries,2014,2015,23,"Animation,Comedy,Drama",8.6,54052,0
45,tt7441658,Black Clover,Black Clover,tvSeries,2017,2021,24,"Action,Adventure,Animation",8.2,51853,0
46,tt3909224,The Seven Deadly Sins,Nanatsu no taizai,tvSeries,2014,2021,24,"Action,Adventure,Animation",7.6,47751,0
47,tt4644488,Dragon Ball Super,Dragon Ball Super: Doragon bôru cho,tvSeries,2015,2018,24,"Action,Adventure,Animation",8.3,47272,0
48,tt9679542,Dr. Stone,Dr.STONE,tvSeries,2019,2026,24,"Action,Adventure,Animation",8.1,46218,0
49,tt0343314,Teen Titans,Teen Titans,tvSeries,2003,2006,23,"Action,Adventure,Animation",7.9,44207,0
50,tt7078180,Violet Evergarden,Violet Evergarden,tvMiniSeries,2018,2018,24,"Animation,Drama,Fantasy",8.4,43253,0
51,tt0373732,The Boondocks,The Boondocks,tvSeries,2005,2014,22,"Action,Animation,Comedy",8.5,43163,0
52,tt0480489,Elfen Lied,Erufen rîto,tvSeries,2004,2004,24,"Action,Animation,Drama",7.8,42144,0
53,tt3742982,Akame ga Kill!,Akame ga Kill!,tvSeries,2014,2014,24,"Action,Animation,Comedy",7.7,39342,0
54,tt6660498,Devilman: Crybaby,Devilman: Crybaby,tvMiniSeries,2018,2018,25,"Action,Animation,Drama",7.6,37109,0
55,tt6342474,Boruto: Naruto Next Generations,Boruto Naruto Nekusuto Jenerêshonzu,tvSeries,2017,2023,23,"Action,Adventure,Animation",6.3,35859,0
56,tt15222080,Blue Lock,Burû rokku,tvSeries,2022,\N,22,"Animation,Sport,Thriller",8.1,34621,0
57,tt13196080,Tokyo Revengers,Tôkyô Ribenjâzu,tvSeries,2021,\N,24,"Action,Animation,Drama",7.7,34599,0
58,tt15716776,Devil May Cry,Devil May Cry,tvSeries,2025,\N,30,"Action,Adventure,Animation",7.5,34226,0
59,tt21975436,Kaiju No. 8,Kaiju No. 8,tvSeries,2024,2025,24,"Action,Adventure,Animation",8.2,34059,0
60,tt13911284,Hell's Paradise,Jigokuraku,tvSeries,2023,\N,25,"Action,Adventure,Animation",8.1,33194,0
61,tt1528406,Fairy Tail,Fairy Tail,tvSeries,2009,2019,24,"Action,Adventure,Animation",7.8,32927,0
62,tt0139774,Dragon Ball GT,Doragon boru jî-tî,tvSeries,1996,2003,24,"Action,Adventure,Animation",6.8,32349,0
63,tt0495212,Hellsing Ultimate,Hellsing Ultimate,tvMiniSeries,2006,2012,50,"Action,Animation,Fantasy",8.2,31637,0
64,tt9522300,Kaguya-sama: Love Is War,Kaguya-sama wa kokurasetai ~ Tensai tachi no ren'ai zunô sen ~,tvSeries,2019,2023,24,"Animation,Comedy,Drama",8.5,31592,0
65,tt9458304,Dororo,Dororo,tvSeries,2019,2019,30,"Action,Adventure,Animation",8.2,30966,0
66,tt3837246,Assassination Classroom,Ansatsu kyôshitsu,tvSeries,2013,2016,23,"Action,Animation,Comedy",7.9,30030,0
67,tt36988358,Takopi's Original Sin,Takopii no genzai,tvMiniSeries,2025,2025,30,"Animation,Drama,Sci-Fi",8.7,29619,0
68,tt15765670,My Dress-Up Darling,Sono bisuku dôru wa koi o suru,tvSeries,2022,2025,24,"Animation,Comedy,Romance",7.9,29313,0
69,tt9054364,That Time I Got Reincarnated as a Slime,Tensei Shitara Suraimu Datta Ken,tvSeries,2018,\N,25,"Action,Adventure,Animation",8.0,28261,0
70,tt1409055,Dragon Ball Z Kai,Dragon Ball Kai: Doragon bôru kai,tvSeries,2009,2015,82,"Action,Adventure,Animation",8.3,28031,0
71,tt8993398,Rascal Does Not Dream of Bunny Girl Senpai,Seishun buta yaro wa Bunny Girl-senpai no yume wo minai,tvSeries,2018,2018,24,"Animation,Drama,Fantasy",8.1,27968,0
72,tt13622982,Star Wars: Visions,Star Wars: Visions,tvSeries,2021,\N,22,"Action,Adventure,Animation",7.0,27963,0
73,tt26743760,The Apothecary Diaries,Kusuriya no Hitorigoto,tvSeries,2023,\N,23,"Animation,Drama,History",8.6,27729,0
74,tt0948103,Gurren Lagann,Tengen toppa gurren lagann,tvSeries,2007,2007,24,"Action,Adventure,Animation",8.3,27714,0
75,tt7263328,Classroom of the Elite,Yôkoso jitsuryoku shijô shugi no kyôshitsu e,tvSeries,2017,\N,24,"Animation,Drama,Thriller",7.7,27326,0
76,tt38268282,Steel Ball Run: JoJo's Bizarre Adventure,Steel Ball Run: JoJo's Bizarre Adventure,tvSeries,2026,\N,\N,"Action,Adventure,Animation",9.5,27268,0
77,tt13103134,Horimiya,Hori-san to Miyamura-kun,tvMiniSeries,2021,2021,24,"Animation,Comedy,Drama",8.0,27236,0
78,tt0251439,Trigun,Trigun,tvSeries,1998,1998,24,"Action,Adventure,Animation",8.2,26837,0
79,tt0210418,Digimon Adventure,Dejimon adobenchâ,tvSeries,1999,2000,30,"Action,Adventure,Animation",7.4,26629,0
80,tt2379308,Psycho-Pass,Psycho-Pass,tvSeries,2012,2019,25,"Action,Animation,Crime",8.1,26359,0
81,tt0249327,Yu-Gi-Oh!,Yu-Gi-Oh,tvSeries,2000,2006,24,"Action,Adventure,Animation",7.4,26319,0
82,tt4279012,Death Parade,Death Parade,tvMiniSeries,2015,2015,\N,"Animation,Drama,Mystery",7.8,25783,0
83,tt14833612,Castlevania: Nocturne,Castlevania: Nocturne,tvSeries,2023,\N,30,"Action,Adventure,Animation",7.5,24705,0
84,tt9529546,The Rising of the Shield Hero,Tate no Yuusha no Nariagari,tvSeries,2019,\N,24,"Action,Adventure,Animation",7.6,24500,0
85,tt2069441,The Future Diary,Mirai nikki,tvSeries,2011,2013,25,"Action,Animation,Comedy",7.4,24144,0
86,tt14069590,Dota: Dragon's Blood,Dota: Dragon's Blood,tvSeries,2021,2022,25,"Action,Adventure,Animation",7.7,24006,0
87,tt1279024,Toradora!,Toradora!,tvSeries,2008,2009,24,"Animation,Comedy,Drama",7.9,23974,0
88,tt16969708,Scott Pilgrim Takes Off,Scott Pilgrim Takes Off,tvMiniSeries,2023,2023,28,"Action,Adventure,Animation",7.7,23941,0
89,tt3225270,Noragami,Noragami,tvSeries,2014,2015,24,"Action,Adventure,Animation",7.8,23520,0
90,tt0500092,Serial Experiments Lain,Serial Experiments Lain,tvMiniSeries,1998,1998,24,"Animation,Drama,Horror",8.0,22950,0
91,tt2176165,Another,Anazâ,tvMiniSeries,2012,2012,22,"Animation,Drama,Fantasy",7.5,22915,0
92,tt0346314,Ghost in the Shell: Stand Alone Complex,Kôkaku Kidôtai Sutando Arôn Conpurekkusu,tvSeries,2002,2005,24,"Action,Animation,Crime",8.5,22702,0
93,tt3431758,"No Game, No Life","No Game, No Life",tvSeries,2014,2014,\N,"Adventure,Animation,Comedy",7.5,22674,0
94,tt5370118,Konosuba: God's Blessing on This Wonderful World!,Kono subarashii sekai ni shukufuku o!,tvSeries,2016,2025,24,"Adventure,Animation,Comedy",7.8,22537,0
95,tt0182629,Rurouni Kenshin,Rurôni Kenshin: Meiji kenkaku romantan,tvSeries,1996,1998,24,"Action,Adventure,Animation",8.5,22300,0
96,tt7222086,Made in Abyss,Made in Abyss,tvSeries,2017,2022,\N,"Action,Adventure,Animation",8.3,22254,0
97,tt0988818,Gintama,Gintama,tvSeries,2005,2021,25,"Action,Animation,Comedy",8.7,22251,0
98,tt0279077,FLCL,FLCL,tvMiniSeries,2000,2001,30,"Action,Animation,Comedy",8.0,22125,0
99,tt9307686,Fire Force,Enen no Shôbôtai,tvSeries,2019,2026,23,"Action,Animation,Drama",7.6,21959,0
100,tt0962826,Black Lagoon,Black Lagoon,tvSeries,2006,2006,25,"Action,Adventure,Animation",7.9,21722,0
101,tt7865090,Darling in the Franxx,Darling in the Franxx,tvSeries,2018,2018,24,"Action,Animation,Drama",7.3,21672,0
102,tt26737616,Pluto,Pluto,tvMiniSeries,2023,2023,62,"Action,Animation,Drama",8.1,21371,0
103,tt0325547,Hellsing,Herushingu,tvMiniSeries,2001,2002,23,"Action,Animation,Fantasy",7.7,20946,0
104,tt5497534,Tokyo Ghoul: Root A,Tokyo Ghoul: Root A,tvSeries,2015,2015,24,"Action,Animation,Drama",7.5,20664,0
105,tt0465316,Afro Samurai,Afro Samurai,tvMiniSeries,2007,2007,26,"Action,Adventure,Animation",7.6,20571,0
106,tt0290223,Inuyasha,Inuyasha,tvSeries,2000,2004,22,"Action,Adventure,Animation",7.9,20208,0
107,tt4869896,Overlord,Ôbârôdo,tvSeries,2015,2022,30,"Action,Adventure,Animation",7.6,20190,0
108,tt3114390,Kill La Kill,Kiru ra kiru: KILL la KILL,tvSeries,2013,2014,25,"Action,Animation,Comedy",7.8,19914,0
109,tt29485149,Dragon Ball Daima,Dragon Ball Daima,tvSeries,2024,2025,25,"Action,Adventure,Animation",7.7,19851,0
110,tt0481256,Fighting Spirit,Hajime no Ippo,tvSeries,2000,2002,30,"Action,Animation,Comedy",8.8,19788,0
111,tt0791205,Ergo Proxy,Ergo Proxy,tvSeries,2006,2006,27,"Action,Adventure,Animation",7.8,19185,0
112,tt1913273,Anohana: The Flower We Saw That Day,Ano hi mita hana no namae o bokutachi wa mada shiranai.,tvMiniSeries,2011,2011,23,"Adventure,Animation,Drama",8.1,18965,0
113,tt0131179,Detective Conan,Meitantei Conan,tvSeries,1996,\N,25,"Action,Animation,Comedy",8.5,18749,0
114,tt1685401,Highschool of the Dead,Gakuen mokushiroku: HIGHSCHOOL OF THE DEAD,tvSeries,2010,2011,24,"Action,Animation,Drama",7.1,18711,0
115,tt0185133,Yu Yu Hakusho: Ghost Files,Yu yu hakusho,tvSeries,1992,1995,24,"Action,Adventure,Animation",8.5,18601,0
116,tt1639109,Angel Beats!,Angel Beats!,tvSeries,2010,2010,25,"Action,Animation,Comedy",7.6,18448,0
117,tt3613454,Terror in Resonance,Zankyô no teroru,tvMiniSeries,2014,2014,23,"Animation,Crime,Drama",7.8,18447,0
118,tt0203082,Rurouni Kenshin: Trust & Betrayal,Rurôni Kenshin: Meiji kenkaku romantan - Tsuioku-hen,tvMiniSeries,1999,1999,30,"Action,Adventure,Animation",8.6,18264,0
119,tt21030032,Oshi No Ko,Oshi no Ko,tvSeries,2023,\N,24,"Animation,Drama,Fantasy",8.3,18119,0
120,tt17069148,Sakamoto Days,Sakamoto Deizu,tvSeries,2025,\N,24,"Action,Adventure,Animation",7.5,18070,0
121,tt7131720,Kakegurui,Kakegurui,tvSeries,2017,2019,24,"Animation,Drama,Mystery",7.1,18016,0
122,tt2230051,High School DxD,High School DxD,tvSeries,2012,2018,23,"Action,Animation,Comedy",7.5,17870,0
123,tt2051178,Fate/Zero,Fate/Zero,tvSeries,2011,2012,24,"Action,Adventure,Animation",8.2,17796,0
124,tt1118804,Clannad,Kuranado,tvSeries,2007,2009,24,"Animation,Comedy,Drama",8.2,17790,0
125,tt21209804,Mashle: Magic and Muscles,Mashle: Magic and Muscles,tvSeries,2023,\N,23,"Action,Adventure,Animation",7.5,17746,0
126,tt0985344,Claymore,Kureimoa,tvSeries,2007,2007,24,"Action,Adventure,Animation",8.0,17429,0
127,tt1799631,Blue Exorcist,Ao no ekusoshisuto,tvSeries,2011,2011,30,"Action,Animation,Drama",7.4,17408,0
128,tt1214085,Soul Eater,Sôru îtâ,tvSeries,2008,2009,24,"Action,Adventure,Animation",7.7,17349,0
129,tt0433722,Paranoia Agent,Môsô dairinin,tvMiniSeries,2004,2005,25,"Animation,Drama,Horror",7.9,17093,0
130,tt11147852,Dorohedoro,Dorohedoro,tvSeries,2020,2026,25,"Action,Animation,Comedy",8.1,16879,0
131,tt13718450,86,86,tvSeries,2021,2022,24,"Action,Animation,Drama",8.3,16802,0
132,tt6354518,The Disastrous Life of Saiki K.,Saiki Kusuo no Psi Nan,tvSeries,2016,2018,24,"Animation,Comedy,Fantasy",8.3,16790,0
133,tt2348803,Kuroko's Basketball,Kuroko No Basket,tvSeries,2012,2015,24,"Animation,Comedy,Sport",8.2,16672,0
134,tt11043632,Beastars,Beastars,tvSeries,2019,2026,23,"Animation,Crime,Drama",7.6,16624,0
135,tt0807832,Mushi-Shi,Mushishi,tvSeries,2005,2014,25,"Animation,Drama,Fantasy",8.5,16497,0
136,tt13409432,Ranking of Kings,Ousama Ranking,tvSeries,2021,2022,23,"Action,Adventure,Animation",8.4,16455,0
137,tt32612521,Gachiakuta,Gachiakuta,tvSeries,2025,\N,24,"Action,Adventure,Animation",8.0,16435,0
138,tt14115938,The Eminence in Shadow,Kage no Jitsuryokusha ni Naritakute!,tvSeries,2022,2023,24,"Action,Adventure,Animation",7.7,16394,0
139,tt36592690,The Fragrant Flower Blooms with Dignity,Kaoru Hana wa Rin to Saku,tvMiniSeries,2025,2025,\N,"Animation,Comedy,Drama",8.3,16146,0
140,tt5514358,Steins;Gate 0,Steins;Gate 0,tvSeries,2018,2018,30,"Animation,Drama,Mystery",8.4,15874,0
141,tt0315008,Great Teacher Onizuka,GTO,tvSeries,1999,2000,24,"Animation,Comedy,Drama",8.5,15507,0
142,tt4731072,Food Wars: Shokugeki no Soma,Shokugeki no Soma,tvSeries,2015,2020,24,"Animation,Comedy,Drama",8.0,15445,0
143,tt21621494,Delicious in Dungeon,Danjon meshi,tvSeries,2024,\N,26,"Adventure,Animation,Comedy",8.1,15253,0
144,tt8213522,Tokyo Ghoul: Re,Tokyo Ghoul: re,tvSeries,2018,2018,24,"Action,Animation,Drama",6.5,15013,0
145,tt13173144,Resident Evil: Infinite Darkness,Resident Evil: Infinite Darkness,tvMiniSeries,2021,2021,26,"Action,Animation,Horror",5.8,14796,0
146,tt1773185,Puella Magi Madoka Magica,Mahô shôjo Madoka magika: Puella Magi Madoka Magica,tvMiniSeries,2011,2011,24,"Action,Adventure,Animation",8.2,14786,0
147,tt0283226,Totally Spies!,Totally Spies!,tvSeries,2001,2026,22,"Action,Adventure,Animation",7.1,14523,0
148,tt0816397,Ouran High School Host Club,Ôran kôkô hosutobu,tvSeries,2006,2006,24,"Animation,Comedy,Romance",8.1,14337,0
149,tt9304350,Fruits Basket,Furûtsu Basuketto,tvSeries,2019,2021,24,"Animation,Comedy,Drama",8.5,14097,0
150,tt4728568,Is It Wrong to Try to Pick Up Girls in a Dungeon?,Dungeon ni Deai wo Motomeru no wa Machigatteiru Darou ka,tvSeries,2015,\N,24,"Action,Adventure,Animation",7.4,14077,0
151,tt2703720,My Teen Romantic Comedy SNAFU,Yahari ore no seishun rabukome wa machigatteiru.,tvSeries,2013,2023,24,"Animation,Comedy,Drama",8.0,14061,0
152,tt5679720,Bungo Stray Dogs,Bungou Stray Dogs,tvSeries,2016,\N,24,"Action,Animation,Comedy",7.8,14000,0
153,tt1909447,Deadman Wonderland,Deadman Wonderland,tvSeries,2011,2011,24,"Action,Animation,Drama",7.0,13991,0
154,tt14153236,Terminator Zero,Terminator Zero,tvMiniSeries,2024,2024,28,"Action,Adventure,Animation",6.9,13939,0
155,tt25811262,Zom 100: Bucket List of the Dead,Zom 100: Zombie ni Naru made ni Shitai 100 no Koto,tvMiniSeries,2023,2023,24,"Action,Adventure,Animation",7.3,13858,0
156,tt0114327,Sailor Moon,Sailor Moon,tvSeries,1995,2000,24,"Action,Adventure,Animation",7.6,13852,0
157,tt14626352,Komi Can't Communicate,"Komi-san wa, Komyushou Desu.",tvSeries,2021,2022,24,"Animation,Comedy,Drama",7.6,13838,0
158,tt1334722,Baccano!,Baccano!,tvSeries,2007,2008,24,"Action,Adventure,Animation",8.1,13812,0
159,tt8690728,Goblin Slayer,Goblin Slayer,tvSeries,2018,2023,30,"Action,Adventure,Animation",7.3,13624,0
160,tt0995941,Darker Than Black,Darker Than Black: Kuro no keiyakusha,tvSeries,2007,2010,24,"Action,Animation,Crime",7.7,13556,0
161,tt13676344,Record of Ragnarok,Shûmatsu no Valkyrie,tvSeries,2021,\N,24,"Action,Adventure,Animation",6.6,13402,0
162,tt12063450,To Your Eternity,Fumetsu no Anata e,tvSeries,2021,2026,25,"Adventure,Animation,Drama",8.2,13268,0
163,tt11448214,Rent-a-Girlfriend,"Kanojo, Okarishimasu",tvSeries,2020,2026,24,"Animation,Comedy,Romance",6.6,13184,0
164,tt6112556,Yuri!!! On Ice,Yuri!!! On Ice,tvMiniSeries,2016,2017,20,"Animation,Comedy,Drama",8.2,13162,0
165,tt0161952,Saint Seiya,Saint Seiya,tvSeries,1986,1989,24,"Action,Adventure,Animation",8.4,12880,0
166,tt9584920,The Quintessential Quintuplets,Go-Toubun no Hanayome,tvSeries,2019,2021,24,"Animation,Comedy,Drama",7.7,12681,0
167,tt0426719,Hunter x Hunter,Hunter x Hunter,tvSeries,1999,2001,23,"Action,Adventure,Animation",8.6,12582,0
168,tt8515016,Banana Fish,Banana Fish,tvSeries,2018,2018,22,"Action,Adventure,Animation",8.1,12573,0
169,tt4574736,Charlotte,Charlotte,tvMiniSeries,2015,2016,24,"Animation,Comedy,Drama",7.5,12309,0
170,tt6357658,Baki,Baki,tvSeries,2016,2020,45,"Action,Animation,Drama",6.8,12256,0
171,tt22817632,Heavenly Delusion,Tengoku daimakyô,tvSeries,2023,2023,24,"Adventure,Animation,Mystery",7.9,11705,0
172,tt12057106,Tower of God,Kami no Tou,tvSeries,2020,2024,23,"Action,Adventure,Animation",7.4,11675,0
173,tt1316554,Black Butler,Kuroshitsuji,tvSeries,2008,2011,24,"Action,Animation,Comedy",7.6,11447,0
174,tt15686254,Summer Time Rendering,Summer Time Render,tvSeries,2022,2022,25,"Animation,Drama,Fantasy",8.2,11381,0
175,tt3621796,Fate/stay night [Unlimited Blade Works],Fate/stay night: Unlimited Blade Works,tvSeries,2014,2015,24,"Action,Adventure,Animation",8.0,11273,0
176,tt1634208,Maid Sama!,Kaichou wa meido-sama!,tvSeries,2010,2011,24,"Animation,Comedy,Romance",7.9,11244,0
177,tt23139038,To Be Hero X,Tu Bian Ying Xiong X,tvSeries,2025,2025,\N,"Action,Animation,Fantasy",8.5,11225,0
178,tt4917066,Prison School,Kangoku gakuen,tvSeries,2015,2016,24,"Animation,Comedy",7.5,10755,0
179,tt0857297,Welcome to the N.H.K.,N.H.K ni yôkoso!,tvSeries,2006,2006,24,"Animation,Comedy,Drama",8.2,10440,0
180,tt0816407,The Melancholy of Haruhi Suzumiya,Suzumiya Haruhi no yûutsu,tvSeries,2006,2009,24,"Animation,Comedy,Drama",7.7,10262,0
181,tt2622982,The Devil Is a Part-Timer!,Hataraku Maou-sama!,tvSeries,2013,2023,24,"Action,Animation,Comedy",7.4,10140,0
182,tt12227418,The God of High School,The God of High School,tvSeries,2020,2020,24,"Action,Adventure,Animation",7.2,10071,0
183,tt0159145,Golden Boy,Golden Boy: Sasurai no obenkyô yarô,tvMiniSeries,1995,1996,28,"Animation,Comedy",8.0,9982,0
184,tt0434685,Gantz,Gantz,tvSeries,2004,2004,22,"Action,Animation,Drama",7.1,9978,0
185,tt0421482,Winx Club,Winx Club,tvSeries,2004,2019,25,"Action,Adventure,Animation",6.4,9937,0
186,tt0810705,Nana,Nana,tvSeries,2006,2007,21,"Animation,Comedy,Drama",8.5,9897,0
187,tt29605391,Wind Breaker,Wind Breaker,tvSeries,2024,2025,24,"Action,Adventure,Animation",7.4,9754,0
188,tt0965547,Slam Dunk,Suramu Danku,tvSeries,1993,1996,22,"Animation,Comedy,Drama",8.7,9639,0
189,tt17158756,Bocchi the Rock!,Bocchi the Rock!,tvSeries,2022,2022,24,"Animation,Comedy,Drama",8.3,9585,0
190,tt5847454,Berserk,Beruseruku,tvSeries,2016,2017,24,"Action,Adventure,Animation",6.7,9577,0
191,tt5857720,ReLIFE,ReLIFE,tvSeries,2016,2018,24,"Animation,Comedy,Drama",7.8,9572,0
192,tt31131295,Alya Sometimes Hides Her Feelings in Russian,Tokidoki Bosotto Russia-go de Dereru Tonari no Alya-san,tvSeries,2024,\N,25,"Animation,Comedy,Romance",7.2,9487,0
193,tt9058134,Kengan Ashura,Kengan Ashura,tvSeries,2019,\N,\N,"Action,Animation,Sport",7.9,9371,0
194,tt10905902,Uzumaki,Uzumaki,tvMiniSeries,2024,2024,25,"Animation,Drama,Horror",6.4,9366,0
195,tt4584326,Seraph of the End,Owari No Seraph,tvSeries,2015,2015,24,"Action,Adventure,Animation",7.4,9339,0
196,tt32639706,Blue Box,Ao no Hako,tvSeries,2024,\N,\N,"Animation,Comedy,Romance",8.0,9250,0
197,tt13930822,Tomb Raider: The Legend of Lara Croft,Tomb Raider: The Legend of Lara Croft,tvSeries,2024,2025,30,"Action,Adventure,Animation",5.6,9232,0
198,tt19869172,My Happy Marriage,Watashi no Shiawase na Kekkon,tvSeries,2023,2025,24,"Animation,Drama,Fantasy",7.5,9231,0
199,tt0103369,Sailor Moon,Bishôjo senshi Sêrâ Mûn,tvSeries,1992,1997,30,"Action,Adventure,Animation",7.7,9186,0
200,tt0294023,Captain Tsubasa,Kyaputen Tsubasa,tvSeries,1983,1995,25,"Animation,Comedy,Drama",7.9,9039,0
201,tt22297722,Lookism,Oemojisangjuui,tvMiniSeries,2022,2022,25,"Action,Animation,Drama",7.6,9017,0
202,tt0367439,Wolf's Rain,Wolf's Rain,tvSeries,2003,2004,701,"Action,Adventure,Animation",7.9,8978,0
203,tt10482560,Kipo and the Age of Wonderbeasts,Kipo and the Age of Wonderbeasts,tvSeries,2020,2020,24,"Action,Adventure,Animation",8.3,8898,0
204,tt1745240,Kimi Ni Todoke: From Me to You,Kimi ni todoke,tvSeries,2009,2024,24,"Animation,Comedy,Drama",7.8,8884,0
205,tt33028568,The Summer Hikaru Died,Hikaru ga Shinda Natsu,tvSeries,2025,\N,\N,"Animation,Drama,Horror",7.9,8856,0
206,tt1584000,Durarara!!,Durarara!!,tvSeries,2010,2010,24,"Animation,Comedy,Crime",7.8,8853,0
207,tt28480255,Ninja Kamui,Ninja Kamui,tvSeries,2024,2024,23,"Action,Animation,Crime",7.0,8658,0
208,tt3592708,Blue Spring Ride,Ao Haru Ride,tvSeries,2014,2014,122,"Animation,Comedy,Drama",7.5,8539,0
209,tt13906272,Re: ZERO - Starting Life in Another World (Re-Edit),Re:Zero kara Hajimeru Isekai Seikatsu,tvSeries,2016,2020,\N,"Adventure,Animation,Fantasy",8.7,8515,0
210,tt11680468,Great Pretender,Great Pretender,tvSeries,2020,2024,23,"Adventure,Animation,Comedy",7.8,8506,0
211,tt32550889,Witch Hat Atelier,Tongari bôshi no atorie,tvSeries,2026,\N,\N,"Adventure,Animation,Drama",8.3,8392,0
212,tt8019444,Aggretsuko,Aggretsuko,tvSeries,2018,2023,15,"Animation,Comedy,Drama",8.0,8355,0
213,tt1480925,Bakemonogatari,Bakemonogatari,tvSeries,2009,2013,25,"Action,Animation,Comedy",8.0,8322,0
214,tt13370404,Redo of Healer,Kaifuku Jutsushi no Yarinaoshi,tvMiniSeries,2021,2021,24,"Action,Adventure,Animation",6.4,8275,0
215,tt14134550,Odd Taxi,Odd Taxi,tvSeries,2021,2021,23,"Animation,Comedy,Crime",8.3,8259,0
216,tt19064770,The Angel Next Door Spoils Me Rotten,Otonari no tenshi-sama ni itsu no ma ni ka dame-ningen ni sareteita ken,tvSeries,2023,2026,24,"Animation,Comedy,Drama",7.7,8254,0
217,tt5556656,Kabaneri of the Iron Fortress,Kôtetsujô no Kabaneri,tvSeries,2016,2016,23,"Action,Adventure,Animation",7.2,8253,0
218,tt15975122,Call of the Night,Yofukashi no uta,tvSeries,2022,2025,23,"Animation,Comedy,Fantasy",7.6,8247,0
219,tt1666278,ThunderCats,Thundercats,tvSeries,2011,2012,30,"Action,Adventure,Animation",7.8,8164,0
220,tt0328733,Beyblade,Bakuten shoot beyblade,tvSeries,2001,2005,30,"Action,Animation,Family",6.9,8142,0
221,tt5537534,Ajin,Ajin,tvSeries,2016,2017,24,"Action,Adventure,Animation",7.5,8088,0
222,tt2340841,Hyouka,Hyouka,tvSeries,2012,2012,24,"Animation,Comedy,Drama",7.7,8003,0
223,tt16231800,"More Than a Married Couple, But Not Lovers","Fuufu Ijou, Koibito Miman.",tvMiniSeries,2022,2022,24,"Animation,Comedy,Drama",7.6,7991,0
224,tt14976292,Link Click,Shi Guang Dai Li Ren,tvSeries,2021,\N,24,"Animation,Crime,Drama",8.5,7848,0
225,tt0774809,Fate/stay night,Fate/stay night,tvSeries,2006,2006,23,"Action,Adventure,Animation",7.2,7785,0
226,tt31889371,Wistoria: Wand and Sword,Tsue to Tsurugi no Wistoria,tvSeries,2024,\N,23,"Action,Adventure,Animation",7.7,7712,0
227,tt13357124,The Way of the Househusband,Gokushufudo,tvSeries,2021,2023,16,"Action,Animation,Comedy",7.3,7701,0
228,tt8086718,Grand Blue Dreaming,Guran Buru,tvSeries,2018,2026,24,"Adventure,Animation,Comedy",7.9,7696,0
229,tt33044444,Orb: On the Movements of the Earth,Chi. Chikyuu no Undou ni Tsuite,tvSeries,2024,2025,\N,"Animation,Drama,History",8.4,7634,0
230,tt0845738,When They Cry,Higurashi no naku koro ni,tvSeries,2006,2006,24,"Animation,Drama,Horror",7.8,7623,0
231,tt2320220,Kamisama Kiss,Kamisama hajimemashita,tvSeries,2012,2016,23,"Animation,Comedy,Fantasy",8.1,7601,0
232,tt5839706,91 Days,91 Days,tvMiniSeries,2016,2017,24,"Animation,Crime,Drama",7.6,7529,0
233,tt12432936,The Misfit of Demon King Academy,"Maô Gakuin no Futekigôsha ~Shijô Saikyô no Maô no Shiso, Tensei Shite Shison-tachi no Gakkô e Kayô~",tvSeries,2020,2024,23,"Adventure,Animation,Comedy",7.0,7443,0
234,tt0096633,Legend of the Galactic Heroes,Ginga Eiyuu Densetsu,tvSeries,1988,1997,25,"Action,Animation,Drama",9.0,7360,0
235,tt0367409,Shaman King,Shâman Kingu,tvSeries,2001,2005,\N,"Action,Adventure,Animation",8.0,7313,0
236,tt10479420,Given,Given,tvMiniSeries,2019,2019,23,"Animation,Drama,Music",8.2,7311,0
237,tt1048049,Devil May Cry: The Animated Series,Devil May Cry: Debiru mei kurai,tvMiniSeries,2007,2007,24,"Action,Animation,Fantasy",7.0,7307,0
238,tt22297712,My Love Story with Yamada-kun at Lv999,Yamada-kun to Lv999 no Koi wo Suru,tvSeries,2023,2023,24,"Animation,Comedy,Romance",7.6,7280,0
239,tt21423786,The Dangers in My Heart,Boku no Kokoro no Yabai Yatsu,tvSeries,2023,2027,23,"Animation,Comedy,Drama",8.1,7135,0
240,tt6340502,Inuyashiki,Inuyashiki,tvMiniSeries,2017,2017,24,"Action,Animation,Drama",7.6,7071,0
241,tt3957196,Yona of the Dawn,Akatsuki no Yona,tvSeries,2014,2015,24,"Action,Adventure,Animation",8.0,7061,0
242,tt32536168,Sentenced to Be a Hero,Yûsha-kei ni Shosu Chôbatsu Yûsha 9004-tai Keimu Kiroku,tvSeries,2026,\N,\N,"Action,Adventure,Animation",7.9,7058,0
243,tt9310330,Yasuke,Yasuke,tvMiniSeries,2021,2021,30,"Action,Adventure,Animation",6.2,7055,0
244,tt2404499,Kingdom,Kingdom,tvSeries,2012,\N,25,"Action,Animation,Drama",8.8,7039,0
245,tt9288848,Pacific Rim: The Black,Pacific Rim,tvSeries,2021,2022,24,"Action,Adventure,Animation",7.1,7024,0
246,tt13357140,Baki Hanma,Hanma Baki,tvSeries,2021,2023,25,"Action,Animation,Drama",7.0,6984,0
247,tt15830678,Tomodachi Game,Tomodachi Game,tvSeries,2022,2022,23,"Animation,Drama,Mystery",7.6,6916,0
248,tt13129190,SK8 the Infinity,SK8,tvSeries,2021,\N,\N,"Adventure,Animation,Comedy",8.0,6892,0
249,tt3105452,Golden Time,Gôruden taimu,tvSeries,2013,2014,24,"Animation,Comedy,Drama",7.6,6891,0
250,tt6185782,Miss Kobayashi's Dragon Maid,Kobayashi-san Chi no Meidoragon,tvSeries,2017,2022,24,"Animation,Comedy,Fantasy",7.7,6890,0
251,tt0367413,Sonic X,Sonic X,tvSeries,2003,2006,30,"Action,Adventure,Animation",6.4,6880,0
252,tt10431290,Arifureta: From Commonplace to World's Strongest,Arifureta Shokugyou de Sekai Saikyou,tvSeries,2019,2025,23,"Action,Adventure,Animation",7.0,6864,0
253,tt0328738,Fruits Basket,Fruits Basket,tvSeries,2001,2001,24,"Animation,Comedy,Drama",7.8,6815,0
254,tt6455986,Saga of Tanya the Evil,Yojo Senki: Saga of Tanya the Evil,tvMiniSeries,2017,2026,24,"Action,Adventure,Animation",7.6,6778,0
255,tt0070968,"Heidi, Girl of the Alps",Arupusu no shôjo Haiji,tvSeries,1974,1974,24,"Adventure,Animation,Comedy",7.5,6763,0
256,tt0245612,Kureyon Shin-chan,Shinchan,tvSeries,2006,2011,25,"Animation,Comedy",8.0,6737,0
257,tt2321542,"Love, Chunibyo & Other Delusions",Chuunibyou demo koi ga shitai!,tvSeries,2012,2014,25,"Animation,Comedy,Drama",7.4,6718,0
258,tt12311976,TONIKAWA: Over the Moon for You,Tonikaku Kawaii,tvSeries,2020,2023,23,"Animation,Comedy,Fantasy",7.7,6716,0
259,tt12635162,"Don't Toy with Me, Miss Nagatoro","Ijiranaide, Nagatoro-san",tvSeries,2021,2023,24,"Animation,Comedy,Romance",7.1,6708,0
260,tt0069576,Doraemon,Doraemon,tvSeries,1979,2005,25,"Adventure,Animation,Comedy",8.2,6695,0
261,tt0096686,Ranma ½,Ranma ½,tvSeries,1989,1990,23,"Action,Animation,Comedy",7.9,6681,0
262,tt2309302,My Little Monster,Tonari no kaibutsu-kun,tvMiniSeries,2012,2012,24,"Animation,Comedy,Romance",7.1,6667,0
263,tt2122656,Guilty Crown,Guilty Crown,tvSeries,2011,2012,23,"Action,Animation,Crime",6.9,6635,0
264,tt0246734,Kite,A kaito,tvMiniSeries,1998,1998,26,"Action,Adventure,Animation",6.6,6586,0
265,tt1209393,Vampire Knight,Vanpaia naito,tvSeries,2008,2008,24,"Action,Animation,Drama",7.1,6583,0
266,tt0221735,Cardcaptor Sakura,Kadokyaputa Sakura,tvSeries,1998,2000,30,"Action,Adventure,Animation",8.0,6579,0
267,tt8254880,Wotakoi: Love Is Hard for Otaku,Wotaku ni Koi wa Muzukashii,tvSeries,2018,2021,23,"Animation,Comedy,Romance",7.5,6565,0
268,tt33992229,One Piece Log: Fish-Man Island Saga,One Piece Log: Fish-Man Island Saga,tvSeries,2024,2025,\N,"Action,Adventure,Animation",7.8,6551,0
269,tt28454008,Lazarus,Lazarus,tvSeries,2025,2025,24,"Action,Adventure,Animation",7.0,6536,0
270,tt13311344,Tsukimichi: Moonlit Fantasy,Tsuki ga michibiku isekai-dôchû,tvSeries,2021,2024,23,"Action,Adventure,Animation",7.7,6533,0
271,tt0107061,Battle Angel,Ganmu,tvMiniSeries,1993,1993,29,"Action,Animation,Drama",7.2,6529,0
272,tt5839732,Orange,Orange,tvMiniSeries,2016,2016,24,"Animation,Drama,Romance",7.7,6506,0
273,tt10384610,Scissor Seven,Cike Wu Liuqi,tvSeries,2018,\N,13,"Action,Adventure,Animation",8.4,6489,0
274,tt3592032,Ping Pong the Animation,Ping Pong the Animation,tvMiniSeries,2014,2014,23,"Animation,Drama,Sport",8.6,6488,0
275,tt2296348,The Pet Girl of Sakurasou,Sakurasou no Pet na Kanojo,tvSeries,2012,2013,24,"Animation,Comedy,Drama",7.6,6450,0
276,tt0328739,Full Metal Panic!,Full Metal Panic!,tvSeries,2002,2006,24,"Action,Adventure,Animation",7.6,6386,0
277,tt7944664,B: The Beginning,B: The Beginning,tvSeries,2018,2021,25,"Action,Animation,Crime",7.0,6271,0
278,tt0493334,Yu-Gi-Oh! GX,Yu-Gi-Oh! GX,tvSeries,2004,2008,30,"Action,Adventure,Animation",6.9,6175,0
279,tt15490038,Kotaro Lives Alone,Kotarô wa Hitori Gurashi,tvMiniSeries,2022,2022,27,"Animation,Comedy,Drama",8.3,6158,0
280,tt12831098,Moriarty the Patriot,Yuukoku no Moriarty,tvSeries,2020,2022,23,"Animation,Crime,Mystery",8.0,6091,0
281,tt0417311,Code Lyoko,Code Lyoko,tvSeries,2003,2007,26,"Action,Adventure,Animation",7.3,6088,0
282,tt8438524,How NOT to Summon a Demon Lord,Isekai Mao to Shokan Shojo no Dorei Majutsu,tvSeries,2018,\N,24,"Action,Adventure,Animation",6.9,6088,0
283,tt9817980,Domestic Girlfriend,Domestic na Kanojo,tvSeries,2019,2019,25,"Animation,Drama,Romance",6.7,6057,0
284,tt13352232,High-Rise Invasion,Tenkû Shinpan,tvSeries,2021,2021,25,"Action,Animation,Horror",6.4,6054,0
285,tt5100366,Chivalry of a Failed Knight,Rakudai Kishi no Cavalry,tvMiniSeries,2015,2015,24,"Action,Animation,Fantasy",7.2,6027,0
286,tt1410218,K-On!,K-On!,tvSeries,2009,2010,24,"Animation,Comedy,Drama",7.9,5981,0
287,tt21210326,Tomo-chan Is a Girl!,Tomo-chan wa onnanoko!,tvMiniSeries,2023,2023,23,"Animation,Comedy,Drama",7.5,5972,0
288,tt14061838,The World's Finest Assassin Gets Reincarnated in Another World as an Aristocrat,"Sekai Saikou no Ansatsusha, Isekai Kizoku ni Tensei Suru",tvSeries,2021,2021,24,"Action,Animation,Fantasy",7.3,5952,0
289,tt1847445,The Tatami Galaxy,Yojôhan shinwa taikei,tvMiniSeries,2010,2010,23,"Animation,Comedy,Drama",8.4,5943,0
290,tt2425098,Magi: The Labyrinth of Magic,Magi: The Labyrinth of Magic,tvSeries,2012,2014,25,"Action,Adventure,Animation",7.8,5917,0
291,tt2942218,Log Horizon,Rogu Horaizun,tvSeries,2013,2021,25,"Action,Adventure,Animation",7.4,5882,0
292,tt4083422,Doraemon,Doraemon,tvSeries,2005,\N,30,"Action,Adventure,Animation",8.4,5867,0
293,tt0077013,Future Boy Conan,Mirai shônen Konan,tvSeries,1978,1978,24,"Adventure,Animation,Comedy",8.8,5865,0
294,tt1158671,Spice and Wolf,Ôkami to kôshinryô,tvSeries,2008,2009,24,"Adventure,Animation,Drama",7.7,5836,0
295,tt19875850,Tekken: Bloodline,Tekken: Bloodline,tvMiniSeries,2022,2022,22,"Action,Adventure,Animation",6.5,5828,0
296,tt0435961,Gungrave,Gangureivu,tvSeries,2003,2004,25,"Action,Animation,Crime",7.9,5802,0
297,tt2329220,Btooom!,Btooom!,tvMiniSeries,2012,2012,25,"Action,Animation,Drama",7.0,5756,0
298,tt0086824,Voltron: Defender of the Universe,Voltron: Defender of the Universe,tvSeries,1984,1985,24,"Adventure,Animation,Family",7.9,5703,0
299,tt0385426,Initial D: First Stage,Initial D: First Stage,tvSeries,1998,1998,25,"Action,Animation,Comedy",8.5,5693,0
300,tt9310336,Trese,Trese,tvMiniSeries,2021,2021,33,"Action,Adventure,Animation",7.0,5664,0
301,tt15529074,Shikimori's Not Just a Cutie,Kawaii dake ja nai Shikimori-san,tvMiniSeries,2022,2022,23,"Animation,Comedy,Drama",6.7,5619,0
302,tt13248076,Wonder Egg Priority,Wonder Egg Priority,tvSeries,2021,2021,23,"Action,Animation,Drama",7.2,5618,0
303,tt4958580,Gate,"Gate: Jieitai Kanochi nite, Kaku Tatakaeri",tvSeries,2015,2016,24,"Action,Adventure,Animation",7.5,5529,0
304,tt13851958,Vivy: Fluorite Eye's Song,Vivy: Fluorite Eye's Song,tvMiniSeries,2021,2021,25,"Action,Adventure,Animation",7.9,5502,0
305,tt2575684,Date a Live,Date a Live,tvSeries,2013,\N,25,"Action,Animation,Comedy",6.9,5465,0
306,tt6402190,Masamune-kun's Revenge,Masamune-kun No Revenge,tvSeries,2017,2023,24,"Animation,Comedy,Drama",6.6,5453,0
307,tt0159193,Mobile Suit Gundam Wing,Shin Kidô Senki Gandamu Uingu,tvSeries,1995,1996,30,"Action,Adventure,Animation",8.0,5430,0
308,tt1608383,Black Dynamite,Black Dynamite,tvSeries,2011,2015,22,"Action,Adventure,Animation",8.1,5392,0
309,tt27417996,"I Got a Cheat Skill in Another World and Became Unrivaled in the Real World, Too","Isekai de Cheat Skill wo Te ni Shita Ore wa, Genjitsu Sekai wo mo Musou Suru: Level Up wa Jinsei wo Kaeta",tvMiniSeries,2023,2026,23,"Action,Adventure,Animation",6.6,5386,0
310,tt3158246,Space Dandy,Space Dandy,tvSeries,2014,2014,24,"Adventure,Animation,Comedy",8.0,5385,0
311,tt3660104,Barakamon,Barakamon,tvSeries,2014,2014,24,"Animation,Comedy,Drama",8.2,5379,0
312,tt0247117,Moomin,Tanoshî Mûmin ikka,tvSeries,1990,1992,23,"Adventure,Animation,Comedy",8.4,5364,0
313,tt21856734,Junji Ito Maniac: Japanese Tales of the Macabre,Junji Ito Maniac: Japanese Tales of the Macabre,tvSeries,2023,2023,24,"Animation,Drama,Horror",6.1,5351,0
314,tt14115912,Blue Period,Blue Period,tvMiniSeries,2021,2021,24,"Animation,Drama",7.6,5310,0
315,tt0482855,Blood+,Blood+,tvSeries,2005,2006,23,"Action,Adventure,Animation",7.5,5302,0
316,tt10974198,Cautious Hero: The Hero Is Overpowered but Overly Cautious,Shinchô yûsha ~ kono yûsha ga ore TUEEE kuse ni shinchô sugiru ~,tvMiniSeries,2019,2019,24,"Action,Adventure,Animation",7.3,5274,0
317,tt21991254,Romantic Killer,Romantikku Kirâ,tvMiniSeries,2022,2022,24,"Animation,Comedy,Drama",7.6,5244,0
318,tt30024091,A Sign of Affection,Yubisaki to Renren,tvMiniSeries,2024,2024,24,"Animation,Comedy,Drama",7.8,5236,0
319,tt13198632,"Higehiro: After Being Rejected, I Shaved and Took in a High School Runaway",Hige o Soru. Soshite Joshikousei o Hirou.,tvMiniSeries,2021,2021,23,"Animation,Comedy,Drama",7.4,5219,0
320,tt7326322,The Ancient Magus' Bride,Mahô Tsukai no Yome,tvSeries,2017,2023,25,"Animation,Drama,Fantasy",7.6,5216,0
321,tt0326672,Chobits,Chobits,tvSeries,2002,2003,\N,"Animation,Comedy,Drama",7.3,5183,0
322,tt3115338,Nisekoi: False Love,Nisekoi,tvSeries,2014,2016,25,"Animation,Comedy,Romance",7.2,5155,0
323,tt1202625,Kaiji: Ultimate Survivor,Gyakkyô burai Kaiji,tvSeries,2007,2011,23,"Action,Animation,Thriller",8.2,5146,0
324,tt0380113,Haibane Renmei,Haibane Renmei,tvMiniSeries,2002,2002,25,"Animation,Drama,Fantasy",7.9,5107,0
325,tt0899258,D.Gray-man,D.Gray-man,tvSeries,2006,2008,30,"Action,Adventure,Animation",7.6,5105,0
326,tt6352180,Little Witch Academia,Little Witch Academia,tvSeries,2017,2017,25,"Adventure,Animation,Comedy",7.8,5100,0
327,tt2309312,"Say ""I love you""",Suki-tte î na yo.,tvSeries,2012,2013,25,"Animation,Drama,Romance",7.2,5089,0
328,tt0133295,Maya,Mitsubachi Mâya no bôken,tvSeries,1975,1980,30,"Adventure,Animation,Comedy",6.7,5082,0
329,tt4542568,Snow White with the Red Hair,Akagami no Shirayuki-hime,tvSeries,2015,2016,24,"Adventure,Animation,Comedy",7.6,5025,0
330,tt3874528,The Irregular at Magic High School,Mahouka koukou no rettousei,tvSeries,2014,\N,22,"Action,Animation,Drama",7.0,5015,0
331,tt3398976,Knights of Sidonia,Sidonia no Kishi,tvSeries,2014,2015,\N,"Action,Adventure,Animation",7.7,4992,0
332,tt3615002,Monthly Girls' Nozaki-kun,Gekkan shôjo Nozaki-kun,tvMiniSeries,2014,2014,23,"Animation,Comedy,Romance",7.5,4926,0
333,tt1992744,Fighting Spirit: New Challenger,Hajime no Ippo: New Challenger,tvSeries,2009,2009,\N,"Action,Animation,Comedy",8.8,4925,0
334,tt9828724,Wise Man's Grandchild,Kenja no Mago,tvSeries,2019,2019,24,"Action,Adventure,Animation",6.8,4896,0
335,tt0138919,The Vision of Escaflowne,Tenkû no Esukafurône,tvSeries,1996,1996,30,"Action,Adventure,Animation",7.7,4890,0
336,tt5225764,Drifters,Drifters,tvSeries,2016,2018,24,"Action,Adventure,Animation",7.5,4881,0
337,tt2016670,Shiki,Shiki,tvSeries,2010,2011,24,"Animation,Drama,Horror",7.6,4879,0
338,tt28261206,Horimiya: The Missing Pieces,Horimiya -piece-,tvMiniSeries,2023,2023,\N,"Animation,Comedy,Drama",7.8,4874,0
339,tt28919914,"The 100 Girlfriends Who Really, Really, Really, Really, REALLY Love You",Kimi no Koto ga Daidaidaidaidaisuki na 100-nin no Kanojo,tvSeries,2023,\N,23,"Animation,Comedy,Romance",7.0,4868,0
340,tt0856348,Basilisk,Basilisk: Kôga ninpô chô,tvSeries,2005,2005,25,"Action,Adventure,Animation",7.8,4855,0
341,tt12809802,Splinter Cell: Deathwatch,Splinter Cell: Deathwatch,tvSeries,2025,\N,25,"Action,Adventure,Animation",6.8,4854,0
342,tt1114855,Bakugan Battle Brawlers,Bakugan batoru burorazu,tvSeries,2007,2012,25,"Action,Adventure,Animation",5.9,4839,0
343,tt0482424,Samurai 7,Samurai 7,tvSeries,2004,2004,\N,"Action,Adventure,Animation",7.6,4806,0
344,tt9789660,Transformers: War for Cybertron Trilogy,Transformers: War for Cybertron,tvSeries,2020,2021,30,"Action,Adventure,Animation",7.2,4781,0
345,tt0339955,Azumanga Daioh: The Animation,Azumanga daiô,tvMiniSeries,2002,2002,24,"Animation,Comedy,Fantasy",8.2,4768,0
346,tt10011298,Dragon's Dogma,Dragon's Dogma,tvSeries,2020,2020,\N,"Action,Adventure,Animation",6.2,4721,0
347,tt32766897,Ranma ½,Ranma ½,tvSeries,2024,\N,23,"Action,Adventure,Animation",7.9,4696,0
348,tt15792808,Aoashi,Ao Ashi,tvSeries,2022,2022,24,"Animation,Comedy,Drama",8.1,4693,0
349,tt7965802,Megalo Box,Megalobox,tvSeries,2018,2021,24,"Action,Animation,Drama",7.8,4693,0
350,tt2098308,Nichijou: My Ordinary Life,Nichijou,tvSeries,2011,2011,24,"Animation,Comedy,Sci-Fi",8.3,4688,0
351,tt24229160,Campfire Cooking in Another World with My Absurd Skill,Tondemo Skill de Isekai Hourou Meshi,tvSeries,2023,2025,23,"Adventure,Animation,Comedy",7.6,4653,0
352,tt0122356,The Mysterious Cities of Gold,Taiyô no ko Esuteban,tvSeries,1982,1983,28,"Adventure,Animation,Comedy",8.6,4616,0
353,tt0294885,Rurouni Kenshin: Reflection,Rurôni Kenshin: Seisô-hen,tvMiniSeries,2001,2002,42,"Adventure,Animation,Drama",8.0,4572,0
354,tt16755706,Lycoris Recoil,Rikorisu rikoiru,tvSeries,2022,2022,24,"Action,Animation,Comedy",7.6,4566,0
355,tt1587394,Lovely Complex,Lovely Complex,tvSeries,2007,2007,24,"Animation,Comedy,Romance",7.9,4546,0
356,tt0247902,Yu-Gi-Oh! Duel Monsters,Yu-Gi-Oh!,tvSeries,2000,2004,23,"Action,Adventure,Animation",8.2,4539,0
357,tt4603222,Plastic Memories,Purasutikku Memorîzu,tvSeries,2015,2015,24,"Animation,Drama,Romance",7.4,4537,0
358,tt11755260,The Daily Life of the Immortal King,Xian Wang de Richang Shenghuo,tvSeries,2020,\N,18,"Action,Adventure,Animation",7.1,4534,0
359,tt0816398,Planetes,Planetes,tvSeries,2003,2004,25,"Animation,Drama,Sci-Fi",8.1,4528,0
360,tt2902582,Danganronpa: The Animation,Danganronpa: Kibô no gakuen to zetsubô no kôkôsei - The animation,tvSeries,2013,2013,25,"Action,Animation,Crime",6.8,4528,0
361,tt2189248,Inazuma Eleven,Inazuma irebun,tvSeries,2008,2011,24,"Animation,Comedy,Family",8.3,4473,0
362,tt0266171,Outlaw Star,Outlaw Star,tvSeries,1998,2001,\N,"Action,Adventure,Animation",7.9,4456,0
363,tt8433216,Super Dragon Ball Heroes,Sûpâ Doragon Bôru Hîrôzu,tvSeries,2018,2024,10,"Action,Adventure,Animation",6.6,4456,0
364,tt1415054,Eden of the East,Higashi no Eden,tvMiniSeries,2009,2009,23,"Action,Animation,Comedy",7.4,4452,0
365,tt1992386,Black Lagoon: Roberta's Blood Trail,Black Lagoon: Roberta's Blood Trail,tvMiniSeries,2010,2011,34,"Action,Adventure,Animation",7.6,4437,0
366,tt0305051,Kiteretsu Daihyakka,Kiteretsu Daihyakka,tvSeries,1988,1996,25,"Animation,Family,Sci-Fi",4.7,4428,0
367,tt1161684,Rosario + Vampire,Rozario to banpaia,tvSeries,2008,2008,25,"Animation,Comedy,Fantasy",6.8,4425,0
368,tt3514596,Fighting Spirit: Rising,Hajime No Ippo: Rising,tvSeries,2013,2014,20,"Action,Animation,Comedy",8.7,4414,0
369,tt11405390,Darwin's Game,Dâuinzu gêmu: Darwin's Game,tvSeries,2020,2020,23,"Action,Animation,Drama",7.2,4402,0
370,tt2061551,Bunny Drop,Usagi doroppu,tvMiniSeries,2011,2012,24,"Animation,Comedy,Drama",8.2,4401,0
371,tt5025394,Gangsta.,Gyangusuta,tvSeries,2015,2015,24,"Action,Animation,Drama",7.2,4387,0
372,tt0110426,Macross Plus,Macross Plus,tvMiniSeries,1994,1995,35,"Adventure,Animation,Drama",7.8,4373,0
373,tt4219258,The Testament of Sister New Devil,Shinmai Maou no Testament,tvSeries,2015,2016,24,"Action,Animation,Comedy",6.5,4360,0
374,tt0088595,Robotech,Robotech,tvSeries,1985,1985,30,"Action,Adventure,Animation",8.5,4355,0
375,tt15237152,The Wrong Way to Use Healing Magic,Chiyu Mahô no Machigatta Tsukai-kata,tvSeries,2024,2024,24,"Action,Animation,Comedy",7.3,4344,0
376,tt2904418,Free!,Free!,tvSeries,2013,2018,24,"Animation,Comedy,Drama",7.3,4343,0
377,tt4831392,Monster Musume: Everyday Life with Monster Girls,Monster Musume no Iru Nichijou,tvMiniSeries,2015,2017,23,"Animation,Comedy,Fantasy",6.5,4337,0
378,tt13375866,Heaven Official's Blessing,Tian Guan Ci Fu,tvSeries,2020,\N,\N,"Action,Adventure,Animation",8.2,4328,0
379,tt5341430,"Grimgar, Ashes and Illusions",Hai to gensô no Grimgar,tvMiniSeries,2016,2016,24,"Adventure,Animation,Drama",7.3,4304,0
380,tt6074794,March Comes in Like a Lion,Sangatsu no Lion,tvSeries,2016,2018,25,"Animation,Comedy,Drama",8.2,4301,0
381,tt0091211,Fist of the North Star,Hokuto no Ken,tvSeries,1984,1988,25,"Action,Adventure,Animation",8.1,4295,0
382,tt4967674,Shimoneta: A Boring World Where the Concept of Dirty Jokes Doesn't Exist,Shimoneta to Iu gainen ga sonzai shinai taikutsu na sekai,tvSeries,2015,2015,22,"Animation,Comedy",6.9,4293,0
383,tt2309320,From the New World,Shin Sekai Yori,tvSeries,2012,2013,25,"Action,Adventure,Animation",7.8,4288,0
384,tt7088332,In Another World with My Smartphone,Isekai wa smartphone to tomo ni.,tvSeries,2017,2023,24,"Adventure,Animation,Comedy",6.4,4286,0
385,tt14837566,Captain Laserhawk: A Blood Dragon Remix,Captain Laserhawk: A Blood Dragon Remix,tvMiniSeries,2023,2024,22,"Action,Adventure,Animation",7.0,4283,0
386,tt12013558,BNA,BNA,tvSeries,2020,2020,23,"Animation,Comedy,Fantasy",7.1,4268,0
387,tt14272628,Super Crooks,Super Crooks,tvSeries,2021,2021,30,"Action,Adventure,Animation",7.1,4256,0
388,tt0316975,Digimon Frontier,Dejimon Furontia,tvSeries,2002,2003,\N,"Action,Adventure,Animation",6.8,4246,0
389,tt14641098,The Case Study of Vanitas,Vanitas no Carte,tvSeries,2021,2022,23,"Animation,Fantasy,Horror",7.6,4181,0
390,tt22986710,Buddy Daddies,Buddy Daddies,tvSeries,2023,2023,24,"Action,Animation,Comedy",8.0,4181,0
391,tt1534184,InuYasha: The Final Act,Inuyasha Kanketsu-hen,tvSeries,2009,2010,24,"Action,Adventure,Animation",8.4,4177,0
392,tt34119820,The Beginning After the End,"Saikyô no Ôsama, Nidome no Jinsei wa Nani wo Suru?",tvSeries,2025,\N,\N,"Action,Adventure,Animation",5.9,4174,0
393,tt0390733,Last Exile,Last Exile,tvSeries,2003,2003,\N,"Action,Adventure,Animation",7.8,4144,0
394,tt10777610,Toilet-bound Hanako-kun,Jibaku Shounen Hanako-kun,tvSeries,2020,2025,24,"Animation,Comedy,Fantasy",7.5,4144,0
395,tt1992935,Mononoke,Mononoke,tvMiniSeries,2007,2007,25,"Animation,Fantasy,Horror",8.1,4129,0
396,tt8670784,Angels of Death,Satsuriku no Tenshi,tvMiniSeries,2018,2018,24,"Adventure,Animation,Horror",6.5,4109,0
397,tt22301234,Onimusha,Onimusha,tvMiniSeries,2023,2023,30,"Action,Adventure,Animation",6.8,4102,0
398,tt12331342,Akudama Drive,Akudama Drive,tvMiniSeries,2020,2020,23,"Action,Animation,Crime",7.2,4078,0
399,tt0285368,Ghost Stories,Gakkô no kaidan,tvSeries,2000,2001,24,"Animation,Comedy,Fantasy",8.0,4061,0
400,tt1727444,Panty & Stocking with Garterbelt,Panty & Stocking with Garterbelt,tvSeries,2010,2025,23,"Action,Animation,Comedy",7.3,4033,0
401,tt2922300,Monogatari Series: Second Season,Monogatari Series: Second Season,tvSeries,2013,2013,25,"Adventure,Animation,Comedy",8.6,4026,0
402,tt11034066,"Welcome to Demon-School, Iruma-kun",Mairimashita! Iruma-kun,tvSeries,2019,2026,24,"Animation,Comedy,Drama",7.6,3971,0
403,tt6845846,Akashic Records of Bastard Magic Instructor,Roku de nashi majutsu kôshi to akashic records,tvMiniSeries,2017,2017,24,"Action,Animation,Comedy",7.0,3960,0
404,tt8225204,Golden Kamuy,Gôruden Kamui,tvSeries,2018,\N,24,"Action,Adventure,Animation",8.1,3958,0
405,tt32991344,Clevatess,Kurebatesu -Majû no Ô to Akago to Kabane no Yûsha-,tvSeries,2025,\N,\N,"Action,Animation,Drama",7.7,3951,0
406,tt15219320,Uncle from Another World,Isekai ojisan,tvMiniSeries,2022,2023,25,"Adventure,Animation,Comedy",7.3,3947,0
407,tt1610860,"Rainbow: The Seven from Compound Two, Cell Six",Rainbow: Nishakubou no shichinin,tvSeries,2010,2010,30,"Animation,Crime,Drama",8.2,3919,0
408,tt0061300,Speed Racer,Mahha GoGoGo,tvSeries,1967,1968,30,"Action,Adventure,Animation",7.2,3917,0
409,tt2341375,Kids on the Slope,Sakamichi no Apollon,tvMiniSeries,2012,2012,24,"Animation,Drama,Music",8.1,3911,0
410,tt12031040,Japan Sinks: 2020,Nihon Chinbotsu 2020,tvMiniSeries,2020,2020,25,"Adventure,Animation,Drama",6.4,3904,0
411,tt28466465,Rick and Morty: The Anime,Rick and Morty: The Anime,tvMiniSeries,2024,2024,\N,"Adventure,Animation,Comedy",3.1,3898,0
412,tt1068993,School Days,Sukûru deizu,tvMiniSeries,2007,2007,\N,"Animation,Drama,Horror",5.8,3888,0
413,tt2178501,Nisemonogatari,Nisemonogatari,tvMiniSeries,2012,2012,25,"Animation,Comedy,Drama",7.6,3858,0
414,tt0805448,Saint Seiya: The Hades Chapter,Seinto Seiya: Meiô Hâdesu jûnikyû-hen,tvSeries,2002,2008,25,"Action,Adventure,Animation",8.5,3855,0
415,tt4567010,Perman,Perman,tvSeries,1983,1985,15,"Adventure,Animation,Comedy",5.9,3846,0
416,tt4906830,Attack on Titan: Junior High,Attack on Titan: Junior High,tvMiniSeries,2015,2015,17,"Action,Adventure,Animation",7.2,3846,0
417,tt10954274,ID:Invaded,ID: Invaded,tvMiniSeries,2020,2020,24,"Animation,Crime,Drama",7.5,3845,0
418,tt7808344,Karakai Jouzu no Takagi-san,Karakai Jouzu no Takagi-san,tvSeries,2018,2022,23,"Animation,Comedy,Romance",7.7,3825,0
419,tt3218680,Pokémon Origins,Poketto monsutâ Ji Orijin,tvMiniSeries,2013,2013,25,"Action,Adventure,Animation",7.8,3823,0
420,tt13544802,Seirei Gensouki: Spirit Chronicles,Seirei Gensouki,tvSeries,2021,2024,23,"Action,Adventure,Animation",7.2,3812,0
421,tt0409630,Texhnolyze,Tekunoraizu,tvSeries,2003,2003,24,"Animation,Crime,Drama",7.5,3803,0
422,tt0433498,Kino's Journey,Kino no tabi,tvSeries,2003,2003,\N,"Adventure,Animation,Drama",8.3,3797,0
423,tt32332831,Makeine: Too Many Losing Heroines!,Make Hiroin ga Ôsugiru!,tvSeries,2024,2024,\N,"Animation,Comedy,Drama",7.4,3797,0
424,tt3257166,Black Bullet,Black Bullet,tvSeries,2014,2014,25,"Action,Animation,Mystery",6.8,3792,0
425,tt8673610,Cells at Work!,Hataraku Saibou,tvSeries,2018,2021,24,"Action,Adventure,Animation",7.5,3757,0
426,tt13399402,How a Realist Hero Rebuilt the Kingdom,Genjitsu-shugi-yûsha no ôkoku-saiken-ki,tvSeries,2021,2022,24,"Action,Animation,Comedy",7.2,3726,0
427,tt3443522,Mushi-Shi: Next Passage,Mushishi Zoku Shou,tvSeries,2014,2015,24,"Animation,Drama,Fantasy",8.8,3690,0
428,tt0295080,Digimon Tamers,Dejimon Teimâzu,tvSeries,2001,2002,\N,"Action,Adventure,Animation",7.6,3683,0
429,tt2180883,Daily Lives of High School Boys,Danshi kôkôsei no nichijô,tvSeries,2012,2012,24,"Animation,Comedy,Drama",7.7,3669,0
430,tt3114376,Beyond the Boundary,Kyoukai no kanata,tvSeries,2013,2014,24,"Action,Animation,Comedy",7.2,3668,0
431,tt7521578,Citrus,Citrus,tvMiniSeries,2018,2018,24,"Animation,Drama,Romance",6.5,3649,0
432,tt26916286,Pokémon Concierge,Pokemon Konsheruju,tvMiniSeries,2023,\N,20,"Adventure,Animation,Comedy",7.5,3633,0
433,tt14271890,Mieruko-chan,Mieruko-chan,tvSeries,2021,2021,24,"Animation,Comedy,Fantasy",7.1,3627,0
434,tt0296386,The Wonderful Adventures of Nils,Nirusu no fushigi na tabi,tvSeries,1980,1981,24,"Adventure,Animation,Family",7.5,3620,0
435,tt14642342,Sonny Boy,Sonny Boy,tvMiniSeries,2021,2021,\N,"Adventure,Animation,Drama",7.7,3608,0
436,tt13929756,Skull Island,Skull Island,tvSeries,2023,2023,20,"Action,Adventure,Animation",6.5,3587,0
437,tt3950092,Wolf Girl & Black Prince,Ookami shoujo to kuro ouji,tvMiniSeries,2014,2015,24,"Animation,Comedy,Romance",6.9,3587,0
438,tt0765491,Eureka Seven,Kôkyô shihen Eureka Sebun,tvSeries,2005,2006,25,"Action,Adventure,Animation",7.7,3583,0
439,tt7836688,A Place Further Than the Universe,Sora yori mo tôi basho,tvMiniSeries,2018,2018,23,"Adventure,Animation,Comedy",8.1,3563,0
440,tt1674928,Beyblade: Metal Fusion,Metaru Faito Beibureedo,tvSeries,2009,2013,30,"Action,Animation,Family",7.0,3528,0
441,tt0159172,Mobile Suit Gundam,Kidô Senshi Gandamu,tvSeries,1979,1980,30,"Action,Adventure,Animation",7.9,3525,0
442,tt21927720,Undead Unluck,Undead Unluck,tvSeries,2023,\N,24,"Action,Adventure,Animation",7.4,3520,0
443,tt7712706,Death March to the Parallel World Rhapsody,Desu Mâchi Kara Hajimaru Isekai Kyôsôkyoku,tvMiniSeries,2018,2018,24,"Adventure,Animation,Comedy",6.5,3510,0
444,tt3532752,Trinity Seven,Trinity Seven: 7-nin no Masho Tsukai,tvMiniSeries,2014,2015,24,"Action,Animation,Comedy",6.7,3499,0
445,tt4623042,Yamada-kun to 7-nin no Majo,Yamada-kun to 7-nin no Majo,tvSeries,2014,2015,24,"Animation,Comedy,Fantasy",7.2,3478,0
446,tt14476236,Skeleton Knight in Another World,"Gaikotsu Kishi-sama, Tadaima isekai e odekake-chû",tvMiniSeries,2022,2026,23,"Action,Adventure,Animation",7.0,3474,0
447,tt0362344,Silver Fang,Ginga: Nagareboshi Gin,tvSeries,1986,1986,25,"Action,Adventure,Animation",8.8,3472,0
448,tt6472710,"As the Moon, So Beautiful",Tsuki ga kirei,tvMiniSeries,2017,2017,24,"Animation,Drama,Romance",7.7,3462,0
449,tt4379632,Blood Blockade Battlefront,Kekkai Sensen,tvSeries,2015,2017,24,"Action,Adventure,Animation",7.1,3458,0
450,tt0100044,Record of the Lodoss War,Rôdosu-tô senki,tvSeries,1990,1991,25,"Action,Adventure,Animation",7.5,3441,0
451,tt6424454,Fate/Apocrypha,Fate/Apocrypha,tvSeries,2017,2017,24,"Action,Animation,Drama",6.6,3401,0
452,tt7978710,Sword Art Online Alternative: Gun Gale Online,Sword Art Online Alternative: Gun Gale Online,tvSeries,2018,2024,24,"Action,Adventure,Animation",6.8,3397,0
453,tt5701624,Haven't You Heard? I'm Sakamoto,Sakamoto desu ga?,tvMiniSeries,2016,2016,24,"Animation,Comedy",7.1,3390,0
454,tt9466298,Ghost in the Shell: SAC_2045,Kôkaku Kidôtai SAC_2045,tvSeries,2020,2022,25,"Action,Animation,Crime",6.4,3378,0
455,tt5987956,Blue Exorcist: Kyoto Saga,Ao no ekusoshisuto: Kyoto fujô ô-hen,tvSeries,2017,2017,24,"Action,Animation,Drama",7.3,3371,0
456,tt14400866,A Couple of Cuckoos,Kakkou no Iinazuke,tvSeries,2022,2025,23,"Animation,Comedy,Romance",6.8,3355,0
457,tt1352421,Natsume's Book of Friends,Natsume yûjinchô,tvSeries,2008,2025,24,"Animation,Comedy,Drama",8.1,3351,0
458,tt11428630,"Bofuri: I Don't Want to Get Hurt, So I'll Max Out My Defense",Itai no wa Iya nano de Bougyoryoku ni Kyokufuri Shitai to Omoimasu,tvSeries,2020,2023,24,"Action,Adventure,Animation",7.3,3347,0
459,tt22249034,Rurouni Kenshin,Rurôni Kenshin: Meiji kenkaku romantan,tvSeries,2023,\N,24,"Action,Adventure,Animation",7.9,3347,0
460,tt28685624,7th Time Loop: The Villainess Enjoys a Carefree Life Married to Her Worst Enemy,"Loop 7-kaime no Akuyaku Reijô wa, Moto Tekikoku de Jiyû Kimama na Hanayome Seikatsu wo Mankitsu suru",tvMiniSeries,2024,2024,\N,"Animation,Fantasy,Romance",7.4,3338,0
461,tt36034547,You and I Are Polar Opposites,Seihantai na Kimi to Boku,tvSeries,2026,\N,\N,"Animation,Comedy,Romance",8.1,3324,0
462,tt1068433,When They Cry: Kai,Higurashi no naku koro ni: Kai,tvSeries,2007,2007,25,"Animation,Drama,Horror",8.0,3297,0
463,tt1339238,Sekirei,Sekirei,tvSeries,2008,2010,23,"Action,Animation,Comedy",7.2,3294,0
464,tt1029248,Moribito: Guardian of the Spirit,Seirei no moribito,tvSeries,2007,2007,25,"Action,Adventure,Animation",8.2,3293,0
465,tt12598008,"So I'm a Spider, So What?","Kumo Desu ga, Nanika?",tvSeries,2021,2021,24,"Action,Adventure,Animation",7.2,3278,0
466,tt18311412,NieR:Automata Ver1.1a,NieR: Automata Ver 1.1a,tvSeries,2023,\N,23,"Action,Adventure,Animation",7.3,3278,0
467,tt12728856,The Hidden Dungeon Only I Can Enter,Ore dake Haireru Kakushi Dungeon,tvMiniSeries,2021,2021,24,"Action,Adventure,Animation",6.4,3273,0
468,tt2645500,Haganai: I Don't Have Many Friends,Boku wa tomodachi ga sukunai,tvSeries,2011,2013,25,"Animation,Comedy,Drama",6.9,3268,0
469,tt1636694,Demon King Daimao,Ichiban ushiro no daimaou,tvSeries,2010,2010,24,"Action,Animation,Comedy",6.5,3262,0
470,tt14980764,Sasaki and Miyano,Sasaki to Miyano,tvMiniSeries,2022,2022,24,"Animation,Comedy,Drama",7.8,3256,0
471,tt2575678,Nekomonogatari: Black,Nekomonogatari (Kuro),tvMiniSeries,2012,2012,24,"Animation,Comedy,Drama",7.4,3221,0
472,tt31624309,I Was Reincarnated as the 7th Prince So I Can Take My Time Perfecting My Magical Ability,"Tensei Shitara Dainana Ouji Datta Node, Kimama ni Majutsu wo Kiwamemasu",tvSeries,2024,\N,24,"Adventure,Animation,Comedy",6.9,3218,0
473,tt11163352,The Disastrous Life of Saiki K.: Reawakened,The Disastrous Life of Saiki K.: Reawakened,tvSeries,2019,2019,\N,"Animation,Comedy",7.9,3215,0
474,tt6538106,My First Girlfriend Is a Gal,Hajimete no gyaru,tvMiniSeries,2017,2017,24,"Animation,Comedy,Drama",6.2,3202,0
475,tt16156718,Skip and Loafer,Skip to Loafer,tvSeries,2023,2023,23,"Animation,Comedy,Drama",7.8,3200,0
476,tt1738419,Bakuman.,Bakuman.,tvSeries,2010,2013,24,"Animation,Comedy,Drama",8.0,3200,0
477,tt38491451,Tatsuki Fujimoto 17-26,Tatsuki Fujimoto 17-26,tvSeries,2025,\N,\N,"Animation,Drama,Fantasy",7.9,3194,0
478,tt2250034,Kokoro Connect,Kokoro Connect,tvMiniSeries,2012,2012,\N,"Animation,Comedy,Drama",7.4,3193,0
479,tt1233119,Shigurui: Death Frenzy,Shigurui,tvMiniSeries,2007,2007,24,"Action,Animation,Drama",7.7,3189,0
480,tt16156736,Chained Soldier,Mato Seihei no Slave,tvSeries,2024,\N,\N,"Action,Animation,Fantasy",6.4,3180,0
481,tt29521186,Chillin' in Another World with Level 2 Super Cheat Powers,Lv2 kara Cheat datta Motoyûsha Kôho no Mattari Isekai Life,tvSeries,2024,2024,\N,"Adventure,Animation,Comedy",6.8,3179,0
482,tt12464182,Uzaki-chan Wants to Hang Out!,Uzaki-chan wa Asobitai!,tvSeries,2020,2022,24,"Animation,Comedy,Drama",6.8,3169,0
483,tt37532356,Daemons of the Shadow Realm,Yomi no Tsugai,tvSeries,2026,\N,\N,"Action,Adventure,Animation",7.8,3163,0
484,tt6197170,Scum's Wish,Kuzu no honkai,tvMiniSeries,2017,2017,22,"Animation,Drama,Romance",6.7,3155,0
485,tt0434662,Beck: Mongolian Chop Squad,Beck: Mongolian Chop Squad,tvMiniSeries,2004,2005,25,"Animation,Drama,Music",8.2,3142,0
486,tt12502782,Shaman King,Shâman Kingu,tvSeries,2021,2022,23,"Action,Adventure,Animation",6.9,3139,0
487,tt2963556,"WATAMOTE: No Matter How I Look at It, It's You Guys' Fault I'm Not Popular!",Watashi ga motenai no wa dô kangaetemo omaera ga warui!,tvMiniSeries,2013,2013,25,"Animation,Comedy,Drama",7.1,3135,0
488,tt4616700,Ore Monogatari!!,Ore Monogatari!!,tvSeries,2015,2015,24,"Animation,Comedy,Romance",7.7,3108,0
489,tt0791163,Trinity Blood,Trinity Blood,tvSeries,2005,2005,\N,"Action,Animation,Drama",7.0,3105,0
490,tt30277745,Gundam: Requiem for Vengeance,Kidô senshi Gandamu: Fukushû no Requiem,tvSeries,2024,2024,22,"Action,Adventure,Animation",6.5,3102,0
491,tt0437719,Gankutsuou: The Count of Monte Cristo,Gankutsu-ô,tvSeries,2004,2005,24,"Animation,Drama,Mystery",7.8,3100,0
492,tt7784442,Captain Tsubasa,Captain Tsubasa,tvSeries,2018,2019,22,"Animation,Drama,Family",8.1,3099,0
493,tt2377452,K: Return of Kings,K,tvSeries,2012,2015,24,"Action,Animation,Drama",7.0,3088,0
494,tt35636246,My Hero Academia: Vigilantes,Vijirante Boku no Hîrô Akademia Irîgarusu,tvSeries,2025,\N,\N,"Action,Adventure,Animation",7.2,3088,0
495,tt0374407,Mobile Suit Gundam SEED,Kidô senshi Gundam Seed,tvSeries,2002,2003,50,"Action,Adventure,Animation",7.7,3086,0
496,tt21216104,Trigun Stampede,Trigun Stampede,tvSeries,2023,2026,24,"Action,Adventure,Animation",7.3,3076,0
497,tt5095466,The Asterisk War,Gakusen toshi asterisk,tvSeries,2015,2016,23,"Action,Animation,Comedy",6.8,3075,0
498,tt1086236,Lucky Star,Lucky Star,tvSeries,2007,2008,25,"Animation,Comedy",7.4,3074,0
499,tt1134000,Mobile Suit Gundam 00,Kidô Senshi Gundam 00,tvSeries,2007,2009,24,"Action,Animation,Drama",8.0,3069,0
500,tt0981456,Baki the Grappler,Gurappurâ Baki,tvSeries,2001,2007,\N,"Action,Animation,Drama",7.5,3066,0
501,tt8253044,Hinamatsuri,Hinamatsuri,tvSeries,2018,2018,24,"Animation,Comedy,Fantasy",7.8,3065,0
502,tt11595706,Interspecies Reviewers,Ishuzoku Rebyuâzu,tvSeries,2020,2020,23,"Animation,Comedy,Fantasy",7.1,3062,0
503,tt0830298,Fantastic Four: World's Greatest Heroes,Fantastic Four: World's Greatest Heroes,tvSeries,2006,2010,30,"Action,Animation,Comedy",6.7,3061,0
504,tt1634209,Kiss x sis,Kiss x sis,tvSeries,2010,2010,24,"Animation,Comedy,Drama",5.9,3061,0
505,tt21249100,Black Summoner,Kuro no Shoukanshi,tvMiniSeries,2022,2022,\N,"Action,Animation,Fantasy",7.1,3059,0
506,tt7790776,Land of the Lustrous,Houseki no Kuni,tvSeries,2017,2017,24,"Action,Adventure,Animation",7.9,3048,0
507,tt3127798,Corpse Party: Tortured Souls,Corpse Party: Tortured Souls,tvMiniSeries,2013,2013,29,"Animation,Horror,Mystery",6.3,3043,0
508,tt4431276,Magi: Adventures of Sinbad,Magi: Shindobaddo no bôken,tvMiniSeries,2016,2016,24,"Adventure,Animation,Fantasy",7.4,3025,0
509,tt18561422,Vermeil in Gold,Kinsô no Vermeil ~Gakeppuchi majutsushi wa saikyô no yakusai to mahô sekai wo tsukisusumu~,tvMiniSeries,2022,2022,24,"Action,Animation,Comedy",6.7,3023,0
510,tt12117218,The Millionaire Detective - Balance: UNLIMITED,Fugô Keiji Balance: UNLIMITED,tvMiniSeries,2020,2020,23,"Animation,Crime,Drama",7.2,3020,0
511,tt1685407,Black Butler II,Kuroshitsuji II,tvSeries,2010,2011,\N,"Action,Animation,Comedy",7.3,3016,0
512,tt1690397,Tomorrow's Joe,Ashita no Jô,tvSeries,1970,1981,25,"Action,Animation,Drama",8.8,3010,0
513,tt8107988,Carole & Tuesday,Kyaroru & Chûzudei,tvSeries,2019,2019,22,"Animation,Drama,Music",7.7,3003,0
514,tt17736234,"Bastard!! Heavy Metal, Dark Fantasy",Basutado!! Ankoku no hakaishin,tvSeries,2022,2023,25,"Action,Adventure,Animation",6.5,2994,0
515,tt0318895,Hamtaro,Tottoko Hamutaro,tvSeries,2000,2006,30,"Adventure,Animation,Comedy",6.4,2968,0
516,tt19223420,Farming Life in Another World,Isekai nonbiri nôka,tvMiniSeries,2023,2026,\N,"Animation,Fantasy,Romance",7.3,2967,0
517,tt3124992,Sailor Moon Crystal,Bishôjo senshi Sêrâ Mûn Crystal,tvSeries,2014,2021,24,"Action,Adventure,Animation",7.8,2961,0
518,tt0220218,Cyber City Oedo 808,Saibâ shiti Oedo 808,tvMiniSeries,1990,1991,40,"Action,Adventure,Animation",7.5,2957,0
519,tt8699270,Ultraman,Ultraman,tvSeries,2019,2023,25,"Action,Adventure,Animation",6.7,2952,0
520,tt8963328,Hi Score Girl,Hai Sukoa Garu,tvSeries,2018,2019,25,"Animation,Comedy,Romance",7.9,2943,0
521,tt33060122,Rascal Does Not Dream of Santa Claus,Seishun buta yarô wa Santa Kurôsu no yume wo minai,tvSeries,2025,2025,\N,"Animation,Comedy,Drama",8.1,2938,0
522,tt2350826,No. 6,No. 6,tvMiniSeries,2011,2011,\N,"Adventure,Animation,Drama",7.3,2937,0
523,tt9826344,"Why the Hell Are You Here, Teacher!?",Nande Koko ni Sensei ga!?,tvSeries,2019,2019,12,"Animation,Short",6.4,2937,0
524,tt28685497,Berserk of Gluttony,Bôshoku no Berserk,tvSeries,2023,2023,24,"Action,Animation,Fantasy",6.8,2929,0
525,tt0978553,The Familiar of Zero,Zero no tsukaima,tvMiniSeries,2006,2006,24,"Action,Adventure,Animation",6.9,2926,0
526,tt25809288,The Reincarnation of the Strongest Exorcist in Another World,Saikyou Onmyouji no Isekai Tenseiki,tvMiniSeries,2023,2023,23,"Action,Adventure,Animation",7.1,2894,0
527,tt0185070,UFO Robo Grendizer,UFO robo: Gurendaizâ,tvSeries,1975,1977,26,"Action,Adventure,Animation",8.4,2891,0
528,tt2070571,X-Men,X-Men,tvMiniSeries,2011,2011,23,"Action,Animation,Drama",6.7,2889,0
529,tt30177477,The Unwanted Undead Adventurer,Nozomanu Fushi no Bôkensha,tvSeries,2024,2024,\N,"Action,Adventure,Animation",7.3,2880,0
530,tt3639888,Black Butler: Book of Circus,Kuroshitsuji: Book of Circus,tvSeries,2014,2014,24,"Animation,Comedy,Crime",8.1,2879,0
531,tt0078570,Lady Oscar: The Rose of Versailles,Berusaiyu no bara,tvSeries,1979,1980,24,"Action,Animation,Drama",8.3,2876,0
532,tt28685470,Ragna Crimson,Ragna Crimson,tvSeries,2023,2024,24,"Action,Adventure,Animation",7.2,2876,0
533,tt13628870,Harem in the Labyrinth of Another World,Isekai Meikyuu de Harem o,tvMiniSeries,2022,2022,24,"Action,Adventure,Animation",6.4,2875,0
534,tt28279848,Suicide Squad Isekai,Suicide Squad Isekai,tvSeries,2024,2024,25,"Action,Adventure,Animation",6.2,2873,0
535,tt7155052,Tsuredure Children,Tsuredure Children,tvMiniSeries,2017,2017,13,"Animation,Comedy,Romance",7.2,2870,0
536,tt22889156,The Magical Revolution of the Reincarnated Princess and the Genius Young Lady,Tensei Oujo to Tensai Reijou no Mahou Kakumei,tvSeries,2023,2023,\N,"Adventure,Animation,Comedy",7.6,2860,0
537,tt8993464,Bloom Into You,Yagate Kimi ni Naru,tvMiniSeries,2018,2018,24,"Animation,Drama,Romance",7.8,2846,0
538,tt8565136,Sirius the Jaeger,Sirius the Jaeger,tvSeries,2018,2018,25,"Action,Animation,History",6.7,2845,0
539,tt1424037,Kenichi: The Mightiest Disciple,Shijou Saikyou no Deshi Kenichi,tvSeries,2006,2014,25,"Action,Animation,Comedy",8.0,2818,0
540,tt22445494,Berserk: The Golden Age Arc - Memorial Edition,Beruseruku Ôgon Jidai-hen Memoriaru Edishon,tvSeries,2022,2022,25,"Action,Adventure,Animation",8.3,2810,0
541,tt5274556,Owarimonogatari,Owarimonogatari,tvMiniSeries,2015,2017,24,"Animation,Comedy,Fantasy",8.4,2804,0
542,tt7814574,Junji Ito Collection,Junji Itô: Korekushon,tvMiniSeries,2018,2018,24,"Animation,Drama,Horror",6.8,2800,0
543,tt2760784,Blood Lad,Blood Lad,tvMiniSeries,2013,2013,24,"Action,Animation,Comedy",6.9,2797,0
544,tt0159175,Lupin the Third Part 1,Rupan sansei,tvSeries,1971,1972,23,"Action,Adventure,Animation",7.8,2794,0
545,tt5344382,Mobile Suit Gundam: Iron-Blooded Orphans,Kidou Senshi Gundam: Tekketsu no Orphans,tvSeries,2015,2017,24,"Action,Animation,Drama",7.9,2790,0
546,tt32741637,I'm Getting Married to a Girl I Hate in My Class,Kurasu no Daikirai na Joshi to Kekkon Suru Koto ni Natta.,tvSeries,2025,2025,\N,"Animation,Comedy,Romance",6.8,2789,0
547,tt13887556,Thus Spoke Kishibe Rohan,Thus Spoke Kishibe Rohan,tvMiniSeries,2017,2021,24,"Action,Adventure,Animation",7.5,2775,0
548,tt0129712,Saber Rider and the Star Sheriffs,Saber Rider and the Star Sheriffs,tvSeries,1987,1988,23,"Action,Adventure,Animation",8.4,2774,0
549,tt0243694,Digimon Adventure 02,Dejimon adobenchâ 02,tvSeries,2000,2001,30,"Action,Adventure,Animation",7.4,2774,0
550,tt1807824,Wakfu,Wakfu,tvSeries,2007,2027,22,"Action,Adventure,Animation",8.2,2772,0
551,tt1882240,Beelzebub,Beelzebub,tvSeries,2011,2012,\N,"Action,Animation,Comedy",7.4,2769,0
552,tt5023666,The Heroic Legend of Arslan,Arslan Senki,tvSeries,2015,2016,24,"Action,Adventure,Animation",7.5,2762,0
553,tt0278855,Vicky the Viking,Chîsana baikingu Bikke,tvSeries,1974,1975,23,"Adventure,Animation,Comedy",7.1,2760,0
554,tt0144069,Street Fighter II: V,Sutorîto Faitâ Tsû Bui,tvSeries,1995,1995,22,"Action,Adventure,Animation",7.5,2752,0
555,tt0498443,Paradise Kiss,Paradise Kiss,tvSeries,2005,2005,23,"Animation,Comedy,Drama",7.8,2738,0
556,tt13229934,Godzilla Singular Point,Gojira shingyura pointo,tvMiniSeries,2021,2021,24,"Action,Animation,Sci-Fi",6.5,2727,0
557,tt3544556,Aldnoah.Zero,Aldnoah.Zero,tvSeries,2014,2015,25,"Action,Adventure,Animation",7.1,2724,0
558,tt32469108,Failure Frame: I Became the Strongest and Annihilated Everything with Low-Level Spells,Hazurewaku no [Jôtai Ijô Sukiru] de Saikyô ni Natta Ore ga Subete o Jûrin Suru Made,tvMiniSeries,2024,2024,\N,"Action,Adventure,Animation",6.8,2723,0
559,tt0131190,Ulysses 31,Ulysse 31,tvSeries,1981,1982,25,"Action,Adventure,Animation",8.0,2722,0
560,tt1890725,Blood-C,Blood-C,tvSeries,2011,2011,\N,"Action,Animation,Fantasy",6.2,2715,0
561,tt12853970,Shinchan,Kureyon Shinchan,tvSeries,1992,\N,25,"Animation,Comedy,Family",8.5,2714,0
562,tt0293731,Medabots,Medabots,tvSeries,1999,2004,30,"Action,Adventure,Animation",6.8,2713,0
563,tt1308089,A Certain Magical Index,To aru majutsu no indekkusu,tvSeries,2008,2019,23,"Action,Animation,Comedy",6.7,2713,0
564,tt13167196,Edens Zero,Edens Zero,tvSeries,2021,2023,25,"Action,Adventure,Animation",7.1,2705,0
565,tt32344704,Tougen Anki: Dark Demon of Paradise,Tougen Anki,tvSeries,2025,\N,\N,"Action,Animation,Fantasy",6.5,2701,0
566,tt14935960,Takt Op. Destiny,Takt Op. Destiny,tvSeries,2021,2021,24,"Action,Adventure,Animation",6.7,2692,0
567,tt13483212,"Banished from the Hero's Party, I Decided to Live a Quiet Life in the Countryside","Shin no Nakama ja Nai to Yuusha no Party o Oidasareta node, Henkyou de Slow Life Suru Koto ni Shimashita",tvSeries,2021,2024,25,"Adventure,Animation,Comedy",6.7,2684,0
568,tt2152368,Seinto Seiya: The Lost Canvas - Meio Shinwa,Seinto Seiya: The Lost Canvas - Meiô Shinwa,tvSeries,2009,2011,24,"Action,Adventure,Animation",8.2,2684,0
569,tt0248119,Jojo's Bizarre Adventure,JoJo no Kimyô na Bôken,tvMiniSeries,1993,2002,30,"Action,Adventure,Animation",7.7,2683,0
570,tt37614297,Smoking Behind the Supermarket with You,Super no ura de yani sû futari,tvSeries,2026,\N,\N,"Animation,Comedy,Romance",8.3,2655,0
571,tt2339875,Accel World,Accel World,tvSeries,2012,2023,24,"Action,Animation,Romance",6.9,2647,0
572,tt0280240,The Big O,The Big O,tvSeries,1999,2003,25,"Action,Adventure,Animation",7.5,2644,0
573,tt10483250,Astra Lost in Space,Kanata no Astra,tvMiniSeries,2019,2019,23,"Adventure,Animation,Mystery",7.9,2642,0
574,tt1679482,Supernatural: The Animation,Supernatural: The Anime,tvSeries,2011,2011,23,"Adventure,Animation,Drama",7.3,2640,0
575,tt4958610,Rokka: Braves of the Six Flowers,Rokka no Yuusha,tvMiniSeries,2015,2015,24,"Action,Adventure,Animation",6.8,2634,0
576,tt1196027,Rin: Daughters of Mnemosyne,Munemoshune no musume tachi,tvMiniSeries,2008,2008,45,"Action,Animation,Drama",7.0,2629,0
577,tt0142183,Super Dimension Fortress Macross,Choujikuu Yousai Macross,tvSeries,1982,1995,25,"Action,Adventure,Animation",8.4,2623,0
578,tt5240222,God Eater,God Eater,tvSeries,2015,2016,24,"Action,Animation,Sci-Fi",6.9,2619,0
579,tt13411814,World's End Harem,Shuumatsu no Harem,tvMiniSeries,2021,2022,24,"Animation,Drama,Romance",5.8,2618,0
580,tt1743681,"Yosuga no Sora: In Solitude, Where We Are Least Alone",Yosuga no sora,tvMiniSeries,2010,2010,25,"Animation,Drama,Romance",6.0,2611,0
581,tt0237765,Sonic the Hedgehog: The Movie,Sonikku za hejjihoggu,tvMiniSeries,1996,1996,60,"Action,Adventure,Animation",6.4,2601,0
582,tt15483602,Reincarnated as a Sword,Tensei shitara ken deshita,tvSeries,2022,\N,24,"Action,Adventure,Animation",7.3,2600,0
583,tt0112166,The Slayers,Sureiyâzu,tvSeries,1995,2009,25,"Action,Adventure,Animation",7.5,2596,0
584,tt27404658,The Aristocrat's Otherworldly Adventure: Serving Gods Who Go Too Far,Tensei Kizoku no Isekai Boukenroku: Jichou wo Shiranai Kamigami no Shito,tvMiniSeries,2023,2023,23,"Action,Animation,Fantasy",6.9,2582,0
585,tt0338621,Kirby: Right Back at Ya!,Hoshi no Kirby,tvSeries,2001,2003,24,"Action,Adventure,Animation",7.0,2579,0
586,tt13956452,The Executioner and Her Way of Life,Shokei Shoujo no Virgin Road,tvSeries,2022,2022,30,"Action,Adventure,Animation",7.3,2576,0
587,tt12885610,Noblesse,Noblesse,tvMiniSeries,2020,2020,24,"Action,Adventure,Animation",7.0,2575,0
588,tt0205410,Revolutionary Girl Utena,Shôjo kakumei Utena,tvSeries,1997,1997,24,"Animation,Comedy,Drama",8.1,2570,0
589,tt0279570,Love Hina,Rabu Hina,tvSeries,2000,2001,544,"Animation,Comedy,Drama",6.9,2566,0
590,tt0247874,Initial D: Second Stage,Initial D: Second Stage,tvSeries,1999,2000,\N,"Action,Animation,Comedy",8.2,2547,0
591,tt32395862,I Parry Everything,Ore wa Subete wo [Parî] Suru ~Gyaku Kanchigai no Sekai Saikyô wa Bôkensha ni Naritai~,tvSeries,2024,2024,\N,"Action,Adventure,Animation",7.1,2540,0
592,tt2269368,Aesthetica of a Rogue Hero,Hagure Yusha no Aestetica,tvSeries,2012,2013,23,"Action,Animation,Fantasy",6.7,2536,0
593,tt0435031,Hunter x Hunter: Original Video Animation,Hunter X Hunter OVA,tvMiniSeries,2002,2002,24,"Action,Adventure,Animation",8.6,2530,0
594,tt10320398,Keep Your Hands Off Eizouken!,Eizouken ni wa Te wo Dasu na!,tvSeries,2020,2020,24,"Animation,Comedy,Drama",8.1,2530,0
595,tt13676300,Platinum End,Platinum End,tvSeries,2021,2022,24,"Action,Animation,Drama",6.0,2525,0
596,tt31596104,"The Ossan Newbie Adventurer, Trained to Death by the Most Powerful Party, Became Invincible","Shinmai Ossan Bôkensha, Saikyô Party ni Shinu Hodo Kitaerarete Muteki ni Naru.",tvSeries,2024,2024,24,"Action,Adventure,Animation",7.2,2525,0
597,tt0076983,Battle of the Planets,Battle of the Planets,tvSeries,1978,1980,30,"Action,Adventure,Animation",7.6,2523,0
598,tt7742120,Laid-Back Camp,Yurukyan,tvSeries,2018,\N,24,"Adventure,Animation,Comedy",8.1,2520,0
599,tt0327386,The Twelve Kingdoms,Juuni Kokuki,tvSeries,2002,2003,\N,"Adventure,Animation,Drama",7.8,2510,0
600,tt4834194,Yu-Gi-Oh!,Yu-Gi-Oh!,tvSeries,1998,1998,24,"Adventure,Animation,Comedy",7.7,2507,0
601,tt39050141,Love Through a Prism,Purizumu Rondo,tvSeries,2026,\N,24,"Animation,Drama,History",8.2,2506,0
602,tt11988478,Gleipnir,Gleipnir,tvSeries,2020,2020,24,"Action,Animation,Fantasy",6.7,2502,0
603,tt3621678,Hanamonogatari,Hanamonogatari,tvMiniSeries,2014,2014,25,"Animation,Comedy,Fantasy",7.5,2501,0
604,tt15447890,The Greatest Demon Lord Is Reborn as a Typical Nobody,"Shijô saikyô no daimaô, murabito A ni tensei suru",tvMiniSeries,2022,2022,23,"Action,Adventure,Animation",6.2,2495,0
605,tt10885406,Ascendance of a Bookworm,Honzuki no Gekokujou,tvSeries,2019,2026,23,"Adventure,Animation,Comedy",7.8,2493,0
606,tt1929675,Infinite Stratos,Infinite Stratos,tvSeries,2011,2016,24,"Action,Animation,Comedy",6.5,2490,0
607,tt31514720,Re: Monster,Re: Monster,tvMiniSeries,2024,2024,\N,"Action,Adventure,Animation",6.5,2487,0
608,tt9402026,Run with the Wind,Kaze ga tsuyoku fuiteiru,tvSeries,2018,2019,23,"Animation,Comedy,Sport",8.3,2485,0
609,tt1528567,Heaven's Lost Property,Sora no otoshimono,tvSeries,2009,2010,\N,"Action,Adventure,Animation",7.1,2484,0
610,tt13186542,Kemono Jihen,Kemono Jihen,tvSeries,2021,2021,24,"Action,Animation,Fantasy",7.2,2482,0
611,tt0476042,Gunslinger Girl,Gunslinger Girl,tvMiniSeries,2003,2008,24,"Action,Animation,Crime",7.3,2474,0
612,tt36592736,The Water Magician,Mizuzokusei no Mahoutsukai,tvSeries,2025,2025,\N,"Action,Adventure,Animation",6.9,2474,0
613,tt0078560,Anne of Green Gables,Akage no An,tvSeries,1979,1979,24,"Animation,Drama,Family",7.7,2468,0
614,tt1196094,Yu-Gi-Oh! 5D's,Yûgiô: 5D's,tvSeries,2008,2011,\N,"Action,Adventure,Animation",7.1,2463,0
615,tt6908976,Knights of the Zodiac: Saint Seiya,Seinto Seiya: Knights of the Zodiac,tvSeries,2019,2022,24,"Action,Adventure,Animation",4.7,2453,0
616,tt39123061,The Ramparts of Ice,Koori no Jyouheki,tvSeries,2026,\N,\N,"Animation,Comedy,Drama",8.0,2433,0
617,tt4755410,Durarara!!x2,Durarara!!x2,tvSeries,2015,2016,24,"Animation,Comedy,Crime",7.7,2430,0
618,tt0105559,Tenchi Muyo!,Tenchi Muyo! Ryo-Ohki,tvSeries,1992,2021,30,"Adventure,Animation,Comedy",7.6,2428,0
619,tt31940008,An Archdemon's Dilemma: How to Love Your Elf Bride,"Maou no Ore ga Dorei Elf wo Yome ni Shitanda ga, Dou Medereba Ii?",tvSeries,2024,2024,\N,"Action,Adventure,Animation",7.3,2423,0
620,tt0098492,Gunbuster,Top wo Nerae!,tvMiniSeries,1988,1989,30,"Action,Animation,Drama",7.7,2421,0
621,tt7474942,Girls' Last Tour,Shôjo shûmatsu ryokô,tvMiniSeries,2017,2017,25,"Adventure,Animation,Drama",7.8,2417,0
622,tt0813808,Oban Star-Racers,Oban Star-Racers,tvSeries,2006,2006,25,"Action,Adventure,Animation",8.0,2391,0
623,tt11418324,Plunderer,Plunderer,tvSeries,2020,2020,24,"Action,Animation,Fantasy",6.5,2390,0
624,tt4213580,Tsukimonogatari,Tsukimonogatari,tvMiniSeries,2014,2014,22,"Animation,Comedy,Fantasy",7.5,2387,0
625,tt0402716,Witch Hunter Robin,Witch Hunter Robin,tvSeries,2002,2003,25,"Action,Adventure,Animation",7.1,2385,0
626,tt0488477,XXXHOLiC,XXXHOLiC,tvSeries,2006,2011,\N,"Animation,Comedy,Drama",7.6,2383,0
627,tt23029874,Hokkaido Gals Are Super Adorable!,Dosanko gal wa namara menkoi,tvSeries,2024,2024,24,"Animation,Comedy,Romance",6.9,2377,0
628,tt5059866,Himouto! Umaru-chan,Himouto! Umaru-chan,tvSeries,2015,2017,24,"Animation,Comedy",7.1,2374,0
629,tt0096591,Nadia: The Secret of Blue Water,Fushigi no Umi no Nadia,tvSeries,1990,1991,25,"Action,Adventure,Animation",7.7,2373,0
630,tt0878036,School Rumble,School Rumble,tvSeries,2004,2010,25,"Animation,Comedy,Romance",7.8,2368,0
631,tt33317800,Secrets of the Silent Witch,Sairento Wicchi Chinmoku no Majo no Kakushigoto,tvSeries,2025,2025,\N,"Adventure,Animation,Comedy",7.6,2355,0
632,tt22017206,Our Dating Story: The Experienced You and the Inexperienced Me,"Keikenzumi na Kimi to, Keiken Zero na Ore ga, Otsukiai suru Hanashi.",tvSeries,2023,2023,24,"Animation,Comedy,Drama",6.7,2347,0
633,tt1411815,One Outs,One Outs,tvSeries,2008,2009,23,"Animation,Drama,Sport",8.2,2346,0
634,tt5225712,Kiznaiver,Kiznaiver,tvMiniSeries,2016,2016,24,"Animation,Drama,Romance",6.9,2345,0
635,tt1209386,Kaiba,Kaiba,tvMiniSeries,2008,2008,24,"Adventure,Animation,Drama",8.0,2341,0
636,tt4384306,Sound! Euphonium,Hibike! Euphonium,tvSeries,2015,2024,23,"Animation,Comedy,Drama",8.0,2314,0
637,tt1515996,A Certain Scientific Railgun,To aru kagaku no rêrugan,tvSeries,2009,2020,24,"Action,Animation,Comedy",7.4,2306,0
638,tt8515062,Asobi Asobase: Workshop of Fun,Asobi Asobase,tvSeries,2018,2018,24,"Animation,Comedy",8.0,2303,0
639,tt0159569,Mobile Suit Gundam: The 08th MS Team,Kidô senshi Gundam: Dai 08 MS shôtai,tvMiniSeries,1996,2013,25,"Action,Animation,Drama",7.9,2301,0
640,tt10011314,Vampire in the Garden,Vampire in the Garden,tvMiniSeries,2022,2022,25,"Action,Adventure,Animation",6.8,2297,0
641,tt0096685,Ranma ½,Ranma ½: Nettô-hen,tvSeries,1989,1992,30,"Action,Animation,Comedy",8.1,2292,0
642,tt32864316,Fate/Strange Fake,Fate/strange Fake,tvSeries,2024,\N,\N,"Action,Adventure,Animation",8.1,2289,0
643,tt7163698,Gamers!,Gamers!,tvMiniSeries,2017,2017,24,"Animation,Comedy,Romance",6.6,2287,0
644,tt1210339,Junjou Romantica,Junjou Romantica,tvSeries,2008,2015,24,"Animation,Comedy,Drama",7.6,2286,0
645,tt13248062,I've Been Killing Slimes for 300 Years and Maxed Out My Level,"Slime Taoshite 300-nen, Shiranai Uchi ni Level MAX ni Nattemashita",tvSeries,2021,2025,24,"Action,Adventure,Animation",6.2,2284,0
646,tt0962740,Hell Girl,Jigoku shôjo,tvSeries,2005,2006,\N,"Animation,Drama,Fantasy",7.4,2273,0
647,tt0264530,Devilman,Debiruman,tvMiniSeries,1987,1990,57,"Action,Animation,Fantasy",7.2,2271,0
648,tt11886172,The 8th Son? Are You Kidding Me?,"Hachi-nan tte, Sore wa Nai deshou!",tvSeries,2020,2020,24,"Action,Adventure,Animation",6.4,2265,0
649,tt26450257,Insomniacs After School,Kimi wa Hokago Insomnia,tvMiniSeries,2023,2023,24,"Animation,Comedy,Drama",7.9,2261,0
650,tt3114350,Diabolik Lovers,Diabolik Lovers,tvSeries,2013,2015,15,"Animation,Drama,Horror",4.8,2261,0
651,tt1780262,Is this a Zombie?,Kore wa Zombie desu ka?,tvSeries,2011,2012,25,"Action,Animation,Comedy",6.8,2246,0
652,tt1347975,Phantom: Requiem for the Phantom,Phantom: Requiem for the Phantom,tvSeries,2009,2009,25,"Action,Animation,Crime",7.5,2242,0
653,tt19848112,My Stepmom's Daughter Is My Ex,Mamahaha no Tsurego ga Motokano datta,tvSeries,2022,2022,23,"Animation,Comedy,Romance",6.5,2238,0
654,tt0270761,Candy Candy,Kyandi Kyandi,tvSeries,1976,1979,30,"Animation,Drama,Family",8.0,2233,0
655,tt12642654,By the Grace of the Gods,Kami-tachi ni Hirowareta Otoko,tvSeries,2020,2023,23,"Adventure,Animation,Fantasy",7.0,2229,0
656,tt0318898,"Now and Then, Here and There","Ima, soko ni iru boku",tvSeries,1999,2000,25,"Action,Adventure,Animation",7.8,2219,0
657,tt27329086,KonoSuba: An Explosion on This Wonderful World!,Kono Subarashii Sekai ni Bakuen wo!,tvSeries,2023,2023,24,"Adventure,Animation,Comedy",7.0,2218,0
658,tt13463778,"Girlfriend, Girlfriend",Kanojo mo Kanojo,tvSeries,2021,\N,24,"Animation,Comedy,Romance",6.5,2216,0
659,tt0159192,Lupin the Third: Part II,Rupan sansei: Part II,tvSeries,1977,1980,30,"Action,Adventure,Animation",8.0,2212,0
660,tt21975478,Days with My Stepsister,Gimai Seikatsu,tvSeries,2024,2024,\N,"Animation,Comedy,Drama",7.1,2204,0
661,tt11821792,My Next Life as a Villainess: All Routes Lead to Doom!,Otome Game no Hametsu Flag shika Nai Akuyaku Reijou ni Tensei shiteshimatta...,tvSeries,2020,2021,24,"Animation,Comedy,Drama",7.1,2202,0
662,tt6591406,After the Rain,Koi wa Ameagari no You ni,tvMiniSeries,2018,2018,22,"Animation,Drama,Romance",7.4,2196,0
663,tt1440068,Tokyo Magnitude 8.0,Tôkyô magunichûdo 8.0,tvMiniSeries,2009,2009,23,"Animation,Drama",7.8,2186,0
664,tt5643030,And You Thought There Is Never a Girl Online?,Netoge no yome wa onnanoko ja nai to omotta?,tvMiniSeries,2016,2016,24,"Animation,Comedy,Romance",6.3,2186,0
665,tt1216222,To LOVE-Ru,Toraburu,tvSeries,2008,2010,24,"Action,Animation,Comedy",6.4,2185,0
666,tt13103028,Bottom-Tier Character Tomozaki,Jaku-chara Tomozaki-kun,tvSeries,2021,2024,24,"Animation,Comedy,Drama",6.9,2185,0
667,tt0294154,Noir,Noir,tvSeries,2001,2002,\N,"Action,Animation,Crime",7.2,2184,0
668,tt2398674,Aikatsu!,Aikatsu!,tvSeries,2012,2016,25,"Adventure,Animation,Comedy",8.4,2182,0
669,tt9348718,7Seeds,7Seeds,tvSeries,2019,2020,25,"Action,Adventure,Animation",6.3,2174,0
670,tt36517689,The Ghost in the Shell,Kôkaku Kidôtai,tvSeries,2026,2026,\N,"Action,Animation,Sci-Fi",7.3,2173,0
671,tt31863730,Zenshu,Zenshû.,tvSeries,2024,2025,\N,"Action,Adventure,Animation",7.0,2169,0
672,tt3612626,Saekano: How to Raise a Boring Girlfriend,Saenai hiroin no sodatekata,tvSeries,2015,2017,24,"Animation,Comedy,Drama",6.9,2168,0
673,tt9085692,Dakaichi: I'm Being Harassed by the Sexiest Man of the Year-,Dakaretai Otoko 1-i ni Odosarete Imasu.,tvMiniSeries,2018,2018,24,"Animation,Comedy,Romance",7.3,2161,0
674,tt14476244,The Faraway Paladin,Saihate no Paladin,tvSeries,2021,2023,23,"Adventure,Animation,Drama",6.8,2158,0
675,tt6768600,DanMachi: Is It Wrong to Try to Pick Up Girls in a Dungeon? On the Side - Sword Oratoria,Sword Oratoria: Dungeon ni deai o motomeru no wa machigatteiru no darô ka? Gaiden,tvMiniSeries,2017,2017,25,"Action,Adventure,Animation",7.0,2143,0
676,tt32332970,My Deer Friend Nokotan,Shikanoko nokonoko koshitantan,tvMiniSeries,2024,2024,23,"Animation,Comedy,Fantasy",6.7,2127,0
677,tt0400690,Ninja Scroll: The Series,Jûbê ninpûchô: Ryûhôgyoku-hen,tvSeries,2003,2003,30,"Action,Adventure,Animation",6.8,2120,0
678,tt1224144,Reborn!,Katei Kyoshi Hitman Reborn!,tvSeries,2006,2010,\N,"Action,Animation,Comedy",7.6,2119,0
679,tt18574004,Parallel World Pharmacy,Isekai Yakkyoku,tvMiniSeries,2022,2022,\N,"Animation,Comedy,Drama",7.1,2116,0
680,tt7484994,Children of the Whales,Kujira no kora wa sajô ni utau,tvMiniSeries,2017,2017,24,"Animation,Drama,Fantasy",7.0,2115,0
681,tt2632044,Gargantia on the Verdurous Planet,Suisei no Gargantia,tvSeries,2013,2013,\N,"Adventure,Animation,Drama",7.3,2105,0
682,tt27187054,The Elusive Samurai,Nige jôzu no wakagimi,tvSeries,2024,\N,24,"Adventure,Animation,Comedy",7.3,2105,0
683,tt13884052,The Detective Is Already Dead,"Tantei wa Mou, Shindeiru.",tvMiniSeries,2021,2021,24,"Animation,Comedy,Drama",6.1,2104,0
684,tt14605648,Yarichin Bitch Club,Yarichin Bitch Club,tvMiniSeries,2018,2019,26,"Animation,Comedy,Romance",5.3,2100,0
685,tt1751305,Oreimo,Ore no imouto ga konna ni kawaii wake ga nai,tvSeries,2010,2013,25,"Animation,Comedy,Drama",6.3,2097,0
686,tt1909463,Freezing,Freezing,tvSeries,2011,2011,24,"Action,Animation,Drama",6.7,2091,0
687,tt36230718,My Status as an Assassin Obviously Exceeds the Hero's,Ansatsusha de Aru Ore no Status ga Yuusha yori mo Akiraka ni Tsuyoi no da ga,tvSeries,2025,2025,\N,"Action,Adventure,Animation",6.6,2091,0
688,tt9348716,Rilakkuma and Kaoru,Rilakkuma to Kaorusan,tvSeries,2019,2019,12,"Animation,Comedy,Family",8.2,2088,0
689,tt15441424,The Strongest Sage with the Weakest Crest,Shikkaku-mon no saikyô kenja,tvMiniSeries,2022,2022,24,"Adventure,Animation,Fantasy",6.3,2084,0
690,tt31186547,No Longer Allowed in Another World,Isekai Shikkaku,tvSeries,2024,2024,24,"Adventure,Animation,Comedy",6.8,2083,0
691,tt2789238,Strike the Blood,Strike the Blood,tvSeries,2013,2022,24,"Action,Animation,Comedy",6.8,2082,0
692,tt1161669,Kaze no Stigma,Kaze no stigma,tvSeries,2007,2007,24,"Action,Animation,Comedy",7.1,2078,0
693,tt0088863,Bubblegum Crisis,Baburugamu kuraishisu,tvMiniSeries,1987,1991,25,"Action,Animation,Fantasy",7.3,2069,0
694,tt2787558,Ninja Hattori,Ninja Hattorikun,tvSeries,1981,1987,25,"Action,Animation,Comedy",7.4,2060,0
695,tt28278738,The Dreaming Boy is a Realist,Yumemiru Danshi wa Genjitsushugisha,tvMiniSeries,2023,2023,\N,"Animation,Comedy,Romance",6.6,2060,0
696,tt0296319,Captain Tsubasa J,Captain Tsubasa J,tvSeries,1994,1995,24,"Animation,Drama,Family",7.6,2057,0
697,tt1214373,Mischievous Kiss,Itazura na Kiss,tvSeries,2008,2008,24,"Animation,Comedy,Drama",7.3,2056,0
698,tt4216878,Absolute Duo,Absolute Duo,tvSeries,2015,2015,24,"Action,Animation,Fantasy",6.2,2054,0
699,tt8314920,Devils Line,Devils Line,tvMiniSeries,2018,2018,24,"Action,Animation,Crime",6.8,2048,0
700,tt15433166,Mobile Suit Gundam: The Witch from Mercury,Kidô senshi Gandamu: Suisei no majo,tvSeries,2022,2023,22,"Action,Animation,Drama",7.4,2040,0
701,tt3792116,Love Stage!!,Love Stage!!,tvMiniSeries,2014,2014,24,"Animation,Comedy,Romance",7.1,2039,0
702,tt28612257,My Daemon,Boku no Daemon,tvMiniSeries,2023,2023,30,"Adventure,Animation,Fantasy",7.9,2034,0
703,tt28329410,The Fable,Za Faburu,tvSeries,2024,2027,23,"Action,Animation,Comedy",7.7,2029,0
704,tt0435033,Hunter x Hunter: Greed Island,Hunter x Hunter: Greed Island,tvMiniSeries,2003,2003,22,"Action,Adventure,Animation",8.3,2026,0
705,tt0277467,Arabian Nights: Adventures of Sinbad,Arabian naitsu: Shinbaddo no bôken,tvSeries,1975,1976,24,"Adventure,Animation,Fantasy",7.8,2025,0
706,tt0168436,My Daddy Long Legs,Watashi no ashinaga ojisan,tvSeries,1990,1990,24,"Animation,Comedy,Drama",8.1,2024,0
707,tt0312258,X,Ekkusu,tvSeries,2001,2002,24,"Action,Animation,Drama",7.4,2024,0
708,tt5879454,"Kiss Him, Not Me!",Watashi ga Motete Dousunda,tvMiniSeries,2016,2016,23,"Animation,Comedy,Drama",6.5,2023,0
709,tt10011306,Spriggan,Spriggan,tvMiniSeries,2022,2022,45,"Action,Adventure,Animation",6.8,2020,0
710,tt2196757,Inu x Boku Secret Service,Inu x Boku SS,tvSeries,2012,2012,24,"Animation,Comedy,Romance",7.0,2020,0
711,tt28774702,The Kingdoms of Ruin,Hametsu no Oukoku,tvSeries,2023,2023,24,"Action,Animation,Drama",6.2,2018,0
712,tt0159186,Mobile Suit Zeta Gundam,Kidô senshi Z Gundam,tvSeries,1985,1986,30,"Action,Animation,Drama",8.0,2015,0
713,tt1872328,Gosick,Gosick,tvMiniSeries,2011,2011,24,"Animation,Comedy,Crime",7.3,2014,0
714,tt9886006,Kono Oto Tomare!,Kono Oto Tomare!,tvSeries,2019,2019,23,"Animation,Drama,Music",8.1,2013,0
715,tt0389644,Initial D: Fourth Stage,Initial D: Fourth Stage,tvSeries,2004,2006,\N,"Action,Animation,Romance",8.2,2011,0
716,tt0158591,Dominion Tank Police,Dominion,tvMiniSeries,1988,1994,35,"Action,Animation,Comedy",6.8,2001,0
717,tt15723722,I'm Quitting Heroing,"Yûsha, yamemasu",tvMiniSeries,2022,2022,23,"Action,Adventure,Animation",6.6,2000,0
718,tt28254867,Am I Actually the Strongest?,"Jitsu wa Ore, Saikyou deshita?",tvSeries,2023,2023,24,"Adventure,Animation,Fantasy",6.4,1990,0
719,tt27489241,Dead Mount Death Play,Dead Mount Death Play,tvSeries,2023,2023,23,"Action,Animation,Fantasy",6.8,1988,0
720,tt6783056,Eromanga Sensei,Eromanga Sensei,tvSeries,2017,2017,24,"Animation,Comedy,Drama",5.5,1979,0
721,tt1847521,Wolverine,Wolverine,tvMiniSeries,2011,2011,23,"Action,Animation,Drama",6.1,1977,0
722,tt9864008,Aikatsu Stars!,Aikatsu Stars!,tvSeries,2016,2018,24,"Adventure,Animation,Comedy",8.6,1973,0
723,tt0202430,His and Her Circumstances,Kareshi kanojo no jijou,tvSeries,1998,1999,24,"Animation,Comedy,Drama",7.6,1972,0
724,tt35346717,From Old Country Bumpkin to Master Swordsman,"Katainaka no Ossan, Kensei ni Naru",tvSeries,2025,\N,\N,"Action,Adventure,Animation",6.8,1965,0
725,tt3981938,Rage of Bahamut: Genesis,Shingeki no Bahamut: Genesis,tvSeries,2014,2014,24,"Action,Adventure,Animation",7.3,1963,0
726,tt12443322,Deca-Dence,Deca-Dence,tvMiniSeries,2020,2020,23,"Action,Adventure,Animation",7.0,1962,0
727,tt33165027,Witch Watch,Witchi Wotchi,tvSeries,2025,\N,\N,"Animation,Comedy,Drama",6.8,1958,0
728,tt1907374,The World's Greatest First Love,Sekaiichi hatsukoi,tvSeries,2011,2011,23,"Animation,Comedy,Romance",7.6,1957,0
729,tt2294076,Girls & Panzer,Girls und Panzer,tvMiniSeries,2012,2013,25,"Action,Animation,Comedy",7.5,1951,0
730,tt0097661,Mobile Suit Gundam 0080: War in the Pocket,Kidô Senshi Gundam 0080 Pocket no Naka no Sensô,tvMiniSeries,1989,1989,\N,"Action,Animation,Drama",8.1,1943,0
731,tt0159208,City Hunter,City Hunter,tvSeries,1987,1991,24,"Action,Animation,Comedy",7.7,1943,0
732,tt2150751,Chihayafuru,Chihayafuru,tvSeries,2011,2020,\N,"Animation,Comedy,Drama",8.1,1941,0
733,tt0364863,RahXephon,RahXephon,tvSeries,2002,2002,25,"Action,Animation,Drama",7.2,1940,0
734,tt12011442,Burn the Witch,Burn the Witch,tvMiniSeries,2020,2020,63,"Animation,Fantasy",6.7,1940,0
735,tt25531288,The Iceblade Sorcerer Shall Rule the World,Hyouken no Majutsushi ga Sekai wo Suberu,tvSeries,2023,\N,24,"Action,Adventure,Animation",6.4,1939,0
736,tt0329938,Transformers: Armada,Transufômâ: Maikuron densetsu,tvSeries,2002,2003,30,"Action,Adventure,Animation",7.0,1936,0
737,tt10883006,ORESUKI: Are you the only one who loves me?,Ore wo Suki nano wa Omae dake ka yo,tvSeries,2019,2020,24,"Animation,Comedy,Drama",7.0,1936,0
738,tt0096816,Angel Cop,Enzeru koppu,tvMiniSeries,1989,1994,180,"Action,Animation,Crime",6.6,1935,0
739,tt16341212,Aharen-san Is Indecipherable,Aharen-san wa hakarenai,tvSeries,2022,2025,25,"Animation,Comedy,Romance",7.0,1929,0
740,tt0427531,Mezzo Forte,Mezo forute,tvMiniSeries,2000,2001,30,"Action,Animation,Comedy",6.7,1926,0
741,tt1634165,B Gata H Kei: Yamada's First Time,B-gata H-kei,tvMiniSeries,2010,2010,25,"Animation,Comedy,Drama",7.1,1925,0
742,tt20228550,The Seven Deadly Sins: Four Knights of the Apocalypse,Mokushiroku no Yon-kishi,tvSeries,2023,\N,24,"Action,Adventure,Animation",7.1,1921,0
743,tt2104011,Darker Than Black: Gaiden,Darker Than Black - Kuro no Kieyakusha: Gaiden,tvMiniSeries,2010,2010,97,"Action,Animation,Drama",7.7,1914,0
744,tt3069742,Captain Tsubasa: Road to 2002,Captain Tsubasa: Road to 2002,tvSeries,2001,2002,25,"Animation,Drama,Family",7.7,1914,0
745,tt5321682,She and Her Cat: Everything Flows,Kanojo to Kanojo no Neko: Everything Flows,tvMiniSeries,2016,2016,8,"Animation,Drama",7.4,1910,0
746,tt32552529,Pseudo Harem,Giji Hâremu,tvSeries,2024,2024,24,"Animation,Comedy,Romance",7.4,1903,0
747,tt9054354,Zombieland Saga,Zombie Land Saga,tvSeries,2018,2021,24,"Animation,Comedy,Drama",7.1,1903,0
748,tt13049906,The Saint's Magic Power Is Omnipotent,Seijo no Maryoku wa Bannou Desu,tvSeries,2021,2023,24,"Animation,Fantasy,Romance",7.1,1898,0
749,tt7657580,Blend S,Blend S,tvMiniSeries,2017,2017,23,"Animation,Comedy,Drama",6.8,1898,0
750,tt1329466,Skip Beat!,Sukippu bîto!,tvSeries,2008,2009,24,"Animation,Comedy,Drama",7.8,1897,0
751,tt1587790,Mobile Suit Gundam Unicorn,Kidô Senshi Gandamu Yunikôn,tvMiniSeries,2010,2014,\N,"Action,Animation,Drama",7.7,1893,0
752,tt15414478,Fairy Tail: 100 Years Quest,Fairy Tail: 100 Years Quest,tvSeries,2024,\N,24,"Action,Adventure,Animation",7.5,1890,0
753,tt7662364,Recovery of an MMO Junkie,Netojuu no susume,tvMiniSeries,2017,2017,23,"Animation,Comedy,Drama",7.3,1890,0
754,tt30495119,Villainess Level 99: I May Be the Hidden Boss but I'm Not the Demon Lord,Akuyaku Reijou Level 99: Watashi wa Ura-Boss desu ga Maou dewa Arimasen,tvSeries,2024,2024,\N,"Action,Animation,Comedy",6.8,1887,0
755,tt2341379,Sankarea,Sankarea,tvMiniSeries,2012,2012,24,"Animation,Comedy,Drama",6.7,1883,0
756,tt3888026,Lord Marksman and Vanadis,Madan no Ou to Vanadis,tvSeries,2014,2014,\N,"Adventure,Animation,Fantasy",6.9,1882,0
757,tt26692417,Pokémon Horizons: The Series,Pokettomonsutâ,tvSeries,2023,\N,24,"Action,Adventure,Animation",7.4,1879,0
758,tt0366186,Armitage III,Armitage III,tvMiniSeries,1995,1995,140,"Action,Animation,Drama",6.9,1874,0
759,tt0088109,Sherlock Hound,Meitantei Holmes,tvSeries,1984,1985,24,"Action,Adventure,Animation",7.5,1866,0
760,tt15026576,"The Fruit of Evolution: Before I Knew It, My Life Had It Made",Shinka No Mi: Shiranai Uchi ni Kachigumi Jinsei,tvSeries,2021,2023,\N,"Adventure,Animation,Comedy",6.0,1865,0
761,tt1578694,Yu-Gi-Oh! The Abridged Series,Yu-Gi-Oh! The Abridged Series,tvSeries,2006,\N,\N,"Animation,Comedy",8.6,1858,0
762,tt2294048,Blast of Tempest,Zetsuen No Tempest,tvSeries,2012,2013,25,"Action,Animation,Fantasy",7.4,1857,0
763,tt28101962,The Great Cleric,"Seija Musou: Salaryman, Isekai de Ikinokoru Tame ni Ayumu Michi",tvMiniSeries,2023,2023,\N,"Adventure,Animation,Fantasy",6.9,1857,0
764,tt2061527,Tiger & Bunny,Tiger & Bunny,tvSeries,2011,2022,25,"Action,Adventure,Animation",7.3,1856,0
765,tt1032831,Doraemon,Doraemon,tvSeries,1973,1973,30,"Animation,Comedy,Family",8.1,1853,0
766,tt21345944,Beast Tamer,"Yuusha Party wo Tsuihou sareta Beast Tamer, Saikyoushu no Nekomimi Shoujo to Deau",tvSeries,2022,2022,23,"Action,Animation,Comedy",6.9,1853,0
767,tt0168375,A Little Princess Sara,Shôkôjo Sêra,tvSeries,1985,1985,24,"Animation,Drama,Family",7.8,1847,0
768,tt2259737,Jormungand,Jormungand,tvSeries,2012,2012,24,"Action,Animation,Crime",7.4,1847,0
769,tt1945730,Katanagatari,Katanagatari,tvMiniSeries,2010,2010,50,"Action,Adventure,Animation",7.7,1843,0
770,tt0434694,Mobile Suit Gundam SEED Destiny,Kidô senshi Gundam Seed Destiny,tvSeries,2004,2005,25,"Action,Adventure,Animation",7.0,1838,0
771,tt11328872,In/Spectre,Kyokou Suiri,tvSeries,2020,2023,24,"Action,Animation,Comedy",6.6,1836,0
772,tt5595178,Brotherhood: Final Fantasy XV,Brotherhood: Final Fantasy XV,tvSeries,2016,2016,15,"Action,Adventure,Animation",7.0,1829,0
773,tt0928093,Kanon,Kanon,tvSeries,2006,2007,22,"Animation,Comedy,Drama",7.5,1824,0
774,tt3950084,Amagi Brilliant Park,Amagi Brilliant Park,tvMiniSeries,2014,2015,24,"Animation,Comedy,Fantasy",7.0,1819,0
775,tt0169473,Mazinger Z,Majingâ Zetto,tvSeries,1972,1974,30,"Action,Animation,Sci-Fi",7.8,1812,0
776,tt43337681,Star Wars: Visions Presents - The Ninth Jedi,Star Wars: Visions Presents - The Ninth Jedi,tvSeries,2026,\N,30,"Action,Adventure,Animation",6.9,1808,0
777,tt0434670,Chrono Crusade,Chrono Crusade,tvSeries,2003,2004,\N,"Action,Adventure,Animation",7.0,1807,0
778,tt0283750,The Jungle Book: The Adventures of Mowgli,Janguru bukku: Shônen Môguri,tvSeries,1989,1990,24,"Adventure,Animation,Drama",7.5,1804,0
779,tt12457334,Wandering Witch: The Journey of Elaina,Majo no Tabitabi,tvMiniSeries,2020,2020,24,"Adventure,Animation,Comedy",7.0,1804,0
780,tt0985285,Ghost Hunt,Ghost Hunt,tvSeries,2006,2007,25,"Animation,Comedy,Drama",7.4,1800,0
781,tt0813971,Witchblade,Witchblade,tvSeries,2006,2006,30,"Action,Adventure,Animation",6.9,1797,0
782,tt12312018,Talentless Nana,Munou na Nana,tvMiniSeries,2020,2020,23,"Action,Animation,Fantasy",6.9,1795,0
783,tt1354538,Detroit Metal City,Detoroito Metaru Shiti,tvSeries,2008,2008,168,"Animation,Comedy,Music",7.8,1794,0
784,tt0078692,Star Blazers,Space Battleship Yamato,tvSeries,1979,1984,22,"Action,Adventure,Animation",8.4,1791,0
785,tt3105422,Ace of Diamond,Diamond No Ace,tvSeries,2013,2016,\N,"Animation,Sport",8.1,1790,0
786,tt30089363,The Witch and the Beast,Majo to Yajû,tvSeries,2024,2024,25,"Action,Animation,Drama",7.1,1784,0
787,tt13758670,Combatants Will Be Dispatched!,"Sentouin, Hakenshimasu!",tvMiniSeries,2021,2021,24,"Action,Animation,Comedy",6.6,1781,0
788,tt10778040,Blade of the Immortal,Mugen no jûnin: Immortal,tvSeries,2019,2020,24,"Action,Adventure,Animation",7.5,1774,0
789,tt28313387,A Returner's Magic Should Be Special,Kikansha no Mahou wa Tokubetsu desu,tvSeries,2023,\N,24,"Action,Adventure,Animation",6.8,1773,0
790,tt2636546,Flowers of Evil,Aku no hana,tvMiniSeries,2013,2013,\N,"Animation,Drama,Thriller",7.5,1772,0
791,tt0168371,Romeo's Blue Skies,Romio no aoi sora,tvSeries,1995,1995,24,"Adventure,Animation,Drama",8.7,1771,0
792,tt0122336,Captain Future,Captain Future,tvSeries,1978,1979,30,"Adventure,Animation,Sci-Fi",7.9,1769,0
793,tt1868555,Hellsing Ultimate Abridged,Hellsing Ultimate Abridged,tvMiniSeries,2010,2018,\N,"Action,Animation,Comedy",8.4,1763,0
794,tt5483932,Koyomimonogatari,Koyomimonogatari,tvMiniSeries,2016,2016,14,"Animation,Comedy,Drama",7.1,1760,0
795,tt7029396,SMG4,SuperMarioGlitchy4,tvSeries,2011,2025,\N,"Action,Adventure,Animation",8.0,1759,0
796,tt0097445,Goku Midnight Eye,Midnight Eye: Gokû,tvMiniSeries,1989,1989,51,"Action,Animation,Drama",6.8,1754,0
797,tt38201910,Baki-Dou: The Invincible Samurai,Baki-Dô,tvSeries,2026,\N,25,"Action,Animation,Drama",7.1,1753,0
798,tt0485069,Saint Seiya: The Hades Chapter - Inferno,Seinto Seiya: Meiou Hades Meikai Hen,tvSeries,2005,\N,25,"Action,Adventure,Animation",8.2,1746,0
799,tt12706854,I'm Standing on a Million Lives,100-man no Inochi no Ue ni Ore wa Tatte Iru,tvSeries,2020,2021,23,"Action,Adventure,Animation",6.4,1746,0
800,tt29171914,I'm in Love with the Villainess,Watashi no Oshi wa Akuyaku Reijou.,tvMiniSeries,2023,2023,24,"Animation,Comedy,Fantasy",7.2,1746,0
801,tt30689669,You Are Ms. Servant,Kimi wa Meido-sama.,tvSeries,2024,2024,23,"Animation,Comedy,Romance",6.1,1746,0
802,tt13956466,The Genius Prince's Guide to Raising a Nation Out of Debt,Tensai Ouji no Akaji Kokka Saiseijutsu,tvSeries,2022,2022,24,"Animation,Comedy,Fantasy",7.1,1744,0
803,tt7964088,School Babysitters,Gakuen Bebishittazu,tvSeries,2018,2018,23,"Animation,Comedy,Family",7.7,1739,0
804,tt7136968,Aho Girl,Aho Girl,tvMiniSeries,2017,2017,12,"Animation,Comedy,Romance",6.6,1729,0
805,tt0218775,Monster Rancher,Monster Farm: Enbanseki no himitsu,tvSeries,1999,2001,21,"Action,Adventure,Animation",6.9,1728,0
806,tt30146725,My Instant Death Ability is Overpowered,"Sokushi Cheat ga Saikyou Sugite, Isekai no Yatsura ga Marude Aite ni Naranaindesu ga.",tvMiniSeries,2024,2024,24,"Action,Adventure,Animation",6.3,1725,0
807,tt15533960,"I'm the Villainess, So I'm Taming the Final Boss",Akuyaku Reijou nanode Last Boss wo Kattemimashita,tvSeries,2022,2022,23,"Animation,Comedy,Fantasy",6.9,1720,0
808,tt28082379,Go! Go! Loser Ranger!,Sentai Daishikkaku,tvSeries,2024,2025,24,"Action,Adventure,Animation",6.9,1720,0
809,tt10431262,Isekai Cheat Magician,Isekai Chîto Majutsushi,tvSeries,2019,2019,23,"Action,Adventure,Animation",5.5,1717,0
810,tt15192340,My Senpai Is Annoying,Senpai ga Uzai Kouhai no Hanashi,tvSeries,2021,2021,\N,"Animation,Comedy,Romance",7.2,1715,0
811,tt5419278,Descending Stories: Showa Genroku Rakugo Shinju,Shôwa Genroku rakugo shinjû,tvSeries,2016,2016,26,"Animation,Comedy,Drama",8.3,1711,0
812,tt3104236,A Lull in the Sea,Nagi no Asukara,tvSeries,2013,2014,23,"Animation,Drama,Fantasy",7.4,1707,0
813,tt39551330,Chainsmoker Cat,Yani Neko,tvSeries,2026,\N,\N,"Animation,Comedy",6.9,1703,0
814,tt0426711,Hikaru No Go,Hikaru no go,tvSeries,2001,2003,23,"Adventure,Animation,Comedy",8.2,1693,0
815,tt10443362,"Demon Lord, Retry! R","Maou-sama, Retry!",tvSeries,2019,2024,23,"Action,Adventure,Animation",6.5,1693,0
816,tt0435032,Hunter x Hunter: Greed Island Final,Hunter x Hunter: Greed Island Final,tvMiniSeries,2004,2004,24,"Adventure,Animation,Short",8.4,1692,0
817,tt10545250,Eden,Eden,tvMiniSeries,2021,2021,25,"Action,Adventure,Animation",6.6,1690,0
818,tt15441076,My Isekai Life: I Gained a Second Character Class and Became the Strongest Sage in the World!,"Tensei kenja no isekai Life ~Dai ni no shokugyô wo ete, sekai saikyô ni nari mashita~",tvSeries,2022,2022,\N,"Animation,Fantasy",6.3,1690,0
819,tt2250160,Campione!,Campione!: Matsurowanu Kamigami to Kamigoroshi no Maou,tvSeries,2012,2012,24,"Action,Adventure,Animation",6.7,1690,0
820,tt12331304,Our Last Crusade or the Rise of a New World,"Kimi to Boku no Saigo no Senjou, Arui wa Sekai ga Hajimaru Seisen",tvSeries,2020,\N,23,"Action,Animation,Fantasy",6.5,1683,0
821,tt33384856,May I Ask for One Final Thing?,Saigo ni Hitotsu dake Onegai shitemo Yoroshii deshou ka,tvSeries,2025,\N,\N,"Action,Animation,Comedy",7.2,1682,0
822,tt21844644,Handyman Saitou in Another World,"Benriya Saitou-san, Isekai ni Iku",tvSeries,2023,2023,23,"Adventure,Animation,Comedy",6.9,1681,0
823,tt1655610,Baka and Test: Summon the Beasts,Baka to Test to Shoukanjuu,tvSeries,2010,2011,25,"Animation,Comedy,Fantasy",7.1,1678,0
824,tt0940874,Air,Air,tvSeries,2005,2005,24,"Animation,Drama,Fantasy",7.0,1676,0
825,tt21929398,The Ice Guy and His Cool Female Colleague,Koori Zokusei Danshi to Cool na Douryou Joshi,tvSeries,2023,2023,\N,"Animation,Comedy,Fantasy",6.8,1673,0
826,tt8228732,Kakuriyo: Bed & Breakfast for Spirits,Kakuriyo no Yadomeshi,tvSeries,2018,2025,23,"Animation,Fantasy,Romance",7.5,1669,0
827,tt31975847,"As a Reincarnated Aristocrat, I'll Use My Appraisal Skill to Rise in the World","Tensei Kizoku, Kantei Skill de Nariagaru",tvSeries,2024,\N,\N,"Adventure,Animation,Fantasy",6.8,1666,0
828,tt5618002,Super Lovers,Super Lovers,tvSeries,2016,2017,24,"Animation,Comedy,Romance",6.6,1666,0
829,tt1707807,Iron Man,Iron Man,tvSeries,2010,2010,25,"Action,Animation,Drama",6.2,1665,0
830,tt6348126,Beyblade Burst,Beyblade Burst,tvSeries,2016,2023,24,"Action,Adventure,Animation",7.1,1662,0
831,tt4663062,Dragon Ball Z: The Tree of Might,Dragon Ball Z: The Tree of Might,tvMiniSeries,1997,1997,\N,"Action,Adventure,Animation",7.4,1661,0
832,tt12898990,Suppose a Kid from the Last Dungeon Boonies Moved to a Starter Town?,Tatoeba Last Dungeon Mae no Mura no Shounen ga Joban no Machi de Kurasu Youna Monogatari,tvSeries,2021,\N,24,"Adventure,Animation,Comedy",6.3,1660,0
833,tt5895314,Kuromukuro,Kuromukuro,tvSeries,2016,2016,24,"Action,Animation,Sci-Fi",7.1,1659,0
834,tt0296435,Treasure Island,Takarajima,tvSeries,1978,1979,24,"Action,Adventure,Animation",8.4,1654,0
835,tt2909912,Silver Spoon,Gin no saji,tvSeries,2013,2014,22,"Animation,Comedy,Drama",7.9,1653,0
836,tt33478787,Possibly the Greatest Alchemist of All Time,Izure Saikyô no Renkinjutsushi?,tvMiniSeries,2025,2025,\N,"Action,Adventure,Animation",6.5,1653,0
837,tt3950102,World Trigger,Wârudo Torigâ,tvSeries,2014,\N,24,"Action,Animation,Sci-Fi",7.4,1653,0
838,tt5905350,Alderamin on the Sky,Nejimaki seirei senki: Tenkyô no Alderamin,tvSeries,2016,2023,24,"Adventure,Animation,Drama",7.4,1652,0
839,tt0158634,Genocyber,Genocyber,tvMiniSeries,1994,1994,46,"Action,Animation,Horror",6.0,1644,0
840,tt32792739,Yakuza Fiancé: Raise wa Tanin ga Ii,Raise wa Tanin ga Ii,tvSeries,2024,2024,\N,"Animation,Crime,Drama",6.9,1644,0
841,tt8116380,A.I.C.O. Incarnation,A.I.C.O. Incarnation,tvMiniSeries,2018,2018,25,"Action,Animation,Sci-Fi",6.3,1641,0
842,tt0440988,Desert Punk,Sunabôzu,tvSeries,2004,2005,580,"Action,Animation,Comedy",7.2,1640,0
843,tt0953916,Air Gear,Air Gear,tvSeries,2006,2008,25,"Action,Animation,Comedy",7.1,1633,0
844,tt2008252,Mayo chiki!,Mayo chiki!,tvSeries,2011,2011,25,"Animation,Comedy,Romance",6.7,1631,0
845,tt5271506,Hundred,Hundred,tvSeries,2016,2016,24,"Action,Animation,Comedy",6.2,1630,0
846,tt7124066,Knight's & Magic,Knight's & Magic,tvMiniSeries,2017,2018,24,"Action,Animation,Fantasy",7.1,1628,0
847,tt2340511,Dusk Maiden of Amnesia,Dusk Maiden of Amnesia,tvMiniSeries,2012,2012,24,"Animation,Comedy,Drama",7.3,1627,0
848,tt15912380,Kakegurui Twin,Kakegurui Tsuin,tvMiniSeries,2022,2022,24,"Animation,Drama,Mystery",6.6,1626,0
849,tt20672482,Moonrise,Moonrise,tvSeries,2025,\N,28,"Action,Adventure,Animation",6.3,1622,0
850,tt27990591,My Unique Skill Makes Me OP Even at Level 1,Level 1 dakedo Unique Skill de Saikyou desu,tvMiniSeries,2023,2023,24,"Animation,Comedy,Fantasy",6.3,1618,0
851,tt35331428,The Shiunji Family Children,Shiunji-ke no Kodomotachi,tvSeries,2025,2025,\N,"Animation,Comedy,Romance",6.7,1617,0
852,tt0113236,Gunsmith Cats,Gunsmith Cats,tvMiniSeries,1995,1996,30,"Action,Animation,Comedy",7.2,1615,0
853,tt1356878,Hetalia: Axis Powers,Hetalia: Axis Powers,tvSeries,2009,2016,5,"Animation,Comedy",7.1,1614,0
854,tt0469008,Tokyo Mew Mew,Tokyo Mew Mew,tvSeries,2002,2003,24,"Action,Adventure,Animation",7.0,1606,0
855,tt9883676,We Never Learn: BOKUBEN,Bokutachi wa Benkyou ga Dekinai,tvSeries,2019,2020,23,"Animation,Comedy,Romance",6.9,1605,0
856,tt6994582,Hitorijime My Hero,Hitorijime My Hero,tvMiniSeries,2017,2017,24,"Animation,Drama,Romance",7.3,1602,0
857,tt6016316,Danganronpa 3: The End of Hope's Peak Academy - Hope Arc,Danganronpa 3: The End of Kibougamine Gakuen,tvSeries,2016,2017,24,"Animation,Drama,Horror",6.8,1601,0
858,tt1506339,Time of Eve,Ibu no Jikan,tvMiniSeries,2008,2009,18,"Animation,Drama,Sci-Fi",7.7,1599,0
859,tt0240493,Excel Saga,Heppoko jikken animêshon excel saga,tvSeries,1999,2001,\N,"Animation,Comedy,Drama",7.5,1596,0
860,tt2341219,Mysterious Girlfriend X,Nazo no Kanojo X,tvSeries,2012,2012,30,"Animation,Comedy,Mystery",7.1,1591,0
861,tt3104072,Tokyo Ravens,Tokyo Ravens,tvSeries,2013,2014,\N,"Action,Animation,Comedy",7.2,1583,0
862,tt11858104,Dragon Quest: The Adventure of Dai,Dragon Quest: Dai no Daibouken,tvSeries,2020,2022,24,"Action,Adventure,Animation",7.9,1582,0
863,tt27250301,Ôoku: The Inner Chambers,Ôoku,tvMiniSeries,2023,\N,30,"Animation,Drama,Fantasy",7.1,1578,0
864,tt28100731,"Reborn as a Vending Machine, I Now Wander the Dungeon",Jidou Hanbaiki ni Umarekawatta Ore wa Meikyuu wo Samayou,tvSeries,2023,2026,24,"Animation,Comedy,Fantasy",6.2,1577,0
865,tt0928099,Nodame Cantabile,Nodame Cantabile,tvSeries,2007,2010,25,"Animation,Comedy,Drama",8.0,1576,0
866,tt13528102,Remake Our Life!,Bokutachi no Remake,tvSeries,2021,2021,25,"Animation,Comedy,Drama",6.9,1570,0
867,tt0361140,.hack//SIGN,.hack//SIGN,tvSeries,2002,2003,25,"Action,Adventure,Animation",6.8,1568,0
868,tt27497575,365 Days to the Wedding,"Kekkon Surutte, Hontô desu ka",tvMiniSeries,2024,2024,23,"Animation,Comedy,Drama",6.3,1564,0
869,tt3894916,Terra Formars,Terra Formars,tvSeries,2014,2016,\N,"Action,Animation,Horror",6.4,1564,0
870,tt0182646,Space Pirate Captain Harlock,Uchû kaizoku kyaputen Hârokku,tvSeries,1978,1979,24,"Action,Adventure,Animation",7.8,1563,0
871,tt0368197,R.O.D Read or Die,Read or Die,tvMiniSeries,2001,2001,33,"Adventure,Animation,Fantasy",7.3,1555,0
872,tt28369144,Cherry Magic! Thirty Years of Virginity Can Make You a Wizard?!,30-sai made Doutei dato Mahoutsukai ni Nareru Rashii,tvMiniSeries,2024,2024,24,"Animation,Comedy,Fantasy",7.6,1555,0
873,tt32524709,The Brilliant Healer's New Life in the Shadows,"Isshun de Chiryô Shiteita no ni Yakudatazu to Tsuihô Sareta Tensai Chiyushi, Yami Hîrâ Toshite Tanoshiku Ikiru",tvSeries,2025,\N,\N,"Action,Adventure,Animation",6.6,1555,0
874,tt31975855,Viral Hit,Kenka Dokugaku,tvSeries,2024,\N,\N,"Action,Animation",7.1,1554,0
875,tt13357234,Thermae Romae Novae,Thermae Romae Novae,tvMiniSeries,2022,2022,30,"Animation,Comedy,Fantasy",7.0,1553,0
876,tt5066664,Cannon Busters,Cannon Busters,tvSeries,2019,2019,\N,"Animation,Fantasy",6.6,1551,0
877,tt9525238,Fate/Grand Order,Fate/Grand Order: Zettai Maju Sensen Babylonia,tvSeries,2019,2020,\N,"Action,Adventure,Animation",7.2,1550,0
878,tt27206542,Undead Murder Farce,Undead Girl Murder Farce,tvSeries,2023,2023,\N,"Animation,Drama,Fantasy",7.6,1549,0
879,tt31528958,Honey Lemon Soda,Honey Lemon Soda,tvSeries,2025,2025,\N,"Animation,Drama,Romance",6.8,1544,0
880,tt0081954,Urusei Yatsura,Urusei Yatsura,tvSeries,1981,1986,23,"Action,Adventure,Animation",7.5,1541,0
881,tt3114358,Non Non Biyori,Non Non Biyori,tvSeries,2013,2021,24,"Adventure,Animation,Comedy",7.8,1538,0
882,tt6819736,WorldEnd: What Do You Do at the End of the World? Are You Busy? Will You Save Us?,Shûmatsu nani shitemasu ka? Isogashii desu ka? Sukutte moratte ii desu ka?,tvSeries,2017,2017,24,"Animation,Drama,Fantasy",7.2,1537,0
883,tt14408130,The Slime Diaries: That Time I Got Reincarnated as a Slime,Tensura Nikki: Tensei shitara Slime Datta Ken,tvSeries,2021,\N,24,"Action,Adventure,Animation",7.0,1536,0
884,tt32812118,I'll Become a Villainess Who Goes Down in History,Rekishi ni Nokoru Akujo ni Naru zo,tvMiniSeries,2024,2024,24,"Animation,Comedy,Fantasy",7.1,1527,0
885,tt39122769,Marriagetoxin,Marriagetoxin,tvSeries,2026,\N,23,"Action,Animation,Comedy",7.3,1526,0
886,tt0387724,Blue Gender,Blue Gender,tvSeries,1999,2000,23,"Action,Adventure,Animation",7.1,1524,0
887,tt5531604,Tanaka-kun Is Always Listless,Tanaka-kun wa itsumo kedaruge,tvMiniSeries,2016,2016,24,"Animation,Comedy",7.4,1523,0
888,tt9894516,Oni: Thunder God's Tale,Oni: Kamigami Yama no Onari,tvMiniSeries,2022,2022,177,"Action,Adventure,Animation",8.0,1523,0
889,tt0478838,Honey and Clover,Hachimitsu to kurôbâ,tvSeries,2005,2006,25,"Animation,Comedy,Drama",7.8,1520,0
890,tt0168341,Swiss Family Robinson,Kazoku Robinson hyôryûki fushigina shima no furône,tvSeries,1981,1981,30,"Adventure,Animation,Family",7.4,1517,0
891,tt7897050,Record of Grancrest War,Gurankuresuto Senki,tvSeries,2018,2018,24,"Action,Adventure,Animation",7.1,1515,0
892,tt0159567,Mobile Suit Gundam 0083: Stardust Memory,Kidô senshi Gundam 0083: Stardust Memory,tvSeries,1991,1992,30,"Action,Animation,Drama",7.6,1514,0
893,tt1805647,Aoi Bungaku Series,Aoi Bungaku Series,tvMiniSeries,2009,2009,22,"Animation,Drama,History",7.4,1513,0
894,tt21844614,Kubo Won't Let Me Be Invisible,Kubo-san wa Mobu o Yurusanai,tvSeries,2023,2023,24,"Animation,Comedy,Romance",7.1,1512,0
895,tt3909210,The Fruit of Grisaia,Grisaia no Kajitsu,tvSeries,2014,2025,25,"Animation,Drama,Romance",6.9,1508,0
896,tt7112156,3D Kanojo Real Girl,3D Kanojo Real Girl,tvSeries,2018,2019,22,"Animation,Comedy,Drama",7.0,1507,0
897,tt28265657,The Girl I Like Forgot Her Glasses,Suki na Ko ga Megane wo Wasureta,tvSeries,2023,2023,\N,"Animation,Comedy,Romance",6.8,1500,0
898,tt4670988,Saint Seiya: Soul of Gold,Saint Seiya: Soul of Gold,tvMiniSeries,2015,2015,24,"Action,Adventure,Animation",7.6,1499,0
899,tt8496638,Boarding School Juliet,Kishuku Gakko no Juliet,tvSeries,2018,2018,24,"Action,Animation,Comedy",7.3,1495,0
900,tt35346400,Can a Boy-Girl Friendship Survive?,"Danjo no Yûjô wa Seiritsu Suru? (Iya, Shinai!!)",tvSeries,2025,\N,\N,"Animation,Comedy,Romance",6.3,1491,0
901,tt0809815,Tenjo Tenge,Tenjô tenge,tvSeries,2004,2004,23,"Action,Animation,Comedy",6.8,1488,0
902,tt12287748,Yashahime: Princess Half-Demon,Hanyô no Yashahime,tvSeries,2020,2022,\N,"Action,Adventure,Animation",7.0,1487,0
903,tt1085074,Black Cat,Black Cat,tvSeries,2005,2006,25,"Action,Animation,Crime",6.9,1485,0
904,tt0477543,Tsubasa RESERVoir CHRoNiCLE,Tsubasa kuronikuru,tvSeries,2005,2010,25,"Action,Adventure,Animation",7.1,1478,0
905,tt0278926,Blue Submarine No. 6,Ao no roku go,tvMiniSeries,1998,2000,\N,"Action,Animation,Drama",6.7,1477,0
906,tt36593026,"My Gift Lvl 9999 Unlimited Gacha: Backstabbed in a Backwater Dungeon, I'm Out for Revenge!",Shinjiteita Nakama-Tachi Ni Dungeon Okuchi De Korosarekaketa Ga Gift Mugen Gacha De Level 9999 No Nakama-Tachi O Te Ni Irete Moto Party Member to Sekai Ni Fukushuu & Zamaa! Shimasu!,tvSeries,2025,2025,\N,"Action,Adventure,Animation",7.0,1477,0
907,tt2496120,Space Battleship Yamato 2199,Uchu Senkan Yamato 2199,tvSeries,2012,2013,\N,"Action,Adventure,Animation",8.1,1476,0
908,tt10470356,"Hensuki: Are You Willing to Fall in Love with a Pervert, as Long as She's a Cutie?",Kawaikereba Hentai demo Suki ni Natte Kuremasu ka?,tvMiniSeries,2019,2019,23,"Animation,Comedy,Drama",6.2,1475,0
909,tt0304999,Barbapapa,Barbapapa,tvSeries,1973,1977,5,"Adventure,Animation,Comedy",7.0,1471,0
910,tt1899022,The World God Only Knows,Kami nomi zo Shiru Sekai,tvSeries,2010,2013,24,"Animation,Comedy,Fantasy",7.2,1469,0
911,tt2250064,"So, I Can't Play H","Dakara Boku wa, H ga Dekinai",tvMiniSeries,2012,2013,25,"Animation,Comedy,Fantasy",6.1,1468,0
912,tt5105452,School-Live!,Gakkô-gurashi!,tvMiniSeries,2015,2015,25,"Animation,Comedy,Drama",7.1,1467,0
913,tt0486171,Ikki tousen,Ikki Tousen,tvSeries,2003,2014,325,"Action,Adventure,Animation",6.0,1464,0
914,tt2560604,Tamako Market,Tamako Market,tvSeries,2013,2013,25,"Animation,Comedy,Romance",6.9,1464,0
915,tt13362302,Shadows House,Shadows House,tvSeries,2021,2022,\N,"Animation,Fantasy,Mystery",7.3,1463,0
916,tt28534254,Spice and Wolf: Merchant Meets the Wise Wolf,Ookami to Koushinryou: Merchant Meets the Wise Wolf,tvSeries,2024,\N,23,"Adventure,Animation,Drama",7.4,1463,0
917,tt2363624,Yu-Gi-Oh! Zexal,Yu-Gi-Oh! Zexal,tvSeries,2011,2014,22,"Action,Animation,Comedy",5.6,1462,0
918,tt8249034,Tada Never Falls in Love,Tada-kun wa Koi wo Shinai,tvMiniSeries,2018,2018,23,"Animation,Comedy,Romance",7.3,1462,0
919,tt8693818,Back Street Girls,Back Street Girls,tvSeries,2018,2018,24,"Animation,Comedy",6.6,1459,0
920,tt0090479,Maison Ikkoku,Mezon Ikkoku,tvSeries,1986,1988,25,"Animation,Comedy,Drama",8.1,1458,0
921,tt3396572,Riddle Story of Devil,Akuma no Riddle,tvSeries,2014,2014,24,"Action,Animation,Thriller",6.9,1458,0
922,tt1324968,Michiko & Hatchin,Michiko to Hatchin,tvSeries,2008,2009,23,"Action,Adventure,Animation",7.5,1454,0
923,tt32281073,Sword of the Demon Hunter: Kijin Gentosho,Kijin Gentôshô,tvSeries,2025,\N,\N,"Action,Adventure,Animation",7.2,1453,0
924,tt0291419,Pet Shop of Horrors,Petto shoppu obu horazu,tvMiniSeries,1999,1999,\N,"Animation,Fantasy,Horror",7.2,1451,0
925,tt1988235,Blade,Blade,tvMiniSeries,2011,2011,25,"Action,Animation,Horror",6.5,1449,0
926,tt1524993,Dinosaur King,Kodai Oja Kyoryu Kingu,tvSeries,2007,2009,30,"Action,Adventure,Animation",6.2,1441,0
927,tt29605390,Gushing Over Magical Girls,Mahô Shôjo ni Akogarete,tvSeries,2024,\N,24,"Action,Adventure,Animation",6.9,1441,0
928,tt3185682,Pupa,Pyûpa,tvMiniSeries,2014,2014,4,"Animation,Horror,Thriller",2.6,1438,0
929,tt10671282,High School Prodigies Have It Easy Even in Another World!,Choujin Koukousei-tachi wa Isekai demo Yoyuu de Ikinuku you desu!,tvMiniSeries,2019,2019,23,"Adventure,Animation,Comedy",6.2,1429,0
930,tt10635210,"Science Fell in Love, So I Tried to Prove It",Rikei ga Koi ni Ochita no de Shoumei shitemita,tvSeries,2020,2022,24,"Animation,Comedy,Romance",6.9,1428,0
931,tt15978212,Ya Boy Kongming!,Paripi Koumei,tvSeries,2022,2022,24,"Animation,Comedy,Drama",7.5,1425,0
932,tt32508529,Let This Grieving Soul Retire!,Nageki no Bôrei wa Intai Shitai,tvSeries,2024,\N,\N,"Action,Adventure,Animation",6.7,1425,0
933,tt28454318,BUCCHIGIRI?!,Bucchigiri?!,tvMiniSeries,2024,2024,24,"Action,Adventure,Animation",6.2,1419,0
934,tt0455295,Zatch Bell!,Zatch Bell!,tvSeries,2003,2013,30,"Action,Adventure,Animation",7.2,1415,0
935,tt11428586,Somali and the Forest Spirit,Somari to Mori no Kamisama,tvSeries,2020,2020,24,"Adventure,Animation,Drama",7.5,1415,0
936,tt6755926,Re: Creators,Re: Creators,tvSeries,2017,2017,24,"Action,Animation,Fantasy",6.9,1414,0
937,tt10362632,How Heavy Are the Dumbbells You Lift?,Dumbbell Nan Kilo Moteru?,tvSeries,2019,2019,\N,"Animation,Comedy,Sport",6.9,1410,0
938,tt29141921,Tying the Knot with an Amagami Sister,Amagami-san Chi no Enmusubi,tvSeries,2024,2025,23,"Animation,Comedy,Drama",6.6,1408,0
939,tt30644010,The Weakest Tamer Began a Journey to Pick Up Trash,Saijaku Tamer wa Gomi Hiroi no Tabi wo Hajimemashita.,tvSeries,2024,2024,24,"Adventure,Animation,Fantasy",7.3,1406,0
940,tt0250141,CardCaptors,CardCaptors,tvSeries,2000,2003,20,"Action,Animation,Drama",8.0,1405,0
941,tt8043492,Forest of Piano,Piano no Mori,tvSeries,2018,2019,25,"Adventure,Animation,Drama",7.3,1405,0
942,tt27419998,KamiKatsu: Working for God in a Godless World,Kaminaki Sekai no Kamisama Katsudou,tvSeries,2023,2023,24,"Adventure,Animation,Comedy",6.1,1399,0
943,tt6220550,Hip Whip Girl: Keijo!!!!!!,Hip Whip Girl: Keijo!!!!!!,tvMiniSeries,2016,2017,25,"Action,Animation,Comedy",6.7,1399,0
944,tt3385538,Initial D: Fifth Stage,Initial D: Fifth Stage,tvSeries,2012,2013,30,"Action,Animation,Sport",8.0,1396,0
945,tt0972713,Shakugan No Shana,Shakugan no Shana,tvSeries,2005,2010,\N,"Action,Adventure,Animation",6.9,1394,0
946,tt2341806,To Love-Ru - Darkness,To Love-Ru - Darkness,tvSeries,2012,2017,25,"Animation,Comedy,Drama",7.0,1394,0
947,tt32512773,Loner Life in Another World,Hitoribocchi no Isekai Kôryaku,tvSeries,2024,2024,24,"Action,Adventure,Animation",6.5,1391,0
948,tt2294070,Code: Breaker,Code: Breaker,tvSeries,2012,2012,\N,"Adventure,Animation,Crime",6.6,1390,0
949,tt0366848,Please Teacher!,Onegai Teacher,tvSeries,2002,2002,25,"Animation,Comedy,Romance",6.9,1388,0
950,tt14825954,Exception,Exception,tvMiniSeries,2022,2022,30,"Animation,Drama,Horror",6.5,1386,0
951,tt32550272,Medaka Kuroiwa Is Impervious to My Charms,Kuroiwa Medaka ni Watashi no Kawaî ga Tsûjinai,tvSeries,2025,\N,\N,"Animation,Comedy,Romance",6.5,1372,0
952,tt0878230,Black Blood Brothers,Black Blood Brothers,tvSeries,2006,\N,\N,"Action,Animation,Comedy",6.8,1370,0
953,tt7765890,Aggressive Retsuko,Aggressive Retsuko,tvSeries,2016,2018,\N,"Animation,Comedy,Musical",8.1,1369,0
954,tt1857425,Saint Seiya: The Hades Chapter - Elysion,Seinto Seiya: Meio Hades Elysion-hen,tvSeries,2008,\N,25,"Action,Adventure,Animation",8.1,1365,0
955,tt32178571,Nina the Starry Bride,Hoshifuru Ôkoku no Nina,tvMiniSeries,2024,2025,\N,"Animation,Drama,Fantasy",6.6,1364,0
956,tt5878004,Handa-kun,Handa-kun,tvSeries,2016,2016,24,"Animation,Comedy",7.1,1364,0
957,tt14872196,The Grimm Variations,Grimm Kumikyoku,tvSeries,2024,\N,45,"Animation,Drama,Fantasy",6.3,1360,0
958,tt3590222,The World Is Still Beautiful,Soredemo sekai wa utsukushii,tvMiniSeries,2014,2014,23,"Adventure,Animation,Fantasy",7.2,1359,0
959,tt0925436,Idaten Jump,Idaten Jump,tvSeries,2005,2006,20,"Adventure,Animation,Comedy",8.5,1357,0
960,tt0196050,Nobody's Boy: Remi,Rittai anime ie naki ko Remi,tvSeries,1977,1978,24,"Adventure,Animation,Drama",7.9,1356,0
961,tt0892861,The Wallflower,Yamato nadeshiko shichihenge,tvSeries,2006,2007,25,"Animation,Comedy,Drama",7.3,1354,0
962,tt39281887,Jaadugar: A Witch in Mongolia,Tenmaku no jâdûgaru,tvSeries,2026,\N,\N,"Adventure,Animation,History",8.4,1353,0
963,tt4219244,World Break: Aria of Curse for a Holy Swordsman,Seiken Tsukai no World Break,tvSeries,2015,2015,24,"Action,Animation,Fantasy",6.7,1353,0
964,tt2595486,Love Live! School Idol Project,Love Live!: School Idol Project,tvSeries,2013,2014,25,"Animation,Comedy,Drama",7.2,1352,0
965,tt6407994,Gabriel DropOut,Gabriel DropOut,tvMiniSeries,2017,2017,24,"Animation,Comedy,Fantasy",7.1,1352,0
966,tt36469298,Dealing with Mikadono Sisters Is a Breeze,"Mikadono San Shimai wa Angai, Choroi",tvSeries,2025,2025,\N,"Animation,Comedy,Romance",7.6,1350,0
967,tt0159182,Mobile Fighter G Gundam,Kidô Butôden Jî Gandamu,tvSeries,1994,1995,30,"Action,Adventure,Animation",7.5,1342,0
968,tt0107731,Oh My Goddess!,Aa! Megamisama!,tvMiniSeries,1993,1994,160,"Animation,Comedy,Drama",7.4,1337,0
969,tt1746043,Princess Jellyfish,Kurage hime,tvSeries,2010,2010,22,"Animation,Comedy,Romance",7.7,1337,0
970,tt14187728,Rust-Eater Bisco,Sabikui Bisco,tvSeries,2022,2022,24,"Action,Adventure,Animation",6.9,1332,0
971,tt0444745,Princess Tutu,Purinsesu Chuchu,tvSeries,2002,2003,30,"Adventure,Animation,Comedy",8.0,1330,0
972,tt0872301,Ah! My Goddess,Aa Megamisama,tvSeries,2005,2005,25,"Animation,Comedy,Drama",7.2,1330,0
973,tt7694276,Juuni Taisen: Zodiac War,Juuni Taisen,tvSeries,2017,2017,24,"Action,Animation,Fantasy",6.5,1328,0
974,tt0324700,Boogiepop Never Laughs: Boogiepop Phantom,Boogiepop Phantom: Boogiepop wa Warawanai,tvMiniSeries,2000,2000,24,"Animation,Drama,Horror",7.2,1327,0
975,tt15018116,Love of Kill,Koroshi Ai,tvMiniSeries,2022,2022,24,"Action,Animation,Crime",6.8,1325,0
976,tt3563898,Brynhildr in the Darkness,Gokukoku no Brynhildr,tvMiniSeries,2014,2014,22,"Action,Animation,Drama",6.6,1323,0
977,tt12779780,Fena: Pirate Princess,Kaizoku oujo,tvSeries,2021,2021,\N,"Action,Adventure,Animation",7.0,1321,0
978,tt15538376,Sugar Apple Fairy Tale,Sugar Apple Fairy Tale,tvSeries,2023,2023,25,"Action,Adventure,Animation",7.2,1321,0
979,tt32501772,"The Most Notorious ""Talker"" Runs the World's Greatest Clan",Saikyô no Shienshoku [Wajutsushi] Dearu ore wa Sekai Saikyô Kuran o Shitagaeru,tvSeries,2024,\N,\N,"Action,Adventure,Animation",7.3,1320,0
980,tt0111973,Fushigi Yûgi: The Mysterious Play,Fushigi Yûgi,tvSeries,1995,2002,23,"Adventure,Animation,Drama",7.7,1315,0
981,tt12378990,Mother of the Goddess' Dormitory,Megami-ryou no Ryoubo-kun.,tvMiniSeries,2021,2021,25,"Animation,Comedy,Romance",6.4,1314,0
982,tt4801510,Ushio & Tora,Ushio & Tora,tvSeries,2015,2016,24,"Action,Animation,Comedy",7.6,1314,0
983,tt0294086,The Kickers,Ganbare! Kikkâzu,tvSeries,1986,1988,24,"Animation,Comedy,Drama",7.4,1313,0
984,tt14396202,Love After World Domination,Koi wa Sekai Seifuku no Ato de,tvSeries,2022,2022,23,"Action,Animation,Comedy",7.1,1313,0
985,tt6322684,Initial D: Final Stage,Initial D: Final Stage,tvSeries,2014,2014,27,"Action,Animation,Sport",8.4,1310,0
986,tt35437675,Uma Musume: Cinderella Gray,Umamusume Shinderera Gurei,tvSeries,2025,\N,\N,"Animation,Comedy,Drama",8.2,1308,0
987,tt3985228,Shirobako,Shirobako,tvSeries,2014,2015,\N,"Animation,Comedy,Drama",7.9,1307,0
988,tt5637108,Twin Star Exorcists,Sôsei no onmyôji,tvSeries,2016,2017,24,"Action,Animation,Fantasy",7.0,1304,0
989,tt9193770,Isekai Quartet,Isekai Quartet,tvSeries,2019,\N,12,"Animation,Comedy,Fantasy",7.0,1304,0
990,tt2575690,"Problem Children Are Coming from Another World, Aren't They?",Mondaiji-tachi ga isekai kara kuru sô desu yo?,tvMiniSeries,2013,2013,26,"Action,Animation,Comedy",6.8,1301,0
991,tt6435350,Interviews with Monster Girls,Demi-chan wa kataritai,tvMiniSeries,2017,2017,24,"Animation,Comedy,Fantasy",7.3,1292,0
992,tt35436364,"Please Put Them On, Takamine-san","Haite Kudasai, Takamine-san",tvSeries,2025,\N,\N,"Animation,Comedy,Romance",5.8,1290,0
993,tt10417586,O Maidens in Your Savage Season,Araburu Kisetsu no Otome-domo yo.,tvSeries,2019,2019,24,"Animation,Comedy,Drama",7.2,1286,0
994,tt11192890,Life Lessons with Uramichi Oniisan,Uramichi Oniisan,tvSeries,2021,2021,\N,"Animation,Comedy",7.3,1286,0
995,tt13618148,Koikimo,Koi to Yobu ni wa Kimochi Warui,tvMiniSeries,2021,2021,24,"Animation,Comedy,Romance",7.1,1285,0
996,tt2387612,Persona4 the ANIMATION,Persona4 the ANIMATION,tvSeries,2011,2012,25,"Action,Adventure,Animation",7.6,1279,0
997,tt0165046,Mega Man,Mega Man,tvSeries,1994,1995,22,"Action,Adventure,Animation",6.5,1275,0
998,tt29899598,A Condition Called Love,Hananoi-kun to Koi no Yamai,tvSeries,2024,\N,\N,"Animation,Drama,Romance",6.6,1274,0
999,tt10204658,"Sing ""Yesterday"" for Me",Yesterday wo Utatte,tvSeries,2020,2020,23,"Animation,Drama,Romance",6.8,1272,0
1000,tt7415066,Sword Gai: The Animation,Sword Gai: The Animation,tvSeries,2018,2018,22,"Animation,Fantasy",5.7,1272,0
1001,tt1674117,Hero 108,Hero: 108,tvSeries,2010,2012,30,"Action,Adventure,Animation",6.0,1268,0
1002,tt0131160,Cat's Eye,Cat's Eye,tvSeries,1983,1985,24,"Action,Adventure,Animation",7.3,1267,0
1003,tt13943462,The Dungeon of Black Company,Meikyuu Black Company,tvMiniSeries,2021,2021,23,"Animation,Comedy,Fantasy",6.5,1263,0
1004,tt2552240,Oreshura: My Girlfriend and Childhood Friend Fight Too Much,Ore no kanojo to osananajimi ga shuraba sugiru,tvMiniSeries,2013,2013,23,"Animation,Comedy,Romance",6.4,1263,0
1005,tt5334364,Undefeated Bahamut Chronicle,Saijaku muhai no Bahamut,tvMiniSeries,2016,2016,24,"Action,Animation,Fantasy",6.3,1263,0
1006,tt0112057,Magic Knight Rayearth,Magic Knight Rayearth,tvSeries,1994,1995,20,"Action,Adventure,Animation",7.5,1260,0
1007,tt7513452,Just Because!,Just Because,tvMiniSeries,2017,2017,23,"Animation,Drama,Romance",6.9,1258,0
1008,tt0159386,Crying Freeman,Kuraingu Furiman,tvMiniSeries,1988,1994,60,"Action,Animation,Crime",6.9,1256,0
1009,tt6427166,Descending Stories: Showa Genroku Rakugo Shinju,Shouwa Genroku Rakugo Shinjuu: Sukeroku Futatabi-hen,tvSeries,2017,2017,24,"Animation,Drama",8.4,1254,0
1010,tt13971512,The Duke of Death and His Maid,Shinigami Bocchan to Kuro Maid,tvSeries,2021,2024,24,"Animation,Comedy,Drama",7.2,1249,0
1011,tt21114720,Engage Kiss,Engage Kiss,tvSeries,2022,2022,24,"Action,Animation,Comedy",6.5,1249,0
1012,tt32336365,Journal with Witch,Ikoku Nikki,tvSeries,2026,2026,\N,"Animation,Drama",8.4,1248,0
1013,tt0088655,A.D. Police Files,AD Police Files,tvMiniSeries,1990,1990,121,"Animation,Crime,Horror",6.6,1247,0
1014,tt0203128,Mobile Suit Gundam Wing: Endless Waltz,Shin Kidô Senki Gandamu Uingu Endoresu Warutsu,tvMiniSeries,1997,1997,90,"Action,Animation,Drama",7.6,1243,0
1015,tt0307427,s-CRY-ed,Scryed,tvSeries,2001,2001,629,"Action,Adventure,Animation",6.9,1241,0
1016,tt2301807,Naruto SD: Rock Lee & His Ninja Pals,Naruto SD: Rokku Rî no seishun Furu Pawâ ninden,tvSeries,2012,2013,24,"Action,Animation,Comedy",7.1,1241,0
1017,tt21342052,Chillin' in My 30s After Getting Fired from the Demon King's Army,Kaiko sareta Ankoku Heishi (30-dai) no Slow na Second Life,tvSeries,2023,2023,23,"Adventure,Animation,Comedy",6.7,1239,0
1018,tt33999377,Kowloon Generic Romance,Kowloon Generic Romance,tvSeries,2025,2025,\N,"Animation,Drama,Romance",7.1,1238,0
1019,tt15739134,The Demon Sword Master of Excalibur Academy,Seiken Gakuin no Makentsukai,tvMiniSeries,2023,2023,23,"Action,Animation,Fantasy",6.1,1236,0
1020,tt6777074,Love Tyrant,Renai Boukun,tvSeries,2017,2017,24,"Animation,Comedy,Drama",6.3,1231,0
1021,tt13444580,Battle Game in 5 Seconds,Deatte 5 Byou de Battle,tvSeries,2021,2021,23,"Action,Animation,Fantasy",6.7,1228,0
1022,tt2942228,Yowamushi Pedal,Yowamushi pedaru,tvSeries,2013,\N,23,"Animation,Comedy,Drama",7.6,1224,0
1023,tt0206516,Tiger Mask,Taigâ masuku,tvSeries,1969,1982,23,"Action,Adventure,Animation",7.3,1222,0
1024,tt1216196,Special A,S.A: Supesharu ê,tvSeries,2008,2008,24,"Animation,Comedy,Drama",7.2,1222,0
1025,tt1566464,New Captain Tsubasa,Shin Captain Tsubasa,tvSeries,1989,1990,30,"Animation,Drama,Family",7.6,1220,0
1026,tt13056398,Alice in Borderland,Imawa no Kuni no Alice,tvMiniSeries,2014,2015,23,"Action,Animation,Fantasy",6.8,1218,0
1027,tt35014218,The Unaware Atelier Meister,"Kanchigai no Atelier Meister: Eiyuu Party no Moto Zatsuyou-Gakari ga, Jitsu wa Sentou Igai ga SSS Rank Datta to Iu Yoku Aru Hanashi",tvMiniSeries,2025,2025,\N,"Action,Adventure,Animation",6.5,1216,0
1028,tt31146105,The New Gate,The New Gate,tvSeries,2024,\N,20,"Action,Adventure,Animation",6.5,1211,0
1029,tt0805960,Speed Grapher,Speed Grapher,tvSeries,2005,2005,25,"Action,Adventure,Animation",7.0,1209,0
1030,tt11299538,Kakushigoto,Kakushigoto,tvMiniSeries,2020,2020,23,"Animation,Comedy,Drama",7.3,1209,0
1031,tt0058817,Kimba the White Lion,Janguru taitei,tvSeries,1965,1966,24,"Adventure,Animation,Family",6.9,1208,0
1032,tt37182080,"Go for It, Nakamura-kun!!",Ganbare! Nakamura-kun!!,tvSeries,2026,2026,\N,"Animation,Comedy,Romance",8.0,1206,0
1033,tt28521881,Good Night World,Good Night World,tvSeries,2023,2023,24,"Animation,Comedy,Drama",6.4,1205,0
1034,tt5321046,Myriad Colors Phantom World,Musaigen No Phantom World,tvSeries,2016,\N,24,"Animation,Fantasy",6.2,1204,0
1035,tt39287518,Kaguya-sama: Love Is War - Stairway to Adulthood,Kaguya-sama wa Kokurasetai: Otona e no Kaidan,tvSeries,2025,\N,\N,"Animation,Comedy,Romance",8.6,1199,0
1036,tt0056739,Astro Boy,Astro Boy,tvSeries,1963,1965,30,"Action,Adventure,Animation",7.4,1197,0
1037,tt33615810,I Left My A-Rank Party to Help My Former Students Reach the Dungeon Depths!,"A-Ranku Pâtî wo Ridatsu Shita Ore wa, Moto Oshiego-tachi to Meikyû Shinbu wo Mezasu.",tvSeries,2025,\N,\N,"Action,Adventure,Animation",6.3,1197,0
1038,tt0466352,The Prince of Tennis,Tenisu no ôjisama,tvSeries,2001,2005,\N,"Action,Animation,Comedy",7.3,1196,0
1039,tt29370857,Ron Kamonohashi's Forbidden Deductions,Kamonohashi Ron no Kindan Suiri,tvSeries,2023,\N,\N,"Animation,Comedy,Crime",7.2,1195,0
1040,tt2298919,Lupin the Third: The Woman Called Fujiko Mine,Lupin the Third: Mine Fujiko to iu onna,tvMiniSeries,2012,2012,20,"Action,Adventure,Animation",7.7,1190,0
1041,tt7940468,Fate/Extra Last Encore,Fate/Extra Last Encore,tvSeries,2018,2018,24,"Action,Animation,Fantasy",5.4,1190,0
1042,tt0214354,Zoids: New Century,Kijû shinseiki Zoid,tvSeries,2001,2001,24,"Action,Animation,Fantasy",7.4,1189,0
1043,tt32333026,The Strongest Magician in the Demon Lord's Army was a Human,Maougun Saikyou no Majutsushi wa Ningen datta,tvSeries,2024,2024,\N,"Action,Adventure,Animation",6.2,1189,0
1044,tt1161699,"Goodbye, Mr. Despair","Sayonara, zetsubô sensei",tvSeries,2007,2009,24,"Animation,Comedy,Drama",7.3,1188,0
1045,tt21844706,A Galaxy Next Door,Otonari ni Ginga,tvMiniSeries,2023,2023,23,"Animation,Comedy,Drama",6.8,1188,0
1046,tt26713948,Ishura,Ishura,tvSeries,2024,2025,23,"Action,Adventure,Animation",6.4,1186,0
1047,tt9883346,The Helpful Fox Senko-san,Sewayaki Kitsune no Senko-san,tvSeries,2019,\N,24,"Animation,Comedy,Fantasy",6.8,1185,0
1048,tt30488398,Tales of Wedding Rings,Kekkon Yubiwa Monogatari,tvSeries,2024,\N,24,"Action,Adventure,Animation",5.6,1180,0
1049,tt7808370,Pop Team Epic,Poputepipikku,tvSeries,2018,2022,24,"Animation,Comedy",6.9,1179,0
1050,tt0353685,Macross Zero,Macross Zero,tvMiniSeries,2002,2004,35,"Action,Animation,Drama",7.6,1174,0
1051,tt14506186,In the Land of Leadale,Leadale no Daichi nite,tvMiniSeries,2022,2022,23,"Adventure,Animation,Comedy",6.6,1174,0
1052,tt29958256,Sand Land: The Series,Sand Land: The Series,tvSeries,2024,2024,25,"Action,Adventure,Animation",7.6,1174,0
1053,tt10882992,Didn't I Say to Make My Abilities Average in the Next Life?!,"Watashi, Nouryoku wa Heikinchi de tte Itta yo ne!",tvSeries,2019,2019,23,"Action,Adventure,Animation",6.4,1173,0
1054,tt0429363,GetBackers,Gettobakkâzu dakkanya,tvSeries,2002,2003,24,"Action,Adventure,Animation",7.3,1170,0
1055,tt0143353,The Guyver: Bio-Booster Armor,Kyôshoku sôkô Guyver,tvSeries,1989,1992,53,"Action,Animation,Horror",7.5,1167,0
1056,tt7161104,Welcome to the Ballroom,Ballroom e Youkoso,tvSeries,2017,2017,24,"Animation,Music,Sport",7.8,1167,0
1057,tt0074002,3000 Leagues in Search of Mother,Haha wo tazunete sanzenri,tvSeries,1976,1976,25,"Adventure,Animation,Drama",7.3,1166,0
1058,tt0124228,Astro Boy,Shin Tetsuwan Atom,tvSeries,1980,1981,24,"Action,Adventure,Animation",7.3,1165,0
1059,tt0807675,Girls Bravo,Girls Bravo,tvSeries,2004,2005,25,"Animation,Comedy,Fantasy",6.3,1164,0
1060,tt0450373,Bobobo-bo Bo-bobo,Bobobo-bo Bo-bobo,tvSeries,2003,2005,26,"Action,Adventure,Animation",7.0,1161,0
1061,tt0122834,Samurai Pizza Cats,Samurai Pizza Cats,tvSeries,1990,1991,30,"Action,Animation,Comedy",7.2,1160,0
1062,tt2552230,Maoyu ~ Archenemy & Hero,Maoyû: Maô Yûsha,tvSeries,2013,2013,23,"Animation,Fantasy,Romance",6.7,1154,0
1063,tt31844529,Why Does Nobody Remember Me in This World?,Naze Boku no Sekai wo Daremo Oboeteinai no ka?,tvSeries,2024,\N,24,"Action,Adventure,Animation",6.2,1153,0
1064,tt5861670,Tales of Zestiria the X,Tales of Zestiria the X,tvSeries,2016,2017,24,"Action,Adventure,Animation",6.7,1151,0
1065,tt27845099,Reign of the Seven Spellblades,Nanatsu no Maken ga Shihai Suru,tvSeries,2023,2023,\N,"Action,Animation,Fantasy",6.4,1150,0
1066,tt21230432,The Yakuza's Guide to Babysitting,Kumichou Musume to Sewagakari,tvSeries,2022,2022,23,"Animation,Comedy,Crime",7.3,1149,0
1067,tt9522316,My Roommate Is a Cat,"Doukyonin wa Hiza, Tokidoki, Atama no Ue.",tvSeries,2019,2019,24,"Animation,Comedy,Drama",7.7,1147,0
1068,tt30400535,Rising Impact,Raijingu Inpakuto,tvSeries,2024,\N,28,"Animation,Drama,Sport",7.7,1146,0
1069,tt6692956,Princess Principal,Princess Principal,tvMiniSeries,2017,2017,25,"Action,Adventure,Animation",7.6,1146,0
1070,tt6071336,Pokémon Generations,Pokémon Generations,tvSeries,2016,2016,5,"Adventure,Animation,Short",7.7,1145,0
1071,tt2017925,Penguindrum,Mawaru-Penguindrum,tvSeries,2011,2011,\N,"Animation,Comedy,Drama",7.4,1143,0
1072,tt9828696,Ao-chan Can't Study,Ao-chan Can't Study!,tvSeries,2019,2019,12,"Animation,Comedy,Romance",6.4,1143,0
1073,tt8696458,Happy Sugar Life,Happy Sugar Life,tvSeries,2018,2018,24,"Animation,Crime,Drama",6.4,1142,0
1074,tt1033796,Den-Noh Coil,Dennô koiru,tvSeries,2007,2007,\N,"Adventure,Animation,Comedy",7.7,1141,0
1075,tt3503520,"Ronja, the Robber's Daughter",Sanzoku no musume Rônya,tvSeries,2014,2015,25,"Animation,Family,Fantasy",7.0,1141,0
1076,tt3111906,Yamishibai: Japanese Ghost Stories,Yami shibai,tvSeries,2013,\N,5,"Animation,Horror,Short",7.0,1134,0
1077,tt0235119,Casshern Sins,Casshern Sins,tvSeries,2008,2009,24,"Action,Adventure,Animation",7.0,1132,0
1078,tt1343645,Pandora Hearts,PandoraHearts,tvSeries,2009,2009,24,"Action,Animation,Comedy",7.0,1130,0
1079,tt0872308,Noein: To Your Other Self,Noein: Mô hitori no kimi he,tvSeries,2005,2006,25,"Action,Adventure,Animation",7.4,1129,0
1080,tt2878716,Hellsing: The Dawn,Hellsing: The Dawn,tvMiniSeries,2011,2012,7,"Action,Animation,Drama",6.6,1129,0
1081,tt37532319,Tojima Wants to Be a Kamen Rider,Toujima Tanzaburou wa Kamen Rider ni Naritai,tvSeries,2025,\N,\N,"Action,Animation,Comedy",7.6,1129,0
1082,tt5862798,New Game!,New Game!,tvSeries,2016,2017,24,"Animation,Comedy,Drama",7.2,1129,0
1083,tt12367868,Higurashi: When They Cry - GOU,Higurashi no naku koro ni: Gou,tvSeries,2020,2021,\N,"Animation,Drama,Horror",6.9,1128,0
1084,tt0411002,Rumbling Hearts,Kimi ga nozomu eien,tvMiniSeries,2003,2004,\N,"Animation,Drama,Romance",7.5,1125,0
1085,tt31131310,Mission: Yozakura Family,Yozakura-san Chi no Daisakusen,tvSeries,2024,\N,\N,"Action,Adventure,Animation",6.9,1118,0
1086,tt12291822,Hyperventilation,Hyperventilation,tvMiniSeries,2017,2017,3,"Animation,Drama,Romance",7.5,1117,0
1087,tt8747928,SSSS.Gridman,SSSS.Gridman,tvSeries,2018,2018,23,"Action,Adventure,Animation",6.9,1117,0
1088,tt1070744,The Familiar of Zero: Knight of the Twin Moons,Zero no tsukaima: Futatsuki no kishi,tvSeries,2007,2007,24,"Animation,Comedy,Drama",7.1,1107,0
1089,tt10937602,Ahiru no Sora,Ahiru no Sora,tvSeries,2019,\N,\N,"Animation,Sport",7.2,1107,0
1090,tt0283710,Belle and Sebastian,Meiken Jolie,tvSeries,1981,1982,24,"Adventure,Animation",7.3,1106,0
1091,tt0168338,Remi the Homeless Girl,Ie naki ko Remi,tvSeries,1996,1997,24,"Adventure,Animation,Drama",8.2,1105,0
1092,tt0331743,Gravitation,Gurabiteshon,tvMiniSeries,2000,2001,22,"Animation,Comedy,Drama",7.1,1105,0
1093,tt1682200,Ikkyu the Little Monk,Ikkyû san,tvSeries,1975,1982,30,"Animation,Comedy,History",7.4,1103,0
1094,tt5334292,Dimension W,Dimension W,tvSeries,2016,2016,25,"Action,Animation,Sci-Fi",6.8,1101,0
1095,tt0367369,MegaMan: NT Warrior,MegaMan: NT Warrior,tvSeries,2002,2005,25,"Action,Adventure,Animation",6.8,1100,0
1096,tt10347622,"If It's for My Daughter, I'd Even Defeat a Demon Lord","Uchi no Ko no Tame naraba, Ore wa Moshikashitara Maou mo Taoseru kamo Shirenai.",tvSeries,2019,2019,24,"Adventure,Animation,Comedy",7.0,1098,0
1097,tt39392013,Gameoverse,Gameoverse,tvSeries,2026,\N,32,"Action,Adventure,Animation",7.8,1098,0
1098,tt5346952,Dagashi Kashi,Dagashi kashi,tvSeries,2016,2018,24,"Animation,Comedy,Romance",6.2,1098,0
1099,tt22410622,My Home Hero,My Home Hero,tvSeries,2023,\N,23,"Animation,Crime,Drama",7.1,1093,0
1100,tt7224994,Restaurant to Another World,Isekai Shokudô,tvSeries,2017,2021,23,"Animation,Fantasy,Sci-Fi",7.2,1093,0
1101,tt0444953,Kaleido Star,Kaleido Star,tvSeries,2003,2004,23,"Animation,Comedy,Drama",7.8,1091,0
1102,tt0464769,Bludgeoning Angel Dokuro-chan,Bokusatsu tenshi Dokuro-chan,tvMiniSeries,2005,2007,26,"Animation,Comedy,Fantasy",6.6,1089,0
1103,tt35127440,Sanda,Sanda,tvSeries,2025,2025,\N,"Action,Adventure,Animation",6.9,1089,0
1104,tt8010544,PERSONA5 the Animation,PERSONA5 the Animation,tvSeries,2018,2019,24,"Action,Animation,Crime",6.6,1088,0
1105,tt0107228,Iria: Zeiram the Animation,Iria: Zeiram the Animation,tvMiniSeries,1994,1994,162,"Action,Animation,Horror",7.0,1087,0
1106,tt0235138,Space Cobra,Space Cobra,tvSeries,1982,1983,24,"Action,Adventure,Animation",8.3,1084,0
1107,tt7112160,FLCL Progressive,FLCL Progressive,tvMiniSeries,2018,2018,138,"Action,Animation,Comedy",5.8,1084,0
1108,tt9050480,IRODUKU: The World in Colors,Irozuku sekai no ashita kara,tvMiniSeries,2018,2018,24,"Animation,Drama,Fantasy",7.4,1084,0
1109,tt4508686,Ghost in the Shell Arise: Alternative Architecture,Kôkaku Kidôtai Araizu Orutanatibu Âkitekucha,tvSeries,2015,2015,275,"Action,Animation,Drama",7.3,1082,0
1110,tt21844490,Dark Gathering,Dark Gathering,tvSeries,2023,2023,\N,"Animation,Fantasy,Horror",7.2,1081,0
1111,tt6477270,Grimoire of Zero,Zero kara Hajimeru Mahou no Sho,tvMiniSeries,2017,2017,25,"Adventure,Animation,Fantasy",6.8,1080,0
1112,tt8253268,Uma Musume: Pretty Derby,Umamusume Puritî Dâbî,tvSeries,2018,\N,\N,"Animation,Comedy,Drama",7.3,1077,0
1113,tt22087138,Goddess Cafe Terrace,Megami no Cafe Terrace,tvSeries,2023,2024,\N,"Animation,Comedy,Romance",6.8,1076,0
1114,tt0928094,Kemonozume,Kemonozume,tvMiniSeries,2006,2006,23,"Action,Animation,Drama",7.5,1073,0
1115,tt12728882,Adachi to Shimamura,Adachi to Shimamura,tvMiniSeries,2020,2020,24,"Animation,Drama,Romance",6.9,1073,0
1116,tt33309549,Shiboyugi: Playing Death Games to Put Food on the Table,Shibô Yûgi de Meshi wo Kû.,tvSeries,2026,\N,\N,"Action,Animation,Drama",6.5,1072,0
1117,tt0160423,Patlabor: Early Days,Kidô keisatsu patorebâ,tvMiniSeries,1988,1988,25,"Action,Animation,Comedy",7.3,1070,0
1118,tt9826314,Ultramarine Magmell,Gunjou no Magmell,tvSeries,2019,2019,24,"Action,Adventure,Animation",6.0,1068,0
1119,tt27571597,My Tiny Senpai,Uchi no Kaisha no Chiisai Senpai no Hanashi,tvSeries,2023,2023,\N,"Animation,Comedy,Romance",6.7,1067,0
1120,tt11645760,Digimon Adventure:,Digimon Adventure,tvSeries,2020,2021,24,"Action,Adventure,Animation",6.8,1066,0
1121,tt32731400,Apocalypse Bringer Mynoghra: World Conquest Starts with the Civilization of Ruin,Isekai Mokushiroku Mainogûra ~Hametsu no Bunmei de Hajimeru Sekai Seifuku~,tvSeries,2025,\N,\N,"Action,Adventure,Animation",6.4,1066,0
1122,tt3296914,D-Frag!,D-Frag!,tvSeries,2014,2014,\N,"Animation,Comedy",7.2,1063,0
1123,tt23730842,Gamera: Rebirth,Gamera: Rebirth,tvSeries,2023,\N,47,"Action,Adventure,Animation",6.6,1060,0
1124,tt0184109,Dragon Quest: Dai's Great Adventure,Doragon kuesuto: Dai no daibouken,tvSeries,1991,1992,30,"Action,Adventure,Animation",7.8,1059,0
1125,tt1586814,Dance in the Vampire Bund,Dansu in za vanpaia bando,tvMiniSeries,2010,2010,\N,"Action,Animation,Drama",6.5,1059,0
1126,tt0387775,Cromartie High School,Sakigake!! Cromartie Kôkô,tvSeries,2003,2004,12,"Animation,Comedy",7.6,1057,0
1127,tt0168283,Tales of Little Women,Ai no wakakusa monogatari,tvSeries,1987,1987,29,"Animation,Drama,Family",7.4,1051,0
1128,tt0305094,Robin Hood,Robin Fuddo no Daibôken,tvSeries,1990,1992,24,"Adventure,Animation,Comedy",7.3,1051,0
1129,tt0092386,Kimagure Orange Road,Kimagure orenji rôdo,tvSeries,1985,1988,25,"Animation,Comedy,Drama",7.6,1049,0
1130,tt0159933,Ronin Warriors,Yoroiden Samurai Torûpâ,tvSeries,1988,1995,23,"Action,Adventure,Animation",7.5,1049,0
1131,tt21197084,Raven of the Inner Palace,Koukyuu no Karasu,tvSeries,2022,2022,23,"Animation,Drama,Fantasy",7.4,1049,0
1132,tt0294099,Hello! Sandy Bell,Hello! Sandy Bell,tvSeries,1981,1982,24,"Adventure,Animation,Romance",7.7,1048,0
1133,tt2904656,Brothers Conflict,Burazâzu konfurikuto,tvMiniSeries,2013,2015,24,"Animation,Comedy,Romance",5.8,1047,0
1134,tt12464204,Peter Grill and the Philosopher's Time,Peter Grill to Kenja no Jikan,tvSeries,2020,2022,12,"Animation,Comedy,Fantasy",5.5,1046,0
1135,tt12402550,Sleepy Princess in the Demon Castle,Maou-jou de Oyasumi,tvSeries,2020,2020,23,"Animation,Comedy,Fantasy",7.5,1043,0
1136,tt16764368,Urusei yatsura,Urusei yatsura,tvSeries,2022,2024,25,"Action,Adventure,Animation",7.0,1041,0
1137,tt29233201,Bartender: Glass of God,Bartender: Kami no Glass,tvSeries,2024,2024,\N,"Animation,Drama",7.1,1039,0
1138,tt11585770,Haikyû!! Riku Tai Kû,Haikyû!! Riku Tai Kû,tvMiniSeries,2020,2020,23,"Animation,Comedy,Sport",7.5,1036,0
1139,tt13351614,The Orbital Children,Chikyûgai-shônen-shôjo,tvMiniSeries,2022,2022,38,"Adventure,Animation,Drama",6.4,1036,0
1140,tt0303503,Magical DoReMi,Ojamajo Doremi,tvSeries,1999,2004,24,"Action,Adventure,Animation",6.8,1035,0
1141,tt28247170,Doctor Elise: The Royal Lady with the Lamp,Gekai Elise,tvSeries,2024,2024,24,"Animation,Fantasy,Romance",6.9,1035,0
1142,tt15237164,Ningen Fushin: Adventurers Who Don't Believe in Humanity Will Save the World,Ningen Fushin no Bôkensha-tachi ga Sekai wo Sukû Yô Desu,tvSeries,2023,2023,\N,"Action,Adventure,Animation",6.0,1032,0
1143,tt9864132,Aikatsu Friends!,Aikatsu Friends!,tvSeries,2018,2019,24,"Adventure,Animation,Comedy",8.4,1027,0
1144,tt0388650,Transformers: Energon,Transformer: Super Link,tvSeries,2004,2004,24,"Action,Adventure,Animation",5.9,1026,0
1145,tt7039224,Rage of Bahamut: Virgin Soul,Shingeki no Bahamut: Virgin Soul,tvMiniSeries,2017,2017,23,"Action,Animation,Fantasy",7.3,1026,0
1146,tt0175385,Bubblegum Crisis: Tokyo 2040,Bubblegum Crisis: Tokyo 2040,tvSeries,1998,1999,30,"Action,Adventure,Animation",7.1,1023,0
1147,tt4045510,I Can't Understand What My Husband Is Saying,Danna ga Nani wo Itteiru ka Wakaranai Ken,tvSeries,2014,2015,3,"Animation,Comedy,Romance",6.7,1020,0
1148,tt3696476,Yu-Gi-Oh! Arc-V,Yu-Gi-Oh! Arc-V,tvSeries,2014,2018,20,"Adventure,Animation,Fantasy",6.2,1017,0
1149,tt32542096,Demon Lord 2099,Maô 2099,tvSeries,2024,2024,\N,"Action,Animation,Drama",6.9,1015,0
1150,tt12384506,Ex-Arm,Ex-Arm,tvSeries,2021,2021,24,"Action,Animation,Crime",1.8,1012,0
1151,tt1216150,Macross Frontier,Makurosu furontia,tvSeries,2008,2008,24,"Action,Animation,Music",7.8,1007,0
1152,tt0366004,D.N. Angel,D.N. Angel,tvSeries,2003,2003,\N,"Adventure,Animation,Comedy",6.9,1004,0
1153,tt3198956,Sakura Trick,Sakura Trick,tvMiniSeries,2014,2014,\N,"Animation,Comedy,Romance",6.9,1003,0
1154,tt33059860,"I May Be a Guild Receptionist, but I'll Solo Any Boss to Clock Out on Time","Girudo no Uketsukejô desu ga, Zangyô wa Iya nanode Bosu wo Soro Tôbatsu Shiyô to Omoimasu",tvMiniSeries,2024,2025,\N,"Action,Adventure,Animation",6.3,1002,0
1155,tt8948304,Yuuna and the Haunted Hot Springs,Yuragi-sou no Yuuna-san,tvSeries,2018,2020,24,"Action,Adventure,Animation",6.7,999,0
1156,tt28299608,MF Ghost,MF Ghost,tvSeries,2023,\N,24,"Action,Animation,Sport",7.3,998,0
1157,tt6279576,Cardcaptor Sakura: Clear Card Arc,Cardcaptor Sakura Clear Card-hen,tvSeries,2018,2018,25,"Adventure,Animation,Comedy",7.7,995,0
1158,tt0309226,Vandread,Vandread,tvSeries,2000,2001,\N,"Action,Animation,Comedy",7.0,994,0
1159,tt21606344,Love Flops,Renai Flops,tvSeries,2022,2022,\N,"Animation,Comedy,Romance",6.4,994,0
1160,tt6061174,When They Cry: Rei,Higurashi no Naku Koro ni: Rei,tvMiniSeries,2009,2009,30,"Animation,Comedy,Horror",7.0,993,0
1161,tt0168391,The Adventures of Tom Sawyer,Tomu Sôyâ no bôken,tvSeries,1980,1980,26,"Adventure,Animation,Comedy",8.0,990,0
1162,tt1097194,Ghost Hound,Ghost Hound,tvSeries,2007,2008,25,"Animation,Drama,Horror",7.3,989,0
1163,tt7933666,Kokkoku,Kokkoku,tvSeries,2018,2018,24,"Animation,Drama,Mystery",6.9,985,0
1164,tt33258199,A Wild Last Boss Appeared!,Yasei no Rasu Bosu ga Arawareta!,tvSeries,2025,\N,\N,"Action,Adventure,Animation",7.0,984,0
1165,tt5867902,Hybrid x Heart Magias Academy Ataraxia,Masou Gakuen HxH,tvMiniSeries,2016,2016,24,"Action,Animation,Comedy",5.8,983,0
1166,tt1739796,My Bride Is a Mermaid,Seto no hanayome,tvSeries,2007,2007,24,"Animation,Comedy,Fantasy",7.1,982,0
1167,tt0400537,Initial D: Extra Stage,Initial D: Extra Stage,tvMiniSeries,2001,2001,60,"Action,Animation,Romance",6.9,981,0
1168,tt12312004,Monster Girl Doctor,Monster Musume no Oisha-san,tvMiniSeries,2020,2020,24,"Animation,Comedy,Fantasy",6.2,980,0
1169,tt1258911,The Familiar of Zero: Rondo of Princesses,Zero no tsukaima: Purinsesse no rondo,tvSeries,2008,2009,24,"Action,Adventure,Animation",7.1,978,0
1170,tt4523640,Yo-kai Watch,Yokai wotchi,tvSeries,2014,2018,22,"Action,Adventure,Animation",6.1,976,0
1171,tt0865827,Shuffle!,Shuffle!,tvSeries,2005,2006,24,"Animation,Comedy,Drama",6.7,974,0
1172,tt12150836,Cells at Work! Code Black,Hataraku Saibo Black,tvSeries,2021,2021,24,"Action,Animation,Comedy",7.5,973,0
1173,tt33086804,Rooster Fighter,Niwatori Faitâ,tvSeries,2026,2026,\N,"Action,Animation,Comedy",7.1,973,0
1174,tt0996695,Eyeshield 21,Eyeshield 21,tvSeries,2005,2008,23,"Animation,Comedy,Drama",7.6,972,0
1175,tt5621006,Flying Witch,Flying Witch,tvSeries,2016,2016,23,"Animation,Comedy,Fantasy",7.2,972,0
1176,tt0996275,Strawberry Panic,Strawberry Panic,tvSeries,2006,2006,25,"Animation,Drama,Romance",7.1,970,0
1177,tt0488266,Guyver: The Bioboosted Armor,Kyôshoku sôkô Guyver,tvSeries,2005,2006,23,"Action,Adventure,Animation",7.7,967,0
1178,tt21929424,Onimai: I'm Now Your Sister!,Oniichan wa Oshimai!,tvMiniSeries,2023,2023,\N,"Animation,Comedy",6.7,967,0
1179,tt12305588,The Day I Became a God,Kamisama ni Natta hi,tvMiniSeries,2020,2020,24,"Animation,Comedy,Drama",6.7,966,0
1180,tt33310730,Medalist,Medarisuto,tvSeries,2025,\N,23,"Animation,Drama,Sport",8.0,966,0
1181,tt5853222,Sweetness & Lightning,Amaama to Inazuma,tvSeries,2016,2016,24,"Animation,Comedy,Drama",7.2,965,0
1182,tt0159184,Mobile Suit Gundam ZZ,Kidô senshi Gundam ZZ,tvSeries,1986,1987,30,"Action,Animation,Comedy",6.7,964,0
1183,tt2716982,Nura: Rise of the Yokai Clan,Nurarihyon no mago,tvSeries,2010,2014,\N,"Action,Animation,Comedy",7.3,963,0
1184,tt1661629,Perman,Paa-man,tvSeries,1967,1968,30,"Action,Adventure,Animation",7.4,962,0
1185,tt13677314,Taisho Otome Fairy Tale,Taisho Otome Otogi Banashi,tvSeries,2021,2021,23,"Animation,Comedy,Drama",7.6,961,0
1186,tt1579911,Monsuno,Monsuno,tvSeries,2011,2014,22,"Action,Adventure,Animation",5.4,960,0
1187,tt7407236,Legend of the Galactic Heroes: Die Neue These,Ginga Eiyû Densetsu: Die Neue These - Kaikou,tvSeries,2018,2022,25,"Action,Animation,Drama",7.8,960,0
1188,tt8396222,Yona of the Dawn OVA,Akatsuki no Yona OVA,tvMiniSeries,2015,2016,\N,"Action,Animation,Comedy",8.2,960,0
1189,tt9336256,Steins;Gate - The Sagacious Wisdom of Cognitive Computing,Steins;Gate: Soumei Eichi no Cognitive Computing,tvMiniSeries,2014,2014,3,"Animation,Comedy,Sci-Fi",6.9,960,0
1190,tt15533674,Akebi's Sailor Uniform,Akebi-chan no Sailor-fuku,tvSeries,2022,2022,24,"Animation,Comedy,Drama",7.2,959,0
1191,tt38646634,Hell Mode: The Hardcore Gamer Dominates in Another World with Garbage Balancing,Hell Mode: Yarikomi Suki no Gamer wa Hai Settei no Isekai de Musou Suru,tvSeries,2026,\N,\N,"Animation,Fantasy",7.0,959,0
1192,tt5989928,Gintama: Love Incense Arc,Gintama: Aizome Kaori-hen,tvMiniSeries,2016,2016,\N,"Adventure,Animation,Comedy",8.1,959,0
1193,tt2552204,Amnesia,Amnesia,tvSeries,2013,\N,\N,"Animation,Fantasy,Mystery",5.7,958,0
1194,tt13303478,We Baby Bears,We Baby Bears,tvSeries,2022,\N,11,"Adventure,Animation,Comedy",5.7,956,0
1195,tt22759504,The Quintessential Quintuplets,Gotoubun no Hanayome~,tvMiniSeries,2023,2023,\N,"Animation,Comedy,Drama",7.7,956,0
1196,tt0068792,Gatchaman,Kagaku ninja tai Gatchaman,tvSeries,1972,1980,26,"Action,Adventure,Animation",7.8,955,0
1197,tt1820941,Hanasaku Iroha,Hanasaku iroha,tvSeries,2011,2011,24,"Animation,Comedy,Drama",7.6,955,0
1198,tt10981954,No Guns Life,No Guns Life,tvSeries,2019,2020,\N,"Action,Animation,Sci-Fi",6.6,954,0
1199,tt6422976,Fuuka,Fuuka,tvSeries,2017,2017,24,"Animation,Comedy,Drama",6.4,951,0
1200,tt21141630,Fate/Stay Night: Heaven's Feel,Fate/Stay Night: Heaven's Feel,tvMiniSeries,2017,2020,\N,"Animation,Horror",8.0,950,0
1201,tt0103775,Bastard!!,Basutado!! Ankoku no hakaishin,tvMiniSeries,1992,1993,180,"Animation,Comedy,Fantasy",6.8,949,0
1202,tt10937632,Babylon,Babylon,tvSeries,2019,\N,23,"Animation,Drama,Mystery",6.5,949,0
1203,tt14669108,Life with an Ordinary Guy Who Reincarnated Into a Total Fantasy Knockout,Fantasy Bishoujo Juniku Ojisan to,tvSeries,2022,2022,25,"Adventure,Animation,Comedy",6.6,947,0
1204,tt9013220,Armed Girl's Machiavellism,Busou Shoujo Machiavellianism,tvMiniSeries,2017,2017,24,"Action,Animation,Comedy",6.6,947,0
1205,tt9225320,Radiant,Radiant,tvSeries,2018,2020,24,"Adventure,Animation,Fantasy",6.7,946,0
1206,tt1690400,The Legend of the Legendary Heroes,Densetsu no yuusha no densetsu,tvSeries,2010,\N,\N,"Action,Adventure,Animation",6.9,944,0
1207,tt0480499,Team Galaxy,Team Galaxy,tvSeries,2006,2008,26,"Adventure,Animation,Comedy",6.1,942,0
1208,tt6638842,Kino's Journey: The Beautiful World - The Animated Series,Kino no tabi,tvMiniSeries,2017,2017,23,"Adventure,Animation,Drama",7.2,942,0
1209,tt33050376,New Saga,Tsuyokute Nyû Sâga,tvSeries,2025,2025,24,"Action,Adventure,Animation",6.5,940,0
1210,tt10973152,Assassins Pride,Assassins Pride,tvSeries,2019,2019,24,"Action,Adventure,Animation",5.7,939,0
1211,tt19853780,The Legendary Hero Is Dead!,Yûsha ga shinda!,tvSeries,2023,2023,24,"Action,Adventure,Animation",6.3,937,0
1212,tt12415504,Kuma Kuma Kuma Bear,Kuma Kuma Kuma Bear,tvSeries,2020,\N,\N,"Action,Adventure,Animation",6.9,934,0
1213,tt0813691,Don Chuck Story,Don Chakku monogatari,tvSeries,1975,1978,22,"Adventure,Animation,Family",6.7,933,0
1214,tt1244322,Midori Days,Midori no hibi,tvMiniSeries,2004,2004,\N,"Animation,Comedy,Drama",7.2,930,0
1215,tt0910592,Akagi,Akagi,tvSeries,2005,2006,\N,"Animation,Sport,Thriller",7.8,929,0
1216,tt31141567,2.5 Dimensional Seduction,2.5-jigen no Ririsa,tvSeries,2024,\N,24,"Animation,Comedy,Romance",6.9,929,0
1217,tt39304754,Love Unseen Beneath the Clear Night Sky,"Tomei na Yoru ni Kakeru Kimi to, Me ni Mienai Koi wo Shita",tvSeries,2026,\N,\N,"Animation,Drama,Romance",8.6,929,0
1218,tt5954268,D.Gray-man Hallow,D.Gray-man Hallow,tvSeries,2016,2016,24,"Action,Animation,Drama",7.4,928,0
1219,tt2189266,Inazuma Eleven Go,Inazuma irebun go,tvSeries,2011,2012,23,"Animation,Family,Sport",7.1,927,0
1220,tt37205655,Nukitashi: The Animation,Nukitashi: The Animation,tvSeries,2025,2025,\N,"Animation,Romance",6.4,924,0
1221,tt3498072,The Kawai Complex Guide to Manors and Hostel Behavior,Bokura wa minna kawaisou,tvSeries,2014,2015,24,"Animation,Comedy,Drama",7.2,923,0
1222,tt29171919,The Vexations of a Shut-In Vampire Princess,Hikikomari Kyuuketsuki no Monmon,tvSeries,2023,2023,30,"Action,Animation,Comedy",6.9,922,0
1223,tt32582999,Hero Without a Class: Who Even Needs Skills?!,Mushoku no Eiyû: Betsu ni Sukiru Nanka Iranakattan da ga,tvSeries,2025,2025,\N,"Action,Adventure,Animation",6.3,921,0
1224,tt0843548,The Legend of Zorro,Kaiketsu Zoro,tvSeries,1994,1997,25,"Action,Adventure,Animation",7.6,920,0
1225,tt3432596,Dragonar Academy,Seikoku no Dragonar,tvSeries,2014,2014,24,"Action,Animation,Comedy",6.5,917,0
1226,tt9288892,Cagaster of an Insect Cage,Mushikago no Cagaster,tvMiniSeries,2020,2020,29,"Action,Animation,Drama",6.0,913,0
1227,tt3196310,Outbreak Company,Autobureiku Kanpanî,tvSeries,2013,2013,23,"Animation,Comedy,Drama",6.6,911,0
1228,tt0102847,3x3 Eyes,Sazan aizu,tvMiniSeries,1991,1992,110,"Animation,Fantasy,Horror",7.3,908,0
1229,tt0816393,Loveless,Loveless,tvMiniSeries,2005,2005,24,"Animation,Drama,Romance",6.7,908,0
1230,tt0127402,Transformers: The Headmasters,Transformers: The Headmasters,tvSeries,1987,1988,30,"Action,Adventure,Animation",6.9,907,0
1231,tt1278254,ChäoS;HEAd,Kaosu heddo,tvSeries,2008,2008,25,"Animation,Horror,Mystery",5.9,907,0
1232,tt34880941,Mobile Suit Gundam GQuuuuuuX,Kidô Senshi Gundam GQuuuuuuX,tvSeries,2025,2025,22,"Action,Adventure,Animation",6.8,907,0
1233,tt0270758,Agent Aika,Aika,tvMiniSeries,1997,1999,210,"Adventure,Animation,Comedy",5.9,905,0
1234,tt34621652,The Daily Life of a Middle-Aged Online Shopper in Another World,Arafou Otoko no Isekai Tsuuhan,tvSeries,2025,2025,\N,"Animation,Comedy,Fantasy",6.4,902,0
1235,tt33349897,I Have a Crush at Work,Kono kaisha ni suki na hito ga imasu,tvSeries,2025,2025,\N,"Animation,Comedy,Drama",7.1,901,0
1236,tt2187287,Waiting in the Summer,Ano natsu de matteru,tvMiniSeries,2012,2014,24,"Animation,Comedy,Drama",7.0,899,0
1237,tt3246306,Freezing Vibration,Freezing Vibration,tvMiniSeries,2013,2014,23,"Action,Animation,Drama",6.9,898,0
1238,tt0989771,Powerpuff Girls Z,Demashita! Powerpuff Girls Z,tvSeries,2006,2007,\N,"Action,Adventure,Animation",5.4,897,0
1239,tt0212676,Spartakus and the Sun Beneath the Sea,Les mondes engloutis,tvSeries,1985,1987,\N,"Adventure,Animation,Comedy",8.1,896,0
1240,tt0434693,Sgt. Frog,Keroro gunsô,tvSeries,2004,2011,25,"Animation,Comedy,Family",7.7,896,0
1241,tt0308974,Angel Sanctuary,Tenshi kinryoku,tvMiniSeries,2000,2000,\N,"Animation,Drama,Fantasy",6.3,895,0
1242,tt0376058,Parasite Dolls,Parasaito Dôruzu,tvMiniSeries,2003,2003,85,"Action,Animation,Crime",6.3,894,0
1243,tt0824043,Mai-HiME,Mai-HiME,tvSeries,2004,2005,25,"Action,Adventure,Animation",7.3,894,0
1244,tt21345970,I've Somehow Gotten Stronger When I Improved My Farm-Related Skills,Noumin Kanren no Skill bakka Agetetara Nazeka Tsuyoku Natta.,tvMiniSeries,2022,2022,23,"Action,Adventure,Animation",5.7,894,0
1245,tt1480947,Canaan,Canaan,tvMiniSeries,2009,2009,23,"Action,Animation,Drama",6.8,893,0
1246,tt27250338,Yakitori: Soldiers of Misfortune,Yakitori: Soldiers of Misfortune,tvMiniSeries,2023,2023,45,"Action,Adventure,Animation",6.4,893,0
1247,tt5373222,My Wife Is the Student Council President,Okusama ga seitokaichô!,tvSeries,2015,2016,8,"Animation,Comedy,Romance",6.1,890,0
1248,tt1132203,Ef: A Tale of Memories.,Ef: A Tale of Memories.,tvSeries,2007,2007,\N,"Animation,Comedy,Drama",7.4,889,0
1249,tt1658978,Hakuouki,Hakuouki,tvSeries,2010,\N,25,"Action,Animation,Drama",7.2,888,0
1250,tt3692198,Maken-Ki! Battling Venus,Maken-Ki! Battling Venus,tvSeries,2011,2014,25,"Action,Animation,Comedy",5.9,888,0
1251,tt1743493,Motto to Love Ru,Motto toraburu,tvSeries,2010,2010,24,"Action,Animation,Comedy",6.7,886,0
1252,tt37532893,Black Torch,Black Torch,tvSeries,2026,\N,\N,"Action,Animation",7.1,882,0
1253,tt5614180,Joker Game,Joker Game,tvMiniSeries,2016,2016,24,"Animation,Drama,Thriller",6.9,882,0
1254,tt21929358,Akiba Maid War,Akiba meido sensô,tvSeries,2022,2022,23,"Action,Animation,Comedy",7.3,880,0
1255,tt37532722,Tamon's B-Side,Tamon-kun Ima Docchi!?,tvSeries,2025,\N,\N,"Animation,Comedy,Music",7.3,877,0
1256,tt10427926,Magical Sempai,Tejina Senpai,tvSeries,2019,2019,15,"Animation,Comedy",6.1,876,0
1257,tt13593022,Full Dive: This Ultimate Next-Gen Full Dive RPG Is Even Shittier Than Real Life!,Kyuukyoku Shinka Shita Full Dive RPG ga Genjitsu yori mo Kusogee Dattara,tvMiniSeries,2021,2021,\N,"Action,Animation,Comedy",6.3,875,0
1258,tt1936037,Aria: The Scarlet Ammo,Hidan no Aria,tvSeries,2011,2011,25,"Action,Animation,Comedy",6.5,875,0
1259,tt3517016,Chaika: The Coffin Princess,Hitsugi no Chaika,tvSeries,2014,2015,24,"Adventure,Animation,Comedy",6.9,872,0
1260,tt1475263,Ga-Rei-Zero,Ga-rei: Zero,tvSeries,2008,2008,24,"Action,Animation,Drama",7.1,870,0
1261,tt3341534,Witch Craft Works,Witch Craft Works,tvSeries,2014,2015,23,"Action,Animation,Comedy",6.5,870,0
1262,tt37430949,A Gatherer's Adventure in Isekai,A Gatherer's Adventure in Isekai,tvSeries,2025,2025,\N,"Adventure,Animation,Comedy",6.1,870,0
1263,tt11008522,Stars Align,Hoshiai no Sora,tvSeries,2019,2019,25,"Animation,Drama,Sport",7.4,869,0
1264,tt1694038,Seitokai Yakuindomo,Seitokai yakuindomo,tvSeries,2010,2020,307,"Animation,Comedy,Drama",7.1,869,0
1265,tt13192574,Bungo Stray Dogs Wan!,Bungo Stray Dogs Wan!,tvMiniSeries,2021,2026,\N,"Animation,Comedy,Fantasy",7.5,865,0
1266,tt2171086,Ani*Kuri15,Ani*Kuri15,tvSeries,2007,2008,\N,"Animation,Comedy,Drama",6.5,865,0
1267,tt32581027,Ubel Blatt,Übel Blatt~Yûberu Buratto~,tvSeries,2024,\N,23,"Action,Adventure,Animation",5.8,865,0
1268,tt33021990,Headhunted to Another World: From Salaryman to Big Four!,Sararîman ga Isekai ni Ittara Shitennô ni Natta Hanashi,tvSeries,2025,2025,\N,"Adventure,Animation,Comedy",6.1,864,0
1269,tt8170404,Ballmastrz: 9009,Ballmastrz 9009,tvSeries,2018,2020,11,"Action,Animation,Comedy",6.8,862,0
1270,tt9316078,Hero Mask,Hero Mask,tvSeries,2018,2019,25,"Action,Animation,Crime",6.1,862,0
1271,tt0159883,Patlabor: The Mobile Police,Kidô keisatsu patorebâ,tvSeries,1989,1990,25,"Action,Animation,Comedy",7.6,859,0
1272,tt0409612,Scrapped Princess,Sukurappudo purinsesu,tvSeries,2003,2003,23,"Adventure,Animation,Comedy",7.3,859,0
1273,tt38980285,The Darwin Incident,Darwin Jihen,tvSeries,2026,\N,\N,"Action,Animation,Drama",7.0,859,0
1274,tt30495098,The Foolish Angel Dances with the Devil,Oroka na Tenshi wa Akuma to Odoru,tvSeries,2024,2024,23,"Animation,Comedy,Fantasy",6.3,857,0
1275,tt0861287,Rozen Maiden,Rozen Maiden,tvSeries,2004,2006,24,"Adventure,Animation,Comedy",6.9,856,0
1276,tt1294022,Pokémon Chronicles,Poketto monsutâ: Saido sutôrî,tvSeries,1998,2004,22,"Action,Adventure,Animation",7.1,855,0
1277,tt3303944,The Familiar of Zero F,Zero no tsukaima F,tvMiniSeries,2012,2012,24,"Animation,Comedy,Drama",7.3,854,0
1278,tt38646055,Dark Moon: The Blood Altar,DARK MOON -Kuro no Tsuki: Tsuki no Saidan-,tvSeries,2026,\N,\N,"Animation,Fantasy,Romance",6.2,853,0
1279,tt32178759,Garouden: The Way of the Lone Wolf,Garouden: The Way of the Lone Wolf,tvSeries,2024,\N,25,"Action,Animation,Fantasy",6.2,850,0
1280,tt11418344,DRIFTING DRAGONS,Kûtei Doragonzu,tvSeries,2020,2020,23,"Adventure,Animation,Fantasy",6.1,849,0
1281,tt2198397,Black Rock Shooter,Burakku Rokku Shuta,tvMiniSeries,2012,2012,25,"Action,Animation,Drama",6.2,849,0
1282,tt7462702,King's Game,Osama Game,tvSeries,2017,2017,23,"Animation,Drama,Fantasy",4.9,848,0
1283,tt1639471,Arakawa Under the Bridge,Arakawa andâ za burijji,tvSeries,2010,2010,24,"Animation,Comedy,Fantasy",7.0,847,0
1284,tt39267868,Agents of the Four Seasons: Dance of Spring,Shunkashuutou daikousha: Haru no mai,tvSeries,2026,2026,\N,"Animation,Drama,Fantasy",7.4,845,0
1285,tt34852231,Gnosia,Gnosia,tvSeries,2025,2026,\N,"Animation,Drama,Mystery",7.2,844,0
1286,tt31250134,Girls Band Cry,Gâruzu Bando Kurai,tvSeries,2024,2024,24,"Animation,Comedy,Drama",7.7,843,0
1287,tt23132598,The Most Heretical Last Boss Queen: From Villainess to Savior,Higeki no Genkyo to naru Saikyo Gedo Last Boss Joo wa Min no tame ni Tsukushimasu,tvSeries,2023,2026,24,"Animation,Comedy,Fantasy",6.5,841,0
1288,tt2552262,The Troubled Life of Miss Kotoura,Kotoura-san,tvMiniSeries,2013,2013,25,"Animation,Comedy,Drama",6.8,841,0
1289,tt0302109,G-Force: Guardians of Space,G-Force: Guardians of Space,tvSeries,1987,1987,22,"Action,Adventure,Animation",7.4,839,0
1290,tt0473578,Genshiken,Genshiken,tvMiniSeries,2004,2007,25,"Animation,Comedy",7.5,838,0
1291,tt27990718,Sweet Reincarnation,Okashi na Tensei,tvMiniSeries,2023,2023,23,"Animation,Comedy,Drama",6.5,837,0
1292,tt0296317,Calimero,Calimero,tvSeries,1972,1975,30,"Animation,Family",5.9,836,0
1293,tt15684222,Tatami Time Machine Blues,Yojôhan Taimu Mashin Burûsu,tvMiniSeries,2022,2022,21,"Animation,Comedy,Drama",7.5,834,0
1294,tt24326724,Unnamed Memory,Unnamed Memory,tvSeries,2024,\N,\N,"Adventure,Animation,Fantasy",6.3,834,0
1295,tt0140644,Space Battleship Yamato,Uchû senkan Yamato,tvSeries,1974,1975,30,"Action,Adventure,Animation",8.0,833,0
1296,tt3296884,Tonari no Seki-kun: The Master of Killing Time,Tonari no Seki-kun,tvSeries,2014,2014,8,"Animation,Comedy",7.2,828,0
1297,tt9522354,Revisions,Revisions,tvMiniSeries,2019,2019,36,"Action,Animation,Sci-Fi",5.9,828,0
1298,tt0247128,Record of Lodoss War: Chronicles of the Heroic Knight,Lodoss to Senki: Eiyuu kishi den,tvSeries,1998,1998,25,"Action,Adventure,Animation",7.2,827,0
1299,tt8994044,Tsurune,Tsurune: Kazemai koukou kyuudoubu,tvSeries,2018,\N,24,"Animation,Drama,Sport",7.4,827,0
1300,tt36592708,There's No Freaking Way I'll Be Your Lover! Unless...,"Watashi ga koibito ni nareru wake naijan, muri muri! (*Muri janakatta!?)",tvSeries,2025,\N,\N,"Animation,Comedy,Romance",7.4,826,0
1301,tt32535912,Watari-kun's ****** Is About to Collapse,Watari-kun no xx ga Hôkai Sunzen,tvSeries,2025,\N,\N,"Animation,Comedy,Drama",6.4,825,0
1302,tt32581507,Leviathan,Leviathan,tvSeries,2025,\N,28,"Action,Animation,Drama",6.7,825,0
1303,tt5446578,Space Patrol Luluco,Uchu Patrol Luluco,tvSeries,2016,2022,8,"Animation,Comedy,Fantasy",7.0,825,0
1304,tt0856346,Ayakashi - Samurai Horror Tales,Ayakashi,tvMiniSeries,2006,2006,25,"Animation,Fantasy,Horror",7.3,824,0
1305,tt29371814,Migi & Dali,Migi to Dali,tvSeries,2023,2023,24,"Animation,Drama,Mystery",7.3,824,0
1306,tt5324094,Dance with Devils,Dance with Devils,tvMiniSeries,2015,2015,23,"Animation,Fantasy,Musical",5.7,822,0
1307,tt0398412,Magical Shopping Arcade Abenobashi,Abenobashi mahô shôtengai,tvMiniSeries,2002,2002,24,"Adventure,Animation,Comedy",7.2,821,0
1308,tt0367037,New Fist of the North Star,Shin Hokuto no Ken,tvSeries,2003,2004,58,"Action,Animation,Drama",6.8,820,0
1309,tt2785038,Happy Go Lily,Happy Go Lily,tvSeries,2011,2019,25,"Animation,Comedy,Drama",7.5,819,0
1310,tt25971150,Reborn to Master the Blade: From Hero-King to Extraordinary Squire,"Eiyuuou, Bu wo Kiwameru Tame Tenseisu: Soshite, Sekai Saikyou no Minarai Kishi",tvSeries,2023,2023,23,"Action,Adventure,Animation",6.3,818,0
1311,tt0105748,Video Girl Ai,Denei shôjo Ai,tvMiniSeries,1992,1992,\N,"Animation,Comedy,Drama",7.4,816,0
1312,tt1208358,Blade of the Immortal,Mugen no jûnin,tvSeries,2008,2008,24,"Action,Adventure,Animation",6.7,814,0
1313,tt32420174,Dead Dead Demons Dededede Destruction,Dead Dead Demons Dededede Destruction,tvSeries,2024,2024,\N,"Animation,Comedy,Drama",7.6,811,0
1314,tt1899047,Toriko,Toriko,tvSeries,2009,2014,\N,"Action,Adventure,Animation",7.2,810,0
1315,tt21345876,Shinobi no Ittoki,Shinobi no Ittoki,tvSeries,2022,2022,\N,"Action,Animation",6.0,810,0
1316,tt11886236,Princess Connect! Re: Dive,Princess Connect! Re: Dive,tvSeries,2020,\N,23,"Action,Adventure,Animation",6.4,809,0
1317,tt32579866,Bogus Skill 'Fruitmaster': About That Time I Became Able to Eat Unlimited Numbers of Skill Fruits (That Kill You),"Hazure Sukiru ""Kinomi Masutâ"" ~Sukiru no Mi (Tabetara Shinu) wo Mugen ni Taberareru Yô ni Natta Ken ni Tsuite~",tvSeries,2024,\N,\N,"Action,Adventure,Animation",5.7,809,0
1318,tt0367443,Zoids,Zoids: Chaotic Century,tvSeries,1999,2003,22,"Action,Adventure,Animation",7.8,805,0
1319,tt27462671,My One-Hit Kill Sister,Isekai One Turn Kill Nee-san: Ane Douhan no Isekai Seikatsu Hajimemashita,tvMiniSeries,2023,2023,23,"Action,Adventure,Animation",6.1,804,0
1320,tt1685484,Working!!,Working!!,tvSeries,2010,2015,24,"Animation,Comedy,Drama",7.3,803,0
1321,tt28100780,The Masterful Cat Is Depressed Again Today,Dekiru Neko wa Kyou mo Yuuutsu,tvSeries,2023,2023,\N,"Animation,Comedy",7.2,800,0
1322,tt8250240,Magical Girl Site,Mahô Shôjo Saito,tvSeries,2018,2018,24,"Action,Animation,Drama",5.9,798,0
1323,tt14837962,Make My Day,Make My Day,tvMiniSeries,2023,2023,25,"Adventure,Animation,Drama",5.5,795,0
1324,tt0409536,Burst Angel,Bakuretsu tenshi,tvSeries,2004,2004,24,"Action,Animation,Comedy",6.4,794,0
1325,tt1694025,Cat Planet Cuties,Asobi ni ikuyo!,tvSeries,2010,2011,24,"Animation,Comedy,Romance",6.4,793,0
1326,tt21608762,"Saving 80,000 Gold in Another World for my Retirement",Rôgo ni sonaete Isekai de 8-man-mai no kinka wo tamemasu,tvSeries,2023,2023,\N,"Action,Adventure,Animation",6.7,793,0
1327,tt2230515,Seinto Seiya: Omega,Seinto Seiya: Omega,tvSeries,2012,2014,23,"Action,Adventure,Animation",5.9,793,0
1328,tt0368520,Love Hina Again,Love Hina Again,tvMiniSeries,2002,2002,87,"Animation,Comedy,Drama",6.8,790,0
1329,tt0373605,"She, the Ultimate Weapon",Saishû heiki kanojo,tvSeries,2002,2002,25,"Animation,Drama,Romance",6.9,790,0
1330,tt7879138,Killing Bites,Kiringu Baitsu,tvSeries,2018,\N,24,"Action,Animation,Sci-Fi",6.3,790,0
1331,tt27391405,Summoned to Another World for a Second Time,Isekai Shoukan wa Nidome desu,tvSeries,2023,2023,24,"Action,Adventure,Animation",5.4,789,0
1332,tt33472011,City the Animation,City the Animation,tvMiniSeries,2025,2025,30,"Animation,Comedy",7.7,789,0
1333,tt21237634,The Maid I Hired Recently Is Mysterious,Saikin Yatotta Maid ga Ayashii,tvMiniSeries,2022,2022,23,"Animation,Comedy,Mystery",6.3,787,0
1334,tt36592820,Scooped Up by an S-Rank Adventurer!,Yuusha Party o Tsuiho Sareta Shiro Madoshi,tvSeries,2025,\N,\N,"Adventure,Animation,Fantasy",6.0,787,0
1335,tt4415288,Mermaid Melody Pichi Pichi Pitch,Mermaid Melody Pichi Pichi Pitch,tvSeries,2003,2004,24,"Animation,Comedy,Drama",7.3,786,0
1336,tt21826010,Housing Complex C,Housing Complex C,tvSeries,2022,\N,26,"Animation,Fantasy,Horror",5.9,784,0
1337,tt27548413,I'm Giving the Disgraced Noble Lady I Rescued a Crash Course in Naughtiness,"Konyaku Haki sareta Reijou wo Hirotta Ore ga, Ikenai Koto wo Oshiekomu",tvSeries,2023,2023,24,"Animation,Comedy,Fantasy",6.4,784,0
1338,tt32832435,"Good Bye, Dragon Life.","Sayônara Ryûsei, Konnichiha Jinsei",tvSeries,2024,\N,\N,"Action,Adventure,Animation",6.2,783,0
1339,tt33334216,The Exiled Heavy Knight Knows How to Game the System,Tsuihô Sareta Tensei Jûkishi wa Gêmu Chishiki de Musô Suru,tvSeries,2026,\N,\N,"Action,Adventure,Animation",6.8,783,0
1340,tt2230557,Smile PreCure!,Smile PreCure!,tvSeries,2012,2013,24,"Action,Adventure,Animation",6.4,781,0
1341,tt3957232,Cross Ange: Rondo of Angel and Dragon,Cross Ange: Tenshi to Ryuu no Rondo,tvSeries,2014,2015,\N,"Action,Animation,Romance",7.0,780,0
1342,tt0856824,Gunbuster 2: Diebuster,Top wo Nerae 2!,tvMiniSeries,2004,2006,27,"Action,Animation,Comedy",6.8,778,0
1343,tt7112162,FLCL Alternative,Furi Kuri,tvMiniSeries,2018,2018,135,"Action,Animation,Comedy",5.8,778,0
1344,tt5861440,SERVAMP,Servamp,tvSeries,2016,2016,24,"Action,Adventure,Animation",6.3,775,0
1345,tt0081852,Dr. Slump,Dokutaa Suranpu Arale-chan,tvSeries,1981,1986,25,"Animation,Comedy,Fantasy",7.8,774,0
1346,tt9635464,Kemono Michi: Rise Up,Kemono Michi,tvSeries,2019,2019,23,"Action,Adventure,Animation",6.5,774,0
1347,tt0168297,Story of the Alps: My Annette,Arupusu monogatari watashi no Annetto,tvSeries,1983,1983,24,"Animation,Family",7.2,773,0
1348,tt10443344,Do You Love Your Mom and Her Two-Hit Multi-Target Attacks?,Tsuujou Kougeki ga Zentai Kougeki de Ni-kai Kougeki no Okaasan wa Suki Desuka?,tvSeries,2019,2020,24,"Adventure,Animation,Comedy",5.3,773,0
1349,tt16270188,Akuma Kun,Akuma-kun,tvSeries,2023,2023,25,"Adventure,Animation,Fantasy",6.4,773,0
1350,tt35323313,My Melody & Kuromi,Maimerodi to Kuromi,tvSeries,2025,2025,13,"Adventure,Animation,Comedy",8.1,773,0
1351,tt34702901,Anne Shirley,An Shârî,tvSeries,2025,2025,\N,"Adventure,Animation,Drama",8.1,769,0
1352,tt4129452,Lupin the 3rd Part IV,Lupin III,tvSeries,2015,2015,22,"Action,Adventure,Animation",7.7,769,0
1353,tt0387719,Astro Boy,Astro Boy tetsuwan atomu,tvSeries,2003,2004,30,"Action,Adventure,Animation",7.0,768,0
1354,tt0404597,Duel Masters,Duel Masters,tvSeries,2003,\N,\N,"Action,Adventure,Animation",5.5,765,0
1355,tt2622974,The Hentai Prince and the Stony Cat,Hentai ôji to warawanai neko.,tvMiniSeries,2013,2013,24,"Animation,Comedy,Fantasy",6.7,765,0
1356,tt2746566,Digimon Fusion,Digimon Fusion,tvSeries,2013,2015,22,"Action,Adventure,Animation",6.5,765,0
1357,tt6401396,ACCA: 13-Territory Inspection Dept.,ACCA: 13-ku Kansatsu-ka,tvMiniSeries,2017,2020,24,"Animation,Crime,Drama",7.0,763,0
1358,tt0220204,Chibi Maruko-chan,Chibi Maruko-chan,tvSeries,1990,1992,24,"Animation,Comedy,Family",8.0,761,0
1359,tt21970564,Pokémon: The Arceus Chronicles,Poketto monsutâ: Kami to yobareshi aruseusu,tvMiniSeries,2022,2022,18,"Action,Adventure,Animation",5.4,761,0
1360,tt8013750,Violence Jack,Violence Jack,tvMiniSeries,1986,1990,155,"Action,Animation,Drama",6.3,759,0
1361,tt0089749,Otaku no video,Otaku no video,tvMiniSeries,1991,1991,50,"Animation,Comedy,Drama",7.0,758,0
1362,tt10619444,Levius,Levius,tvMiniSeries,2019,2019,25,"Action,Animation,Sci-Fi",7.0,758,0
1363,tt13409388,The Idaten Deities Know Only Peace,Heion Sedai no Idaten-tachi,tvSeries,2021,\N,22,"Action,Adventure,Animation",7.2,758,0
1364,tt30971467,Monogatari Series: Off & Monster Season,Monogatari: Off & Monster Season,tvSeries,2024,2024,\N,"Animation,Comedy,Fantasy",8.3,757,0
1365,tt7122440,NTR: Netsuzou Trap,NTR: Netsuzou Trap,tvMiniSeries,2017,2017,9,"Animation,Drama,Romance",5.0,757,0
1366,tt27460264,A Girl & Her Guard Dog,Ojou to Banken-kun,tvSeries,2023,2023,24,"Animation,Drama,Romance",5.6,755,0
1367,tt1203269,Les Miserables: Shoujo Cosette,Re mizeraburu: shoujo kozetto,tvSeries,2007,2007,24,"Animation,Family,History",8.3,752,0
1368,tt2090435,Zetman,Zetman,tvSeries,2012,\N,\N,"Action,Animation,Horror",6.4,752,0
1369,tt1450620,Umineko When They Cry,Umineko no naku koro ni,tvSeries,2009,2009,23,"Animation,Fantasy,Horror",6.3,751,0
1370,tt32332813,Twilight Out of Focus,Tasogare Out Focus,tvMiniSeries,2024,2024,23,"Animation,Romance",7.1,751,0
1371,tt19389868,RWBY: Ice Queendom,RWBY: Hyôsetsu Teikoku,tvSeries,2022,2022,23,"Action,Adventure,Animation",6.4,750,0
1372,tt30844357,Shoshimin: How to Become Ordinary,Shôshimin Shirîzu,tvSeries,2024,\N,\N,"Animation,Drama,Mystery",7.0,749,0
1373,tt21689900,My Life as Inukai-san's Dog,Inu ni Nattara Suki na Hito ni Hirowareta.,tvSeries,2023,2023,13,"Animation,Comedy,Fantasy",4.4,747,0
1374,tt3952100,When Supernatural Battles Became Commonplace,Inou-Battle wa Nichijou-kei no Naka de,tvMiniSeries,2014,2014,24,"Action,Animation,Comedy",6.4,743,0
1375,tt9731266,The Idhun Chronicles,Memorias de Idhún,tvSeries,2020,2021,25,"Action,Adventure,Animation",5.5,743,0
1376,tt0304012,Final Fantasy: Unlimited,Final Fantasy: Unlimited,tvSeries,2001,2002,24,"Adventure,Animation,Fantasy",5.9,742,0
1377,tt5603356,Ace Attorney,Gyakuten Saiban,tvSeries,2016,2019,24,"Animation,Comedy,Crime",6.6,741,0
1378,tt10256918,A Certain Scientific Accelerator,Toaru Kagaku no Akuserarêta,tvSeries,2019,2019,24,"Action,Animation,Comedy",6.8,739,0
1379,tt13211062,Osamake: Romcom Where the Childhood Friend Won't Lose,Osananajimi ga Zettai ni Makenai Rabu Kome,tvSeries,2021,\N,23,"Animation,Comedy,Romance",5.8,738,0
1380,tt0113726,Super Dimensional Fortress Macross II: Lovers Again,"Chôjikû Yôsai Macross II Lovers, Again",tvMiniSeries,1992,1992,150,"Action,Animation,Music",6.0,737,0
1381,tt14201334,Re-Main,Re-Main,tvSeries,2021,\N,\N,"Animation,Comedy,Drama",7.2,735,0
1382,tt34814625,I'm the Evil Lord of an Intergalactic Empire!,Ore wa Seikan Kokka no Akutoku Ryoushu!,tvSeries,2025,\N,\N,"Action,Animation,Fantasy",6.5,734,0
1383,tt6035642,The Eden of Grisaia,Grisaia no Rakuen,tvMiniSeries,2015,2015,\N,"Animation,Drama,Romance",7.1,734,0
1384,tt38939446,Sparks of Tomorrow,Nijuuseiki Denki Mokuroku,tvSeries,2026,\N,25,"Animation,Drama,Romance",7.2,733,0
1385,tt27524116,Sasaki and Peeps,Sasaki to Pi-chan,tvSeries,2024,\N,\N,"Adventure,Animation,Comedy",6.5,732,0
1386,tt1710529,House of Five Leaves,Sarai-ya goyô,tvMiniSeries,2010,2010,23,"Animation,Drama,History",7.5,731,0
1387,tt27571647,TenPuru -No One Can Live on Loneliness-,TenPuru,tvSeries,2023,2023,24,"Animation,Comedy,Romance",6.3,730,0
1388,tt27504251,Ranking of Kings: The Treasure Chest of Courage,Ôsama Ranking: Yûki no takarabako,tvMiniSeries,2022,2023,22,"Action,Adventure,Animation",6.9,729,0
1389,tt3462310,Manga Mito Kômon,Manga Mito Kômon,tvSeries,1981,1982,30,"Action,Adventure,Animation",7.6,727,0
1390,tt32156334,Black Butler: Public School Arc,Kuro Shitsuji: Kishuku Gakkô Hen,tvMiniSeries,2024,2024,\N,"Action,Animation,Crime",7.5,726,0
1391,tt3498252,Inferno Cop,Inferno Cop,tvSeries,2012,2013,\N,"Action,Animation,Comedy",6.5,725,0
1392,tt28306749,Disney Twisted-Wonderland: The Animation,Dizunî Tsuisuteddo Wandârando za Animêshon,tvSeries,2025,\N,24,"Action,Adventure,Animation",5.9,722,0
1393,tt5159084,Sky Wizards Academy,Kûsen Madôshi Kôhosei No Kyôkan,tvSeries,2015,2016,24,"Action,Animation,Fantasy",6.4,722,0
1394,tt0791098,Lunar Legend Tsukihime,Shingetsutan tsukihime,tvSeries,2003,2003,25,"Action,Animation,Drama",6.7,721,0
1395,tt32856718,Beheneko: The Elf-Girl's Cat is Secretly an S-Ranked Monster!,"S-ranku Monsutâ no ""Behîmosu"" Dakedo, Neko to Machigawarete Erufu Musume no Kishi (Petto) Toshite Kurashitemasu",tvSeries,2024,2025,\N,"Action,Adventure,Animation",5.4,721,0
1396,tt0237500,Ninja Resurrection,Makai tensho,tvMiniSeries,1997,1998,80,"Action,Animation,Drama",5.1,719,0
1397,tt5679248,Taboo Tattoo,Taboo-Tattoo,tvSeries,2016,2016,24,"Action,Animation,Comedy",5.5,719,0
1398,tt8528256,Dragon Pilot: Hisone and Masotan,Dragon Pilot: Hisone and Masotan,tvMiniSeries,2018,2018,30,"Animation,Comedy,Fantasy",6.8,719,0
1399,tt9561968,Ingress: The Animation,Ingress: The Animation,tvSeries,2018,2019,24,"Animation,Sci-Fi",6.4,718,0
1400,tt1685397,Amagami SS,Amagami SS,tvSeries,2010,2011,24,"Animation,Drama,Romance",6.9,715,0
1401,tt27212605,Captain Tsubasa: Junior Youth Arc,Captain Tsubasa: Junior Youth-hen,tvSeries,2023,2024,22,"Animation,Drama,Family",7.8,715,0
1402,tt31976012,Vampire Dormitory,Vanpaia Danshiryô,tvSeries,2024,\N,\N,"Animation,Fantasy,Romance",6.0,715,0
1403,tt0095474,Vampire Princess Miyu,Kyûketsuhime Miyu,tvMiniSeries,1988,1989,25,"Animation,Drama,Fantasy",6.8,713,0
1404,tt2267446,Space Brothers,Uchû kyôdai,tvSeries,2012,2014,24,"Animation,Comedy,Sci-Fi",8.1,713,0
1405,tt5355196,Shomin Sample,Ore ga ojô-sama gakkô ni 'shomin sample' toshite gettsu sareta ken,tvMiniSeries,2015,2015,24,"Animation,Comedy,Romance",6.5,713,0
1406,tt0168362,The Story of Perrine,Periinu monogatari,tvSeries,1978,1978,24,"Animation,Drama",7.6,709,0
1407,tt30803594,Blue Exorcist: Shimane Illuminati Saga,Ao no Exorcist: Shimane Illuminati-hen,tvSeries,2024,2024,23,"Action,Animation,Fantasy",6.9,708,0
1408,tt3453204,Soul Eater Not!,Soul Eater Not!,tvMiniSeries,2014,2014,\N,"Action,Animation,Comedy",5.6,706,0
1409,tt9547400,Magia Record: Puella Magi Madoka Magica Side Story,Magia Rekôdo: Mahô Shôjo Madoka Magika Gaiden,tvSeries,2020,2022,24,"Action,Animation,Drama",6.2,703,0
1410,tt0989895,Baby & I,Aka-chan to boku,tvSeries,1996,1997,30,"Animation,Comedy,Drama",7.8,702,0
1411,tt35437319,The Too-Perfect Saint: Tossed Aside by My Fiancé and Sold to Another Kingdom,Kanpeki Sugite Kawaige ga Nai to Konyaku Haki Sareta Seijo wa Ringoku ni Urareru,tvSeries,2025,2025,\N,"Animation,Fantasy,Romance",6.7,695,0
1412,tt8372010,Tsugumomo,Tsugumomo,tvSeries,2017,2020,\N,"Action,Animation,Mystery",6.6,695,0
1413,tt11295582,Infinite Dendrogram,Infinite Dendrogram,tvMiniSeries,2020,2020,24,"Adventure,Animation,Fantasy",5.9,694,0
1414,tt25275610,High Card,High Card,tvSeries,2023,\N,24,"Action,Adventure,Animation",6.7,694,0
1415,tt2811158,Kochira Katsushika-ku Kameari Koen Mae Hashutsujo,Kochira Katsushika-ku Kameari Koen Mae Hashutsujo,tvSeries,1996,2004,\N,"Animation,Comedy",8.2,694,0
1416,tt15353550,The Heike Story,Heike monogatari,tvSeries,2021,2021,23,"Animation,Drama,History",7.5,693,0
1417,tt1893520,C,C,tvMiniSeries,2011,2011,23,"Action,Animation,Fantasy",6.5,693,0
1418,tt28596452,Grendizer U,Gurendaizâ U,tvSeries,2024,\N,25,"Action,Adventure,Animation",6.3,693,0
1419,tt29510641,Metallic Rouge,Metarikku Rûju,tvMiniSeries,2024,2024,23,"Action,Adventure,Animation",5.9,692,0
1420,tt5020030,Bikini Warriors,Bikini Woriaazu,tvSeries,2015,2021,4,"Action,Animation,Comedy",4.9,692,0
1421,tt0231050,Transformers: Robots in Disguise,Toransufoma: Ka robotto,tvSeries,2000,2000,22,"Action,Adventure,Animation",6.6,691,0
1422,tt1216124,Kanokon,Kanokon,tvMiniSeries,2008,2008,\N,"Action,Animation,Comedy",5.8,691,0
1423,tt31860621,Gods' Games We Play,Kami wa Gêmu ni Ueteiru.,tvMiniSeries,2024,2024,24,"Animation,Comedy,Drama",5.8,691,0
1424,tt0179574,The Adventures of Hutch the Honeybee,Konchû monogatari minashigo Hutch,tvSeries,1970,1971,30,"Adventure,Animation,Comedy",6.5,689,0
1425,tt32524882,The Do-Over Damsel Conquers the Dragon Emperor,Yarinaoshi Reijô wa Ryûtei Heika o Kôryaku-chû,tvSeries,2024,\N,24,"Action,Animation,Comedy",6.4,689,0
1426,tt3448272,Kamigami no asobi,Kamigami no asobi,tvMiniSeries,2014,2014,23,"Animation,Fantasy,Romance",7.0,687,0
1427,tt5789296,Love Live! Sunshine!!,Love Live! Sunshine!!,tvSeries,2016,2017,24,"Animation,Comedy,Drama",7.0,687,0
1428,tt1515993,The Sacred Blacksmith,Seiken no burakkusumisu,tvSeries,2009,2009,24,"Adventure,Animation,Drama",6.4,686,0
1429,tt4008500,Magic Kaito 1412,Majikku Kaito 1412,tvSeries,2014,2015,25,"Adventure,Animation,Comedy",7.3,686,0
1430,tt0991047,Gun x Sword,Gun x Sword,tvSeries,2005,2005,24,"Action,Animation,Sci-Fi",7.1,685,0
1431,tt14202738,Pui Pui Molcar,Pui Pui Molcar,tvSeries,2021,\N,2,"Animation,Comedy,Family",8.0,685,0
1432,tt1081667,Romeo x Juliet,Romio x Jurietto,tvSeries,2007,2007,\N,"Animation,Drama,Family",7.1,681,0
1433,tt14550644,Higurashi: When They Cry - SOTSU,Higurashi no Naku Koro ni Sotsu,tvSeries,2021,2021,\N,"Animation,Drama,Horror",6.5,681,0
1434,tt1424033,07-Ghost,07-Ghost,tvSeries,2009,2009,23,"Action,Animation,Drama",6.8,679,0
1435,tt9458372,Boogiepop and Others,Boogiepop wa Warawanai,tvSeries,2019,2019,24,"Animation,Drama,Horror",6.3,679,0
1436,tt1204829,"The Racing Brothers, Lets & Go",Bakusou Kyoudai Let's & Go,tvSeries,1996,1997,25,"Adventure,Animation,Comedy",7.1,678,0
1437,tt30689448,"Welcome to Japan, Ms. Elf!",Nihon e Youkoso Elf-san.,tvSeries,2025,2025,\N,"Animation,Comedy,Fantasy",7.0,678,0
1438,tt7382936,Nanbaka,Nanbaka,tvSeries,2016,2017,30,"Action,Adventure,Animation",6.5,677,0
1439,tt7591766,UQ HOLDER!,Uq Holder!: Mahô Sensei Negima! 2~,tvMiniSeries,2017,2018,23,"Action,Animation,Fantasy",6.5,676,0
1440,tt3481364,One Week Friends,Isshuukan Friends,tvMiniSeries,2014,2014,23,"Animation,Comedy,Drama",7.0,675,0
1441,tt32742508,My Friend's Little Sister Has It in for Me!,Tomodachi no Imôto ga Ore ni Dake Uzai,tvSeries,2025,\N,\N,"Animation,Comedy,Romance",6.1,674,0
1442,tt11754514,Arte,Arte,tvMiniSeries,2020,2020,\N,"Animation,Drama,Romance",6.9,672,0
1443,tt32524468,"I'm a Noble on the Brink of Ruin, So I Might as Well Try Mastering Magic","Botsuraku Yotei no Kizoku Dakedo, Hima Datta kara Mahô o Kiwametemita",tvSeries,2025,\N,\N,"Adventure,Animation,Fantasy",5.9,672,0
1444,tt0158590,New Dominion Tank Police,Tokusô sensha-tai Dominion,tvSeries,1993,1994,30,"Action,Animation,Sci-Fi",6.8,671,0
1445,tt22264252,Onmyoji,Onmyoji,tvSeries,2023,2023,27,"Action,Animation,Drama",6.6,670,0
1446,tt30236310,A Journey Through Another World: Raising Kids While Adventuring,Isekai Yururi Kikô: Kosodate Shinagara Bôkensha Shimasu,tvSeries,2024,\N,23,"Animation,Drama,Family",6.3,669,0
1447,tt29716957,That Time I Got Reincarnated as a Slime: Visions of Coleus,Tensei shitara Slime Datta Ken: Coleus no Yume,tvMiniSeries,2023,2023,\N,"Action,Adventure,Animation",7.2,665,0
1448,tt33384314,Ameku M.D.: Doctor Detective,Ameku Takao no Suiri Karte,tvSeries,2025,2025,\N,"Animation,Comedy,Crime",6.8,664,0
1449,tt28254942,Classroom for Heroes,Eiyuu Kyoushitsu,tvSeries,2023,2023,\N,"Action,Animation,Fantasy",5.6,662,0
1450,tt2250100,The Ambition of Oda Nobuna,Oda Nobuna no yabou,tvSeries,2012,2012,25,"Action,Animation,Comedy",6.4,661,0
1451,tt0168293,Rascal the Raccoon,Araiguma Rasukaru,tvSeries,1977,1977,24,"Animation,Drama,Family",7.1,660,0
1452,tt0465849,Perfect Hair Forever,Perfect Hair Forever,tvSeries,2004,2014,15,"Adventure,Animation,Comedy",6.6,660,0
1453,tt15170340,ORIENT,Oriento,tvSeries,2022,\N,23,"Adventure,Animation,Comedy",6.3,660,0
1454,tt33058180,From Bureaucrat to Villainess: Dad's Been Reincarnated!,Akuyaku Reijô Tensei Oji-san,tvSeries,2025,2025,\N,"Animation,Comedy,Fantasy",6.7,660,0
1455,tt0398533,Please Twins!,Onegai Twins,tvMiniSeries,2003,2004,30,"Animation,Comedy,Drama",6.3,659,0
1456,tt0765441,Digimon Savers,Dejimon seibâzu,tvSeries,2006,2007,\N,"Action,Adventure,Animation",6.2,656,0
1457,tt1409913,Peach Girl,Pîchi gâru,tvSeries,2005,2005,25,"Animation,Drama,Romance",6.8,656,0
1458,tt4778940,Ranma ½ OVA,Ranma Nibun no Ichi,tvMiniSeries,1993,2008,30,"Action,Animation,Comedy",8.1,655,0
1459,tt0101514,Bubblegum Crash,Baburugamu kurasshu!,tvMiniSeries,1991,1991,45,"Action,Animation,Sci-Fi",6.4,653,0
1460,tt1433670,Heroic Age,Hiroikku eiji,tvSeries,2007,2007,24,"Action,Adventure,Animation",7.0,653,0
1461,tt38037460,"Pass the Monster Meat, Milady!",Akujiki Reijou to Kyouketsu Koushaku,tvSeries,2025,\N,\N,"Animation,Comedy,Fantasy",6.7,653,0
1462,tt21929436,Sacrificial Princess & the King of Beasts,Niehime to Kemono no Ou,tvSeries,2023,2023,23,"Animation,Drama,Fantasy",7.3,652,0
1463,tt0115234,Kodocha,Kodomo no omocha,tvSeries,1996,1998,22,"Animation,Comedy,Drama",7.5,651,0
1464,tt14960284,She Professed Herself Pupil of the Wise Man,Kenja no Deshi o Nanoru Kenja,tvSeries,2022,2022,\N,"Adventure,Animation,Fantasy",5.9,649,0
1465,tt1584003,Ladies Versus Butlers,Redi x Bato!,tvSeries,2010,2010,\N,"Animation,Comedy,Romance",6.4,649,0
1466,tt2942224,White Album 2,White Album 2,tvSeries,2013,2013,\N,"Animation,Music,Romance",7.2,649,0
1467,tt30643971,The Strongest Tank's Labyrinth Raids: A Tank with a Rare 9999 Resistance Skill Got Kicked from the Hero's Party,"Saikyou Tank no Meikyuu Kouryaku: Tairyoku 9999 no Rare Skill-mochi Tank, Yuusha Party wo Tsuihou sareru",tvSeries,2024,2024,24,"Action,Adventure,Animation",5.7,649,0
1468,tt13221420,Shakunetsu Kabaddi,Shakunetsu Kabaddi,tvSeries,2021,\N,\N,"Action,Animation,Comedy",7.0,648,0
1469,tt28919932,My New Boss Is Goofy,Atarashii Joushi wa Do Tennen,tvSeries,2023,2023,\N,"Animation,Comedy",7.7,648,0
1470,tt0877507,Buso Renkin,Busô renkin,tvSeries,2006,2007,24,"Action,Adventure,Animation",6.8,647,0
1471,tt13592980,Code Geass: Rozé of the Recapture,Code Geass: Dakkan no Z,tvSeries,2024,\N,\N,"Action,Animation,Drama",6.5,647,0
1472,tt26688817,Helck,Helck,tvSeries,2023,2023,\N,"Action,Adventure,Animation",6.8,647,0
1473,tt1161697,True Tears,Turû tiâzu,tvMiniSeries,2008,2008,24,"Animation,Drama,Romance",7.0,646,0
1474,tt3358240,Engaged to the Unidentified,Mikakunin de Shinkoukei,tvSeries,2014,2014,24,"Animation,Comedy,Romance",6.8,644,0
1475,tt0185066,Galaxy Express: 999,Ginga Tetsudo 999,tvSeries,1978,1981,24,"Adventure,Animation,Drama",7.8,643,0
1476,tt0493227,Le portrait de petite cossette,Cossette no shôzô,tvMiniSeries,2004,2004,\N,"Animation,Fantasy,Horror",6.6,643,0
1477,tt0372650,Cyborg 009: The Cyborg Soldier,Cyborg 009: The Cyborg Soldier,tvSeries,2001,2002,25,"Action,Adventure,Animation",7.3,642,0
1478,tt1132201,Bokurano,Bokura no,tvSeries,2007,2007,\N,"Animation,Drama,Sci-Fi",7.3,641,0
1479,tt3443306,The Qwaser of Stigmata,Seikon no Qwaser,tvSeries,2010,2011,24,"Action,Animation,Comedy",5.4,641,0
1480,tt33084834,The Red Ranger Becomes an Adventurer in Another World,Sentai Reddo Isekai de Bôkensha ni Naru,tvSeries,2025,\N,\N,"Action,Adventure,Animation",6.2,640,0
1481,tt3741446,Blade Dance of the Elementalers,Seirei Tsukai no Blade Dance,tvSeries,2014,2014,23,"Action,Animation,Comedy",6.5,639,0
1482,tt0168346,"Katri, Girl of the Meadows",Makiba no shôjo Katori,tvSeries,1984,1984,24,"Animation,Drama",7.1,638,0
1483,tt13022022,Peach Boy Riverside,Peach Boy Riverside,tvSeries,2021,\N,23,"Action,Animation,Fantasy",6.3,638,0
1484,tt18566706,Immoral Guild,Futoku no Guild,tvMiniSeries,2022,2022,\N,"Animation,Comedy,Fantasy",6.0,636,0
1485,tt3105434,My Mental Choices Are Completely Interfering with My School Romantic Comedy,"Ore no Nounai Sentakushi ga, Gakuen Love Comedy wo Zenryoku de Jama Shiteiru",tvMiniSeries,2013,2014,24,"Animation,Comedy,Fantasy",6.6,636,0
1486,tt35936938,This Monster Wants to Eat Me,"Watashi wo Tabetai, Hitodenashi",tvSeries,2025,\N,\N,"Animation,Drama,Fantasy",6.9,635,0
1487,tt13067534,Otherside Picnic,Ura Sekai Picnic,tvMiniSeries,2021,2021,24,"Adventure,Animation,Crime",6.1,633,0
1488,tt1394286,Chrome Shelled Regios,Kôkaku no regiosu,tvSeries,2009,2009,24,"Action,Adventure,Animation",6.9,633,0
1489,tt14470072,The Great Jahy Will Not Be Defeated!,Jahy-sama wa Kujikenai!,tvSeries,2021,2021,24,"Animation,Comedy,Fantasy",6.7,633,0
1490,tt21996318,Tearmoon Empire,"Tearmoon Teikoku Monogatari: Dantoudai kara Hajimaru, Hime no Tensei Gyakuten Story",tvSeries,2023,2023,\N,"Animation,Comedy,Drama",6.8,632,0
1491,tt2904426,Fate/kaleid liner Prisma Illya,Fate/kaleid liner Prisma Illya,tvSeries,2013,2019,24,"Action,Animation,Comedy",6.0,632,0
1492,tt6142628,The Great Passage,Fune wo amu,tvSeries,2016,2016,22,"Animation,Drama,Romance",7.4,631,0
1493,tt7836396,My Hero Academia Abridged,My Hero Academia Abridged,tvSeries,2016,\N,\N,"Action,Animation,Comedy",7.7,631,0
1494,tt13042440,Shenmue,Shenmue,tvSeries,2022,2022,24,"Action,Adventure,Animation",7.3,630,0
1495,tt28100910,Liar Liar,Liar Liar,tvSeries,2023,2023,24,"Animation,Comedy,Drama",5.8,630,0
1496,tt1300170,Xam'd: Lost Memories,Bônen no zamudo,tvSeries,2008,2009,\N,"Adventure,Animation,Sci-Fi",7.3,628,0
1497,tt1411816,Sengoku Basara,Sengoku basara,tvSeries,2009,2011,\N,"Action,Animation,Drama",6.7,628,0
1498,tt34691265,The Quintessential Quintuplets Specials 2,Gotoubun no Hanayome*,tvMiniSeries,2024,2024,46,Animation,7.0,628,0
1499,tt26346675,Detective Conan: The Culprit Hanzawa,Detective Conan: The Culprit Hanzawa,tvSeries,2022,2023,\N,"Animation,Comedy",6.5,626,0
1500,tt1166871,Golgo 13,Golgo 13,tvSeries,2008,2009,\N,"Action,Adventure,Animation",7.4,625,0
1501,tt11714178,Appare-Ranman!,Appare-Ranman!,tvSeries,2020,2020,\N,"Adventure,Animation,Sport",6.8,625,0
1502,tt0179584,The Littl' Bits,The Littl' Bits,tvSeries,1980,\N,\N,"Adventure,Animation,Comedy",7.1,624,0
1503,tt0997020,Ginga Densetsu Weed,Ginga Densetsu Weed,tvSeries,2005,2006,24,"Action,Adventure,Animation",7.8,624,0
1504,tt0160503,Mad Bull 34,Maddo buru sâti-fô,tvMiniSeries,1990,1992,195,"Action,Animation,Comedy",6.7,622,0
1505,tt0300859,Madame Peppermint,Supûn obâsan,tvSeries,1983,1984,24,"Animation,Comedy,Fantasy",6.9,622,0
1506,tt10431310,To the Abandoned Sacred Beasts,Katsute Kami Datta Kemono-tachi e,tvSeries,2019,\N,24,"Action,Animation,Drama",6.3,622,0
1507,tt25534100,Revenger,Revenger,tvSeries,2023,2023,23,"Adventure,Animation",6.5,622,0
1508,tt32581509,Tokyo Override,Tokyo Override,tvSeries,2024,\N,25,"Action,Adventure,Animation",6.5,622,0
1509,tt12605636,Onyx Equinox,Onyx Equinox,tvSeries,2020,2020,\N,"Action,Adventure,Animation",7.0,621,0
1510,tt5614348,The Lost Village,Mayoiga,tvMiniSeries,2016,2016,24,"Animation,Drama,Horror",5.5,619,0
1511,tt1738090,The Squid Girl: The Invader Comes from the Bottom of the Sea!,Shinryaku! Ika Musume,tvSeries,2010,2014,23,"Animation,Comedy,Drama",7.4,617,0
1512,tt1608924,Kekkaishi,Kekkaishi,tvSeries,2006,2011,24,"Action,Adventure,Animation",7.4,616,0
1513,tt12285778,Super Cub,Super Cub,tvSeries,2021,2021,25,"Adventure,Animation,Drama",7.3,615,0
1514,tt0115263,Martian Successor Nadesico,Kidô Senkan Nadesico,tvSeries,1996,1997,25,"Action,Animation,Comedy",7.5,611,0
1515,tt36221414,"With You, Our Love Will Make It Through",Kimi to Koete Koi ni Naru,tvSeries,2025,\N,\N,"Animation,Fantasy,Romance",6.5,611,0
1516,tt32514593,Teogonia,Teogonia,tvSeries,2025,2025,\N,"Action,Adventure,Animation",6.6,610,0
1517,tt4266154,Hybrid Child,Hybrid Child,tvMiniSeries,2014,2014,25,"Animation,Fantasy,Romance",7.3,609,0
1518,tt5235870,Valkyrie Drive: Mermaid,Valkyrie Drive: Mermaid,tvSeries,2015,2015,24,"Action,Animation,Fantasy",6.0,609,0
1519,tt32510166,"The Healer Who Was Banished from His Party, Is, in Fact, the Strongest","Pâtî kara Tsuihô Sareta Sono Chiyushi, Jitsu wa Saikyô ni tsuki",tvSeries,2024,\N,\N,"Action,Adventure,Animation",5.5,608,0
1520,tt0108850,Marmalade Boy,Mamarêdo bôi,tvSeries,1994,2005,30,"Animation,Comedy,Drama",7.2,606,0
1521,tt2250040,Good Luck Girl!,Binbougami ga!,tvSeries,2012,2012,23,"Animation,Comedy,Fantasy",7.0,606,0
1522,tt2313743,Blame!,Blame!,tvMiniSeries,2003,2003,5,"Action,Animation,Drama",6.2,606,0
1523,tt0295765,Reign: The Conqueror,Alexander Senki,tvSeries,1997,2000,30,"Action,Adventure,Animation",7.1,605,0
1524,tt35636155,Apocalypse Hotel,Apocalypse Hotel,tvSeries,2025,\N,\N,"Animation,Comedy,Sci-Fi",7.4,605,0
1525,tt0296304,Attack No. 1,Atakku no. 1,tvSeries,1969,1971,24,"Animation,Drama,Sport",6.9,603,0
1526,tt9050366,Karakuri Circus,Karakuri Circus,tvSeries,2018,2019,24,"Action,Animation,Fantasy",7.0,603,0
1527,tt0106076,The Irresponsible Captain Tylor,Musekinin kanchô Tairâ,tvSeries,1993,1996,24,"Adventure,Animation,Comedy",7.7,602,0
1528,tt0106769,Dragon Half,Doragon Hafu,tvMiniSeries,1993,\N,53,"Animation,Comedy,Fantasy",7.1,601,0
1529,tt1407599,Queen's Blade: The Exiled Virgin,Kuînzu bureido: Rurô no senshi,tvMiniSeries,2009,2009,24,"Action,Adventure,Animation",6.1,601,0
1530,tt9042408,The Master of Ragnarok and Blesser of Einherjar,Hyakuren no Haou to Seiyaku no Valkyria,tvSeries,2018,2018,23,"Adventure,Animation,Fantasy",5.5,601,0
1531,tt1019037,DearS,DearS,tvMiniSeries,2004,2005,24,"Animation,Comedy,Drama",6.3,596,0
1532,tt6540806,Yu-Gi-Oh! Capsule Monsters,Yu-Gi-Oh! Capsule Monsters,tvMiniSeries,2006,2006,25,"Action,Adventure,Animation",6.6,596,0
1533,tt9828562,Hitoribocchi No Marumaruseikatsu,Hitoribocchi no OO Seikatsu,tvSeries,2019,2019,23,"Animation,Comedy,Drama",7.1,596,0
1534,tt3475064,Mekakucity Actors,Mekakucity Actors,tvSeries,2014,2014,25,"Action,Animation,Comedy",6.4,595,0
1535,tt38797595,Akane-banashi,Akane-banashi,tvSeries,2026,\N,\N,"Animation,Comedy,Drama",7.7,595,0
1536,tt0341985,Ultimate Muscle: The Kinnikuman Legacy,Ultimate Muscle: The Kinnikuman Legacy,tvSeries,2002,2004,30,"Action,Animation,Comedy",7.4,594,0
1537,tt0339953,Ai Yori Aoshi,Ai yori aoshi,tvSeries,2002,\N,25,"Animation,Comedy,Drama",7.0,591,0
1538,tt15766292,The Dawn of the Witch,Mahoutsukai Reimeiki,tvMiniSeries,2022,2022,25,"Action,Adventure,Animation",5.8,589,0
1539,tt28769801,A Playthrough of a Certain Dude's VRMMO Life,Toaru Ossan no VRMMO Katsudouki,tvSeries,2023,2023,\N,"Action,Adventure,Animation",6.1,588,0
1540,tt37532634,Dusk Beyond the End of the World,Towa no Yuugure,tvSeries,2025,\N,\N,"Animation,Romance,Sci-Fi",6.2,588,0
1541,tt0159176,Lupin III: Part III,Rupan sansei: Part III,tvSeries,1984,1985,30,"Action,Adventure,Animation",7.5,587,0
1542,tt1414416,Cross Game,Kurosu gêmu,tvSeries,2009,2010,23,"Animation,Romance,Sport",8.1,587,0
1543,tt0297580,Lady Georgie,Lady Georgie,tvSeries,1983,1984,\N,"Adventure,Animation,Comedy",7.3,586,0
1544,tt5247480,The Perfect Insider,Subete ga F ni naru,tvMiniSeries,2015,2015,23,"Animation,Mystery,Thriller",6.6,586,0
1545,tt1301958,Corpse Princess: Aka,Shikabane hime aka,tvSeries,2008,2008,24,"Action,Adventure,Animation",6.8,585,0
1546,tt0305033,Grimm's Fairy Tale Classics,Gurimu meisaku gekijou,tvSeries,1987,1989,30,"Animation,Family,Fantasy",8.6,583,0
1547,tt5903040,This Art Club Has a Problem!,Kono bijutsubu ni wa mondai ga aru!,tvSeries,2016,2016,24,"Animation,Comedy,Romance",6.7,583,0
1548,tt0186385,Night Warriors: Darkstalkers' Revenge,Night Warriors: Darkstalkers' Revenge,tvMiniSeries,1997,1998,180,"Action,Adventure,Animation",6.4,582,0
1549,tt12448470,Super HxEros,Dokyuu Hentai HxEros,tvMiniSeries,2020,2021,23,"Action,Animation,Comedy",5.6,581,0
1550,tt7954970,Today's Menu for the Emiya Family,Today's Menu for the Emiya Family,tvMiniSeries,2018,2019,\N,"Animation,Comedy",7.1,581,0
1551,tt0261463,Ceres: Celestial Legend,Ayashi no Ceres,tvSeries,2000,2000,21,"Adventure,Animation,Comedy",7.0,580,0
1552,tt30970523,The Magical Girl and the Evil Lieutenant Used to Be Archenemies,Katsute Mahô Shôjo to Aku wa Tekitai Shiteita.,tvSeries,2024,2024,12,"Animation,Comedy,Fantasy",6.7,580,0
1553,tt8893554,LAST HOPE,Last Hope,tvSeries,2018,2018,24,"Action,Adventure,Animation",5.7,580,0
1554,tt0161113,Blood Reign: Curse of the Yoma,Yôma,tvMiniSeries,1989,1989,77,"Action,Animation,Drama",6.3,579,0
1555,tt1161656,Gunslinger Girl: Il Teatrino,Gansuringâ gâru: Iru teatorîno,tvMiniSeries,2008,2008,\N,"Action,Animation,Drama",6.7,579,0
1556,tt29106483,Fist of the North Star: Hokuto no Ken,Hokuto no Ken,tvSeries,2026,\N,25,"Action,Adventure,Animation",6.7,579,0
1557,tt0101950,Giant Robo: The Day the Earth Stood Still,Jaianto Robo: The Animation - Chikyuu ga Seishi Suru Hi,tvMiniSeries,1992,1998,\N,"Action,Animation,Comedy",7.9,578,0
1558,tt0403751,Dash!! Kappei,Dash!! Kappei,tvSeries,1981,1982,25,"Animation,Comedy,Sport",6.9,578,0
1559,tt10347516,Cop Craft,Cop Craft,tvMiniSeries,2019,2019,23,"Action,Animation,Crime",6.6,578,0
1560,tt30643982,Fluffy Paradise,Isekai de Mofumofu Nadenade suru Tame ni Ganbattemasu.,tvSeries,2024,2024,30,"Adventure,Animation,Comedy",6.1,577,0
1561,tt8644562,My Girlfriend Is Shobitch,Boku no Kanojo ga Majimesugiru Sho-bitch na Ken,tvSeries,2017,2017,23,"Animation,Comedy",5.7,574,0
1562,tt0286390,Crest of the Stars,Seikai no monshô,tvSeries,1999,1999,26,"Action,Animation,Drama",7.5,573,0
1563,tt38646611,Hana-Kimi,Hanazakari no Kimitachi e,tvSeries,2026,\N,\N,"Animation,Comedy,Drama",6.5,573,0
1564,tt0196692,Final Fantasy: Legend of the Crystals,Fainaru fantajî,tvMiniSeries,1994,1994,120,"Action,Adventure,Animation",6.1,571,0
1565,tt3625280,Ben-To,Ben-To,tvMiniSeries,2011,2011,24,"Action,Animation,Comedy",6.6,570,0
1566,tt0421352,Great Mazinger,Gurêto Majingâ,tvSeries,1974,1975,30,"Action,Animation,Sci-Fi",7.5,569,0
1567,tt1516239,Kämpfer,Kenpufâ,tvSeries,2009,2009,24,"Action,Animation,Comedy",6.0,569,0
1568,tt10427920,Are You Lost?,Sounan desu ka?,tvSeries,2019,\N,15,"Adventure,Animation,Comedy",6.3,568,0
1569,tt0479783,Yakitate!! Japan,Yakitate!! Japan,tvSeries,2004,2006,\N,"Animation,Comedy,Drama",7.7,567,0
1570,tt0944093,Eiken,Eiken,tvMiniSeries,2003,2004,60,"Animation,Comedy,Romance",3.7,567,0
1571,tt33332400,Yaiba: Samurai Legend,Shin Samurai-den YAIBA,tvSeries,2025,2025,22,"Action,Adventure,Animation",6.9,567,0
1572,tt5236254,Anti-Magic Academy: The 35th Test Platoon,Anti-Magic Academy: The 35th Test Platoon,tvSeries,2015,2015,22,"Action,Animation,Comedy",6.3,567,0
1573,tt27237459,Jellyfish Can't Swim in the Night,Yoru no kurage wa oyogenai,tvMiniSeries,2024,2024,\N,"Animation,Comedy,Drama",7.4,566,0
1574,tt5897818,Days,Days,tvMiniSeries,2016,2016,50,"Animation,Drama,Sport",7.3,566,0
1575,tt7879496,Lupin the 3rd Part V,Rupan sansei PART 5,tvSeries,2018,2018,22,"Adventure,Animation,Comedy",7.8,566,0
1576,tt0425710,R.O.D the TV,R.O.D the TV,tvSeries,2003,2004,25,"Action,Adventure,Animation",7.6,565,0
1577,tt4292186,The Disappearance of Nagato Yuki-chan,Nagato Yuki-chan no Shoshitsu,tvSeries,2015,2015,\N,"Animation,Comedy,Romance",6.3,565,0
1578,tt27182605,GINTAMA - Mr.Ginpachi's Zany Class,3-Nen Z-Gumi Ginpachi-sensei,tvSeries,2025,2025,\N,"Animation,Comedy",7.7,563,0
1579,tt0852880,Samurai Deeper Kyo,Samurai Deeper Kyo,tvSeries,2002,2002,25,"Action,Animation",6.7,561,0
1580,tt0968237,Hell Girl: Two Mirrors,Jigoku shôjo: Futakomori,tvSeries,2006,2007,25,"Animation,Drama,Family",7.8,561,0
1581,tt14264160,Irina: The Vampire Cosmonaut,Tsuki to Laika to Nosferatu,tvSeries,2021,2021,23,"Animation,Drama,Fantasy",6.8,561,0
1582,tt4838372,Osomatsu-san,Osomatsu-san,tvSeries,2015,2025,23,"Animation,Comedy",7.4,560,0
1583,tt7246908,Full Metal Panic! Invisible Victory,Full Metal Panic! Invisible Victory,tvSeries,2018,2018,24,"Action,Animation,Comedy",7.4,560,0
1584,tt5194246,Beautiful Bones: Sakurako's Investigation,Sakurako-san no ashimoto ni wa shitai ga umatteiru,tvMiniSeries,2015,2015,24,"Animation,Crime,Drama",6.9,559,0
1585,tt0973423,Jyu oh sei,Jyu oh sei,tvSeries,2006,2006,\N,"Animation,Drama,Mystery",6.8,557,0
1586,tt4689276,"Actually, I Am...",Jitsu wa Watashi wa,tvSeries,2015,2015,30,"Animation,Comedy,Fantasy",6.5,557,0
1587,tt0296324,Arjuna,Chikyû shôjo Arjuna,tvMiniSeries,2001,2001,25,"Animation,Drama,Fantasy",6.9,556,0
1588,tt1516294,Nyankoi!,Nyankoi!,tvSeries,2009,\N,\N,"Animation,Comedy,Fantasy",7.0,556,0
1589,tt0977907,Aria: The Animation,Aria: The Animation,tvSeries,2005,2015,24,"Animation,Comedy,Drama",7.2,555,0
1590,tt0978215,Utawarerumono,Utawarerumono,tvSeries,2006,2006,\N,"Action,Adventure,Animation",6.8,555,0
1591,tt1141604,Tokko,Tokko,tvMiniSeries,2006,\N,\N,"Action,Animation,Crime",6.4,554,0
1592,tt16741414,Summer Pockets,Summer Pockets,tvSeries,2025,2025,24,"Animation,Drama,Fantasy",6.7,554,0
1593,tt12814598,Those Snow White Notes,Mashiro no Oto,tvSeries,2021,2021,24,"Animation,Drama,Music",7.4,550,0
1594,tt28634577,Grandpa and Grandma Turn Young Again,Jiisan Baasan Wakagaeru,tvSeries,2024,2024,\N,"Animation,Comedy,Fantasy",6.7,549,0
1595,tt32856801,Blue Exorcist: The Blue Night Saga,Ao no ekusoshisuto: Yosuga-hen,tvSeries,2025,2025,\N,"Action,Animation,Fantasy",7.8,549,0
1596,tt1238937,Blue Dragon,Buru doragon,tvSeries,2007,2008,\N,"Action,Adventure,Animation",6.4,548,0
1597,tt0368185,Puni Puni Poemy,Puni Puni Poemi,tvMiniSeries,2001,2001,30,"Animation,Comedy,Fantasy",7.0,547,0
1598,tt1300176,Strike Witches,Sutoraiku uicchîzu,tvSeries,2008,2010,24,"Action,Animation,Comedy",6.4,547,0
1599,tt31975268,"Studio Apartment, Good Lighting, Angel Included.","One Room, Hiatari Futsuu, Tenshi-tsuki.",tvSeries,2024,\N,\N,"Animation,Comedy,Fantasy",6.6,545,0
1600,tt2147761,We Were There,Bokura ga ita,tvSeries,2006,2006,26,"Animation,Drama,Romance",6.8,543,0
1601,tt6138612,Granblue Fantasy: The Animation,Guranburû fantajî: Ji animêshon,tvSeries,2017,\N,23,"Adventure,Animation,Fantasy",6.3,541,0
1602,tt0088736,Area 88,Area 88,tvMiniSeries,1985,1986,200,"Action,Animation,Drama",7.6,540,0
1603,tt7211600,Lost Song,Lost Song,tvSeries,2018,2018,25,"Adventure,Animation,Drama",6.9,540,0
1604,tt31976070,Welcome Home,"Tadaima, Okaeri",tvMiniSeries,2024,\N,24,"Animation,Comedy,Drama",7.1,536,0
1605,tt2160200,Flame of Recca,Rekka no honoo,tvSeries,1997,1998,22,"Action,Adventure,Animation",7.2,535,0
1606,tt3639836,DRAMAtical Murder,DRAMAtical Murder,tvSeries,2014,2014,24,"Action,Animation,Sci-Fi",5.7,535,0
1607,tt0337283,Doomed Megalopolis,Teito Monogatari,tvMiniSeries,1991,1992,47,"Animation,Fantasy,History",6.1,534,0
1608,tt27865962,Beyblade X,Beyblade X,tvSeries,2023,\N,22,"Action,Adventure,Animation",6.3,533,0
1609,tt0989778,Koi Kaze,Koi kaze,tvMiniSeries,2004,2004,25,"Animation,Drama,Romance",7.3,532,0
1610,tt35636186,Black Butler: Emerald Witch Arc,Kuroshitsuji -Midori no Majo-Hen-,tvSeries,2025,2025,\N,"Action,Animation,Comedy",7.7,532,0
1611,tt36143285,With You and the Rain,Ame to Kimi to,tvSeries,2025,2025,\N,"Animation,Comedy",7.2,531,0
1612,tt0157222,Dr. Slump,Dokutâ Surampu,tvSeries,1997,1999,24,"Animation,Comedy,Fantasy",7.8,530,0
1613,tt15378218,Under Ninja,Under Ninja,tvSeries,2023,2023,24,"Action,Animation,Comedy",6.5,530,0
1614,tt36056731,I Want to Love You Till Your Dying Day,Kimi ga shinu made koi o shitai,tvSeries,2026,\N,2,"Action,Animation,Drama",7.7,530,0
1615,tt23844810,"Bye Bye, Earth","Bye Bye, Earth",tvSeries,2024,\N,\N,"Action,Adventure,Animation",5.5,528,0
1616,tt3588312,The Comic Artist and Assistants,Mangaka-san to Assistant-san to,tvSeries,2014,\N,13,"Animation,Comedy",6.4,528,0
1617,tt0294007,Attacker You!,Atakkâ you!,tvSeries,1984,1985,24,"Action,Animation,Family",6.6,526,0
1618,tt19244410,Level 1 Demon Lord and One Room Hero,Lv1 Maou to One Room Yuusha,tvSeries,2023,2023,\N,"Animation,Comedy,Fantasy",6.7,526,0
1619,tt2293974,Robotics;Notes,Robotics;Notes,tvSeries,2012,2013,25,"Action,Animation,Comedy",6.8,524,0
1620,tt11443824,SSSS.Dynazenon,SSSS.Dynazenon,tvSeries,2021,2021,24,"Action,Adventure,Animation",6.9,523,0
1621,tt36132068,Yano-kun's Ordinary Days,Yano-kun no Futsu no Hibi,tvSeries,2025,2025,\N,"Animation,Comedy,Romance",7.0,523,0
1622,tt37113118,Ruri Rocks,Ruri no Houseki,tvSeries,2025,2025,\N,"Adventure,Animation,Comedy",7.6,522,0
1623,tt0810056,Strawberry Marshmallow,Ichigo mashimaro,tvSeries,2005,2005,24,"Animation,Comedy,Drama",7.6,521,0
1624,tt1334298,Ef: A Tale of Melodies.,Ef: A Tale of Melodies.,tvSeries,2008,2008,24,"Animation,Drama,Mystery",7.5,521,0
1625,tt0414763,Rave Master,Groove Adventure Rave,tvSeries,2001,2002,24,"Action,Adventure,Animation",6.8,518,0
1626,tt2076817,Carnival Phantasm,Carnival Phantasm,tvSeries,2011,2012,16,"Animation,Comedy",7.2,517,0
1627,tt2942202,Unbreakable Machine Doll,Kikô shôjo wa kizutsukanai,tvSeries,2013,2013,24,"Action,Animation,Fantasy",6.7,517,0
1628,tt0189318,Turn A Gundam,Turn-A Gundam,tvSeries,1999,2000,24,"Action,Adventure,Animation",7.5,515,0
1629,tt0471051,Dodge Danpei,Hono no tokyuji Dodge Danpei,tvSeries,1991,1992,30,"Action,Adventure,Animation",7.2,515,0
1630,tt10838000,Ace of Diamond: Act II,Ace of Diamond: Act II,tvSeries,2019,2026,24,"Animation,Comedy,Sport",8.3,515,0
1631,tt1127249,Karin,Karin,tvSeries,2005,2006,23,"Animation,Comedy,Fantasy",6.9,515,0
1632,tt29171927,I Shall Survive Using Potions!,Potion-danomi de Ikinobimasu!,tvSeries,2023,2023,30,"Action,Adventure,Animation",6.3,515,0
1633,tt9731082,A Sister's All You Need,Imouto sae Ireba li,tvSeries,2017,2017,23,"Animation,Comedy,Romance",6.3,515,0
1634,tt28131643,The Banished Former Hero Lives as He Pleases,"Dekisokonai to Yobareta Moto Eiyû wa, Jikka Kara Tsuihôsareta node Suki Katte ni Ikiru Koto ni Shita",tvSeries,2024,\N,24,"Action,Adventure,Animation",5.1,512,0
1635,tt6206772,Legend of the Galactic Heroes Gaiden,Ginga Eiyû Densetsu Gaiden,tvSeries,1998,2000,25,"Action,Animation,Drama",8.3,512,0
1636,tt0816387,"God, Save Our King!",Kyô kara maô!,tvSeries,2004,\N,25,"Adventure,Animation,Comedy",7.1,510,0
1637,tt23711384,My Clueless First Friend,Jijô wo shiranai tenkôsei ga guigui kuru.,tvSeries,2023,2023,\N,"Animation,Comedy,Romance",7.4,509,0
1638,tt6139566,Flip Flappers,Flip Flappers,tvMiniSeries,2016,2016,\N,"Adventure,Animation,Comedy",7.2,509,0
1639,tt9573854,Lord El-Melloi II's Case Files: Rail Zeppelin Grace Note,Lord El-Melloi II Sei no Jikenbo: Rail Zeppelin Grace Note,tvSeries,2018,\N,23,"Action,Animation,Fantasy",6.9,509,0
1640,tt2176249,Brave 10,Brave 10,tvSeries,2012,2012,24,"Action,Animation,Comedy",6.3,508,0
1641,tt1282011,Stitch!,Stitch!,tvSeries,2008,2015,\N,"Animation,Comedy,Family",4.7,507,0
1642,tt5686870,Big Order,Big Order,tvSeries,2016,\N,24,"Action,Animation,Drama",4.8,507,0
1643,tt0366064,Oruchuban Ebichu,Oruchuban Ebichu,tvMiniSeries,1999,1999,9,"Animation,Comedy,Short",7.5,505,0
1644,tt29467317,Mr. Villain's Day Off,Kyûjitsu no Warumono-san,tvSeries,2024,\N,\N,"Animation,Comedy,Fantasy",6.7,505,0
1645,tt9828600,Fairy gone,Fairy gone,tvSeries,2019,2019,23,"Action,Animation,Fantasy",5.8,505,0
1646,tt5628740,Yu-Gi-Oh! Vrains,Yu-Gi-Oh! Vrains,tvSeries,2017,2019,24,"Animation,Fantasy",6.2,504,0
1647,tt0108954,Tekkaman Blade,Uchû no kishi Tekkaman Burêdo,tvSeries,1992,1993,19,"Action,Adventure,Animation",7.9,502,0
1648,tt27679458,Overtake!,Ôbâteiku!,tvSeries,2023,2023,24,"Animation,Drama,Sport",7.5,502,0
1649,tt6901486,Seven Mortal Sins,Sin Nanatsu no Taizai,tvMiniSeries,2017,2017,23,"Animation,Fantasy",5.4,501,0
1650,tt0928385,Freedom,Freedom,tvMiniSeries,2006,2008,30,"Animation,Sci-Fi",7.2,500,0
1651,tt1386581,The Melancholy of Haruhi-Chan Suzumiya,Suzumiya Haruhi chan no yûutsu,tvSeries,2009,2009,3,"Animation,Comedy",6.5,500,0
1652,tt14979456,When Will Ayumu Make His Move?,Soredemo Ayumu wa yosetekuru,tvMiniSeries,2022,2022,\N,"Animation,Comedy,Romance",6.7,499,0
1653,tt1693435,Major,Mejâ,tvSeries,2004,2012,25,"Animation,Sport",8.1,499,0
1654,tt1909586,SKET Dance,Sket Dance,tvSeries,2011,2013,24,"Animation,Comedy,Drama",7.6,499,0
1655,tt2074011,Samurai Girls,Hyakka Ryôran: Samurai Gâruzu,tvMiniSeries,2010,2010,24,"Action,Animation,Comedy",6.4,499,0
1656,tt2536414,When They Cry: Kira,Higurashi no Naku Koro ni Kira,tvMiniSeries,2011,2012,29,"Animation,Comedy,Horror",5.9,499,0
1657,tt1515976,11 Eyes,11 Eyes,tvSeries,2009,\N,25,"Action,Animation,Family",5.7,498,0
1658,tt0305104,Serendipity the Pink Dragon,Serendipity monogatari pure to no nakamatachi,tvSeries,1983,1983,24,"Adventure,Animation,Comedy",7.0,496,0
1659,tt32174340,Yatagarasu: The Raven Does Not Choose Its Master,Karasu wa Aruji wo Erabanai,tvSeries,2024,\N,25,"Animation,Drama,Fantasy",7.7,495,0
1660,tt36294552,Trigun Stargaze,Trigun Stargaze,tvSeries,2026,\N,\N,"Action,Adventure,Animation",6.5,495,0
1661,tt6591446,Marvel Future Avengers,Marvel Future Avengers,tvSeries,2017,2018,24,"Action,Adventure,Animation",5.8,495,0
1662,tt19798344,Detective Conan: Zero's Tea Time,Meitantei Conan: Zero no Tea Time,tvSeries,2022,\N,13,"Animation,Comedy,Crime",6.0,494,0
1663,tt3459088,Magic Kaito,Magic Kaito,tvSeries,2010,2012,25,"Adventure,Animation,Comedy",7.2,494,0
1664,tt8646234,Hanebado: The Badminton Play of Ayano Hanesaki!,Hanebado!,tvSeries,2018,\N,24,"Animation,Drama,Sport",6.3,494,0
1665,tt8836500,Chio's School Road,Chio-chan no Tsuugakuro,tvSeries,2018,\N,23,"Animation,Comedy",7.5,494,0
1666,tt3416460,Majikoi ~ Oh! Samurai Girls,Maji de Watashi ni Koi Shinasai!,tvSeries,2011,2012,\N,"Animation,Comedy,Romance",5.5,492,0
1667,tt0081941,SuperBook,Anime oyako gekijô,tvSeries,1981,1983,\N,"Adventure,Animation,Drama",6.8,491,0
1668,tt0482107,Boys Over Flowers,Hana yori dango,tvSeries,1996,1997,25,"Animation,Comedy,Drama",7.3,491,0
1669,tt10980934,Azur Lane,Azur Lane,tvSeries,2019,\N,23,"Action,Animation,Drama",5.6,490,0
1670,tt8129662,Hakata Tonkotsu Ramens,Hakata Tonkotsu Ramens,tvSeries,2018,\N,24,"Action,Animation,Crime",7.1,490,0
1671,tt0988935,The Law of Ueki,Ueki no hôsoku,tvSeries,2005,2006,24,"Action,Adventure,Animation",7.2,489,0
1672,tt0158415,Vampire Princess Miyu,Kyûketsuhime Miyu,tvSeries,1997,1998,25,"Action,Animation,Drama",7.0,487,0
1673,tt0204102,The Adventures of Pinocchio,Pikorîo no bôken,tvSeries,1976,1977,25,"Animation,Comedy,Family",7.5,487,0
1674,tt37901124,Roll Over and Die,"Omae Gotoki ga Maou ni Kateru to Omouna to Yuusha Party wo Tsuihou sareta node, Outo de Kimama ni Kurashitai",tvSeries,2026,\N,\N,"Action,Adventure,Animation",5.9,487,0
1675,tt8096510,Sarazanmai,Sarazanmai,tvSeries,2019,2019,\N,"Animation,Comedy,Fantasy",6.8,487,0
1676,tt7769342,Shin Chan,Shin Chan,tvSeries,2016,\N,\N,"Animation,Comedy",8.6,486,0
1677,tt3342720,Baby Steps,Beibî suteppu,tvSeries,2014,2015,24,"Animation,Comedy,Romance",7.7,485,0
1678,tt0419299,.hack//Legend of the Twilight,.hack//Tasogare no udewa densetsu,tvMiniSeries,2003,2003,25,"Action,Adventure,Animation",6.1,484,0
1679,tt2144560,Eureka Seven: AO,Eureka Seven: Ao,tvSeries,2012,2012,\N,"Action,Adventure,Animation",6.6,484,0
1680,tt6135388,Magical Girl Raising Project,Mahô Shôjo Ikusei Keikaku,tvSeries,2016,\N,24,"Action,Adventure,Animation",6.9,484,0
1681,tt5452096,Rainbow Days,Nijiiro Days,tvSeries,2016,2016,13,"Animation,Comedy,Romance",6.8,483,0
1682,tt6453340,Seiren,Seiren,tvSeries,2017,\N,24,"Animation,Comedy,Drama",5.7,483,0
1683,tt7263380,Clean Freak! Aoyama Kun,Keppeki danshi! Aoyama-kun,tvMiniSeries,2017,2017,24,"Animation,Comedy,Sport",6.5,483,0
1684,tt22443832,Arknights: Prelude to Dawn,Arknights: Reimei Zensou,tvMiniSeries,2022,2022,\N,"Action,Adventure,Animation",6.0,482,0
1685,tt0156220,Macross 7,Macross 7,tvSeries,1994,1995,25,"Action,Adventure,Animation",6.5,479,0
1686,tt38253018,You Can't Be in a Rom-Com with Your Childhood Friends!,Osananajimi to wa LoveCom ni Naranai,tvSeries,2026,2026,\N,"Animation,Comedy,Romance",6.0,479,0
1687,tt6104656,Izetta: The Last Witch,Shumatsu no Izetta,tvMiniSeries,2016,2016,\N,"Action,Animation,Drama",6.7,479,0
1688,tt41293157,Though I Am an Inept Villainess,Futsutsuka na Akujo de wa Gozaimasu ga - Suuguu Chouso Torikae Den,tvSeries,2026,\N,23,"Animation,Drama,Fantasy",8.1,478,0
1689,tt6603172,Tenchi Muyo! War on Geminar,Isekai no Seikishi Monogatari,tvSeries,2009,2010,45,"Animation,Fantasy",6.9,478,0
1690,tt9622614,Wataten! An Angel Flew Down to Me,Watashi ni tenshi ga maiorita!,tvSeries,2019,2019,23,"Animation,Comedy",6.8,478,0
1691,tt9828800,Senryuu Girl,Senryuu Girl,tvSeries,2019,\N,12,"Animation,Comedy,Drama",6.9,478,0
1692,tt10711718,Miru Tights,Miru Tights,tvSeries,2019,2019,4,"Animation,Short",5.8,477,0
1693,tt0112940,El Hazard: The Magnificent World,Shinpi no sekai Eru Hazâdo,tvMiniSeries,1995,1996,235,"Adventure,Animation,Comedy",7.6,476,0
1694,tt0288355,Devilman,Debiruman,tvSeries,1972,1973,30,"Action,Animation,Fantasy",6.6,476,0
1695,tt11405370,Nekopara,Nekopara,tvSeries,2020,2020,21,"Animation,Comedy",6.0,476,0
1696,tt0813709,Gilgamesh,Gilgamesh,tvSeries,2003,2004,\N,"Animation,Drama,Sci-Fi",6.6,475,0
1697,tt14323890,Do It Yourself!!,Do It Yourself!!,tvSeries,2022,2022,23,"Animation,Comedy,Drama",7.2,474,0
1698,tt15379212,Ganbare Douki-chan,Ganbare Douki-chan,tvSeries,2021,2021,6,"Animation,Comedy,Romance",6.1,474,0
1699,tt11428682,Seton Academy: Join the Pack!,Murenase! Seton Gakuen,tvSeries,2020,\N,\N,"Animation,Comedy,Drama",6.5,472,0
1700,tt13286958,2.43 Seiin Koukou Danshi Volley Bu,2.43 Seiin Koukou Danshi Volley Bu,tvSeries,2021,2021,\N,"Animation,Drama,Sport",5.9,472,0
1701,tt2390038,OniAi,Onii-chan Dakedo Ai Sae Areba Kankei Nai yo ne-,tvSeries,2012,2012,25,"Animation,Comedy,Romance",5.8,472,0
1702,tt12279682,The Vampire Dies in No Time,Kyûketsuki Sugu Shinu,tvSeries,2021,\N,24,"Animation,Comedy,Fantasy",6.7,471,0
1703,tt1945805,Marvel Anime,Marvel Anime,tvSeries,2010,2011,\N,"Action,Animation,Sci-Fi",6.7,471,0
1704,tt0409548,Devilman Lady,Devilman Lady,tvSeries,1998,1999,30,"Animation,Drama,Fantasy",6.4,470,0
1705,tt17501150,Bibliophile Princess,Mushikaburi-hime,tvMiniSeries,2022,2022,24,"Animation,Drama,Romance",6.5,470,0
1706,tt6410184,Triage X,Triage X,tvMiniSeries,2015,2015,\N,"Action,Animation",6.0,470,0
1707,tt0872304,Honey and Clover II,Hachimitsu to kurôbâ II,tvSeries,2006,2006,25,"Animation,Comedy,Drama",7.9,469,0
1708,tt10470444,Wasteful Days of High School Girls,Joshikousei no Mudazukai,tvSeries,2019,2019,24,"Animation,Comedy,Drama",7.3,469,0
1709,tt0161718,Invasion America,Invasion America,tvSeries,1998,1998,30,"Action,Adventure,Animation",7.5,468,0
1710,tt2909936,The Eccentric Family,Uchouten Kazoku,tvSeries,2013,\N,24,"Animation,Comedy,Drama",7.5,466,0
1711,tt7727278,Love Is Like a Cocktail,Osake wa Fuufu ni Natte kara,tvMiniSeries,2017,2018,3,"Animation,Comedy,Romance",6.4,466,0
1712,tt12415634,Mars Red,Mars Red,tvSeries,2021,\N,\N,"Action,Animation,Fantasy",6.2,465,0
1713,tt31435652,Nyaight of the Living Cat,Nyaito obu za Ribingu Kyatto,tvSeries,2025,\N,\N,"Animation,Comedy,Fantasy",6.7,464,0
1714,tt3399706,Hamatora,Hamatora,tvSeries,2014,2017,\N,"Action,Animation,Fantasy",6.7,464,0
1715,tt0890871,Destiny of the Shrine Maiden,Kannazuki no miko,tvSeries,2004,2004,24,"Action,Animation,Drama",6.5,463,0
1716,tt32460380,Blue Exorcist -Beyond the Snow Saga-,Ao no ekusoshisuto: Yuki no Hate-hen,tvSeries,2024,2024,\N,"Action,Animation,Fantasy",7.3,463,0
1717,tt32777700,"Dad Is a Hero, Mom Is a Spirit, I'm a Reincarnator","Chichi wa Eiyuu, Haha wa Seirei, Musume no Watashi wa Tenseisha.",tvSeries,2025,2025,\N,"Animation,Comedy,Fantasy",5.9,463,0
1718,tt3196524,"I Couldn't Become a Hero, So I Reluctantly Decided to Get a Job.",Yuusha ni Narenakatta Ore wa Shibushibu Shuushoku wo Ketsui Shimashita,tvSeries,2013,2014,24,"Action,Animation,Comedy",6.3,462,0
1719,tt3517010,Is the Order a Rabbit?,Gochuumon wa Usagi Desu ka?,tvSeries,2014,\N,24,"Animation,Comedy",6.9,461,0
1720,tt2309408,Little Busters!,Little Busters!,tvSeries,2012,2013,\N,"Animation,Comedy,Drama",6.7,460,0
1721,tt0480493,Negima!,Mahô sensei Negima!,tvSeries,2005,2005,23,"Adventure,Animation,Comedy",6.8,457,0
1722,tt9826402,YU-NO: A Girl Who Chants Love at the Bound of This World,Kono Yo no Hate de Koi wo Utau Shoujo YU-NO,tvSeries,2019,2019,25,"Animation,Drama,Mystery",6.4,457,0
1723,tt0387776,Banner of the Stars,Seikai no senki,tvSeries,2000,2005,\N,"Action,Animation,Drama",7.3,456,0
1724,tt32332992,A Nobody's Way Up to an Exploration Hero,Mob kara Hajimaru Tansaku Eiyutan,tvSeries,2024,\N,24,"Action,Adventure,Animation",5.6,454,0
1725,tt0978205,Suzuka,Suzuka,tvSeries,2005,2006,23,"Animation,Drama,Romance",6.8,453,0
1726,tt30691068,The Demon Prince of Momochi House,Momochi-san Chi no Ayakashi Ôji,tvSeries,2024,2024,24,"Animation,Fantasy,Romance",6.3,453,0
1727,tt5839698,The Morose Mononokean,Fukigen na Mononokean,tvSeries,2016,\N,24,"Animation,Comedy,Drama",7.1,453,0
1728,tt24240038,Synduality: Noir,Synduality Noir,tvSeries,2023,2024,24,"Action,Adventure,Animation",6.4,452,0
1729,tt35436553,Rock Is a Lady's Modesty,Rock wa Lady no Tashinamideshite,tvSeries,2025,2025,\N,"Animation,Comedy,Music",7.7,452,0
1730,tt0294208,Touch,Tatchi,tvSeries,1985,1987,25,"Animation,Comedy,Romance",7.9,451,0
1731,tt6004864,The Dragon Dentist,The Dragon Dentist,tvMiniSeries,2017,2017,90,"Action,Adventure,Animation",6.8,451,0
1732,tt8533890,Inazuma Eleven Go: Galaxy,Inazuma Eleven Go: Galaxy,tvSeries,2013,2014,23,"Adventure,Animation,Family",6.8,451,0
1733,tt0108736,DNA²,DNA²: Dokokade nakushita aitsu no aitsu,tvMiniSeries,1994,1994,25,"Animation,Comedy,Romance",6.5,450,0
1734,tt2564106,Nyaruko: Crawling with Love,Haiyore! Nyaruko-san,tvSeries,2012,2015,\N,"Action,Animation,Comedy",6.4,449,0
1735,tt0111351,You're Under Arrest!,Taiho shichauzo!,tvSeries,1996,2008,21,"Action,Animation,Comedy",7.2,448,0
1736,tt0092486,The Wonderful Wizard of Oz,Ozu no mahôtsukai,tvSeries,1986,1987,25,"Adventure,Animation,Family",7.6,447,0
1737,tt1490066,Sweet Blue Flowers,Aoi hana,tvMiniSeries,2009,2009,23,"Animation,Drama,Romance",6.9,447,0
1738,tt22297732,Saint Cecilia and Pastor Lawrence,Shiro Seijo to Kuro Bokushi,tvSeries,2023,2023,\N,"Animation,Comedy,Fantasy",6.9,447,0
1739,tt2629496,Level E,Level E,tvSeries,2011,2011,24,"Animation,Comedy,Sci-Fi",6.8,447,0
1740,tt5894272,Cyborg 009: Call of Justice,Cyborg 009: Call of Justice,tvSeries,2016,\N,100,"Action,Animation,Sci-Fi",5.9,447,0
1741,tt38940229,Reincarnated as a Dragon Hatchling,Tensei Shitara Dragon no Tamago Datta: Saikyo Igai Mezasanee,tvSeries,2026,\N,\N,"Adventure,Animation,Fantasy",6.3,446,0
1742,tt0450430,Gokusen,Gokusen,tvSeries,2004,2004,24,"Animation,Comedy,Drama",7.2,445,0
1743,tt1125577,A Child's Time,Kodomo no jikan,tvSeries,2007,2011,\N,"Animation,Comedy,Drama",6.6,444,0
1744,tt0965567,Knight of Eon,Eru kazado,tvSeries,2006,\N,25,"Action,Adventure,Animation",6.9,443,0
1745,tt2189276,Inazuma Eleven Go 2: Chrono Stone,Inazuma irebun go 2,tvSeries,2012,2013,23,"Adventure,Animation,Family",7.4,443,0
1746,tt0423041,Re: Cutie Honey,Re: Cutie Honey,tvMiniSeries,2004,2004,\N,"Adventure,Animation,Comedy",7.2,442,0
1747,tt1245698,Birdy the Mighty Decode,Tetsuwan Bâdî Decode,tvSeries,2008,2009,24,"Action,Animation,Comedy",7.2,442,0
1748,tt10417572,The Demon Girl Next Door,Machikado mazoku,tvSeries,2019,2022,24,"Animation,Comedy,Drama",7.1,441,0
1749,tt0337769,Mahoromatic: Automatic Maiden,MahoRomatic,tvSeries,2001,2003,24,"Action,Animation,Comedy",6.7,440,0
1750,tt1420410,The Amazing Spiez!,The Amazing Spiez!,tvSeries,2009,2012,22,"Action,Animation,Comedy",5.9,439,0
1751,tt2362887,Uta no prince-sama - maji love 1000%,Uta no prince-sama - maji love 1000%,tvSeries,2011,\N,\N,"Animation,Comedy,Drama",6.4,439,0
1752,tt31976125,Oblivion Battery,Bôkyaku Batterî,tvSeries,2024,\N,\N,"Animation,Comedy,Sport",7.5,439,0
1753,tt39403976,Needy Girl Overdose,Needy Girl Overdose,tvSeries,2026,\N,\N,"Animation,Drama,Horror",6.5,438,0
1754,tt0346280,Thunder Jet: Raiders of the Galaxy Empire,Ginga sengoku gunyû den Rai,tvSeries,1994,1995,25,"Action,Adventure,Animation",7.7,437,0
1755,tt25721166,Endo and Kobayashi Live! The Latest on Tsundere Villainess Lieselotte,Tsundere Akuyaku Reijou Liselotte to Jikkyou no Endou-kun to Kaisetsu no Kobayashi-san,tvSeries,2023,2023,24,"Animation,Comedy,Fantasy",6.5,437,0
1756,tt1441577,Pretty Cure,Futari Wa Pretty Cure,tvSeries,2004,2005,25,"Action,Adventure,Animation",6.9,436,0
1757,tt14330574,Sunset Paradise,Sunset Paradise,tvSeries,2021,2021,\N,"Action,Adventure,Animation",7.2,435,0
1758,tt10223702,Meiji Tokyo Renka,Meiji Tokyo Renka,tvSeries,2019,2019,23,"Animation,Comedy,Fantasy",7.0,434,0
1759,tt1276525,Chi's Sweet Home,Chi's Sweet Home,tvSeries,2008,2008,3,"Animation,Comedy,Family",7.9,434,0
1760,tt2651046,Shakugan no Shana III: Final,Shakugan no Shana III: Final,tvSeries,2011,2012,30,"Action,Animation",7.2,434,0
1761,tt0294497,Dallos,Darosu,tvMiniSeries,1983,1984,83,"Action,Animation,Sci-Fi",6.1,433,0
1762,tt1160947,Yokohama Shopping Log,Yokohama kaidashi kikô,tvMiniSeries,1998,1998,29,"Animation,Comedy,Drama",7.3,433,0
1763,tt28102247,My Daughter Left the Nest and Returned an S-Rank Adventurer,Bokensha ni Naritai to Miyako ni Deteitta Musume ga S-rank ni Natteta,tvSeries,2023,2023,\N,"Action,Animation,Comedy",6.4,433,0
1764,tt33054366,Negative Positive Angler,NegaPosi Angler,tvSeries,2024,2024,\N,"Animation,Comedy,Drama",6.9,433,0
1765,tt0294084,Alice in Wonderland,Fushigi no kuni no Arisu,tvSeries,1983,1984,24,"Adventure,Animation,Family",7.1,431,0
1766,tt1756988,Appleseed XIII,Appurushîdo XIII,tvSeries,2011,2012,\N,"Animation,Sci-Fi",5.3,431,0
1767,tt30989692,Whisper Me a Love Song,Sasayaku You ni Koi wo Utau,tvMiniSeries,2024,2024,\N,"Animation,Drama,Music",6.9,430,0
1768,tt32332918,Quality Assurance in Another World,Kono Sekai wa Fukanzen Sugiru,tvMiniSeries,2024,2024,\N,"Adventure,Animation,Comedy",6.0,430,0
1769,tt13851952,The Aquatope on White Sand,Shiroi Suna no Aquatope,tvSeries,2021,\N,\N,"Animation,Drama",7.3,429,0
1770,tt2309934,Acchi Kocchi,Acchi Kocchi,tvMiniSeries,2012,2012,25,"Animation,Comedy,Romance",6.6,429,0
1771,tt32779862,Once Upon a Witch's Death,Aru Majo ga Shinu Made,tvSeries,2025,\N,\N,"Adventure,Animation,Comedy",6.7,429,0
1772,tt6266522,Saint Young Men,Saint Oniisan,tvMiniSeries,2012,2013,20,"Animation,Comedy",7.0,429,0
1773,tt0159185,Mobile Suit Victory Gundam,Kidô senshi V Gundam,tvSeries,1993,1994,30,"Action,Animation,Drama",7.0,428,0
1774,tt3213642,Gundam Build Fighters,Gundam Build Fighters,tvSeries,2013,2014,25,"Action,Animation,Comedy",7.2,427,0
1775,tt0122129,Key: The Metal Idol,Key: The Metal Idol,tvSeries,1994,1997,34,"Animation,Drama,Fantasy",6.9,426,0
1776,tt10814148,Room Camp,Heya Camp,tvMiniSeries,2020,2020,3,"Adventure,Animation,Comedy",6.9,426,0
1777,tt2636966,Electromagnetic Girlfriend,Denpa Teki na Kanojo,tvMiniSeries,2009,2009,42,"Animation,Horror,Mystery",6.8,426,0
1778,tt6135350,Occultic;Nine,Occultic;Nine,tvSeries,2016,2016,24,"Animation,Horror,Mystery",6.4,426,0
1779,tt4621212,DokiDoki! PreCure,DokiDoki! PreCure,tvSeries,2013,2014,24,"Action,Adventure,Animation",6.6,425,0
1780,tt0298695,Monarch: The Big Bear of Tallac,Seton Dôbutsuki Kuma no ko Jacky,tvSeries,1977,1977,26,"Adventure,Animation,Family",7.2,422,0
1781,tt0127403,Transformers: Victory,Transformers: Victory,tvSeries,1989,1989,30,"Adventure,Animation,Family",7.4,421,0
1782,tt0161032,Starship Troopers,Uchû no senshi,tvMiniSeries,1988,1988,150,"Action,Animation,Drama",5.9,421,0
1783,tt0461879,Mezzo DSA,Mezzo DSA,tvSeries,2003,2004,22,"Action,Animation,Comedy",6.4,421,0
1784,tt1715081,Psychic Detective Yakumo,Shinrei tantei Yakumo,tvSeries,2010,2010,24,"Animation,Drama,Horror",6.5,421,0
1785,tt2012536,Virtua Fighter,Virtua Fighter,tvSeries,1995,1996,25,"Action,Adventure,Animation",7.3,421,0
1786,tt1177191,Sutoreito jaketto,Sutoreito jaketto,tvMiniSeries,2007,\N,26,"Action,Animation,Fantasy",6.1,420,0
1787,tt39246964,Kaiju Girl Caramelise,Otome Kaijû Kyaramerize,tvSeries,2026,\N,24,"Animation,Comedy,Romance",7.3,420,0
1788,tt31975747,Train to the End of the World,Shûmatsu Torein Doko e Iku?,tvSeries,2024,2024,\N,"Adventure,Animation,Comedy",6.9,418,0
1789,tt6153026,Tawawa on Monday,Getsuyoubi no Tawawa,tvSeries,2016,2021,\N,"Animation,Comedy,Romance",5.6,418,0
1790,tt2341171,Medaka Box,Medaka Box,tvSeries,2012,2012,24,"Action,Animation,Comedy",6.4,417,0
1791,tt0377210,Kiddy Grade,Kiddy Grade,tvSeries,2002,2003,25,"Action,Adventure,Animation",6.6,415,0
1792,tt27522506,Uma Musume: Pretty Derby - Road to the Top,Uma Musume: Pretty Derby - Road to the Top,tvMiniSeries,2023,2023,\N,"Animation,Comedy,Drama",7.4,415,0
1793,tt31940099,A Salad Bowl of Eccentrics,Henjin no Salad Bowl,tvSeries,2024,2024,24,"Animation,Comedy,Fantasy",6.9,415,0
1794,tt32832412,"Anyway, I'm Falling in Love with You","Douse, Koishite Shimaunda.",tvSeries,2025,\N,\N,"Animation,Drama,Romance",5.9,415,0
1795,tt0202299,The Cockpit,Za kokupitto,tvMiniSeries,1993,1994,23,"Animation,Drama,War",7.3,414,0
1796,tt10534392,Inazuma Eleven Ares,Inazuma Eleven Ares,tvSeries,2018,2018,11,"Animation,Family,Sport",6.5,414,0
1797,tt32536624,Private Tutor to the Duke's Daughter,Koujo Denka no Kateikyoushi,tvSeries,2025,\N,\N,"Animation,Drama,Fantasy",6.0,414,0
1798,tt5321184,Prince of Stride: Alternative,Prince of Stride: Alternative,tvSeries,2016,\N,24,"Animation,Sport",6.6,414,0
1799,tt0086781,Pole Position,Pole Position,tvSeries,1984,1985,30,"Action,Adventure,Animation",6.5,413,0
1800,tt0185655,Spaceketeers,SF Saiyûki Starzinger,tvSeries,1978,1979,30,"Animation,Comedy,Sci-Fi",8.1,413,0
1801,tt11547516,Pokémon: Twilight Wings,Hakumei no Tsubasa,tvMiniSeries,2020,2020,\N,"Action,Adventure,Animation",7.3,413,0
1802,tt15582422,Black Rock Shooter: Dawn Fall,Black Rock Shooter: Dawn Fall,tvSeries,2022,2022,24,"Action,Animation,Drama",5.6,413,0
1803,tt27479417,BanG Dream! It's MyGO!!!!!,BanG Dream! It's MyGO!!!!!,tvSeries,2023,2023,\N,"Animation,Drama,Music",7.6,413,0
1804,tt32779175,The Dark History of the Reincarnated Villainess,Tensei Akujo no Kuro Rekishi,tvSeries,2025,\N,\N,"Animation,Comedy,Fantasy",5.8,412,0
1805,tt6494518,Onihei,Onihei,tvSeries,2017,\N,23,"Action,Animation,Drama",7.5,412,0
1806,tt27246089,Phoenix: Eden17,Hi no tori: Eden no sora,tvMiniSeries,2023,2023,30,"Adventure,Animation,Drama",6.6,411,0
1807,tt3644256,Marvel Disk Wars: The Avengers,Marvel Disk Wars: The Avengers,tvSeries,2014,2015,20,"Action,Adventure,Animation",4.5,411,0
1808,tt7161218,ID-0,ID-0,tvMiniSeries,2017,2017,24,"Action,Adventure,Animation",6.0,411,0
1809,tt0211605,Saber Marionette J,Saber Marionette J,tvSeries,1996,1997,30,"Action,Adventure,Animation",7.4,410,0
1810,tt13412606,Bakuten!,Bakuten!,tvSeries,2021,2021,22,"Animation,Comedy,Drama",7.2,408,0
1811,tt35437763,Yandere Dark Elf: She Chased Me All the Way from Another World!,Chotto Dake Ai ga Omoi Dark Elf ga Isekai Kara Oikakete Kita,tvSeries,2025,2025,11,"Animation,Comedy,Fantasy",4.8,408,0
1812,tt7447044,No Game No Life Specials,No Game No Life Specials,tvSeries,2014,2014,3,"Animation,Fantasy,Short",5.6,408,0
1813,tt8530992,Harukana Receive,Harukana Receive,tvMiniSeries,2018,2018,\N,"Animation,Drama,Sport",6.6,408,0
1814,tt0159183,After War Gundam X,Kidô shin seiki Gundam X,tvSeries,1996,1996,30,"Action,Adventure,Animation",7.1,407,0
1815,tt1515985,Queen's Blade 2: The Evil Eye,Kuînzu bureido: Gyokuza o tsugu mono,tvMiniSeries,2009,2009,24,"Action,Adventure,Animation",6.6,407,0
1816,tt2011519,Wandering Son,Hourou Musuko,tvSeries,2011,2011,25,"Animation,Drama",7.5,406,0
1817,tt29402539,T-P Bon,Time Patrol Bon,tvSeries,2024,\N,24,"Adventure,Animation,Comedy",6.7,406,0
1818,tt9527662,Bakugan: Battle Planet,Bakugan: Battle Planet,tvSeries,2018,2023,24,"Action,Adventure,Animation",4.6,406,0
1819,tt1133480,Shugo Chara!,Shugokyara!,tvSeries,2007,2008,23,"Animation,Comedy,Family",7.0,405,0
1820,tt0315296,Sailor Moon SuperS Specials,Bishôjo senshi Sailor Moon Super S Special,tvMiniSeries,1995,1995,60,"Action,Animation,Fantasy",7.8,404,0
1821,tt15356258,Pokémon Evolutions,Pokémon Evolutions,tvSeries,2021,2021,8,"Action,Animation,Fantasy",7.3,404,0
1822,tt5592004,Star Blazers 2202,Uchuu Senkan Yamato 2202: Ai no Senshitachi,tvSeries,2017,2019,25,"Action,Adventure,Animation",7.2,404,0
1823,tt0378730,Yukikaze,Sento Yosei Yukikaze,tvSeries,2002,2005,47,"Action,Adventure,Animation",7.1,403,0
1824,tt0796142,Peace Maker Kurogane,Peace Maker Kurogane,tvSeries,2003,2004,24,"Action,Adventure,Animation",6.4,403,0
1825,tt1145380,Myself; Yourself,Maiserufu; Yuaserufu,tvSeries,2007,2007,25,"Animation,Drama,Romance",6.6,403,0
1826,tt39229727,Snowball Earth,Snowball Earth,tvSeries,2026,\N,\N,"Adventure,Animation,Sci-Fi",6.4,403,0
1827,tt22524872,Shy,Shy,tvSeries,2023,\N,24,"Action,Adventure,Animation",6.0,402,0
1828,tt0421381,Steel Jeeg,Kôtetsu jîgu,tvSeries,1975,1976,30,"Action,Animation,Sci-Fi",7.9,401,0
1829,tt1300172,Earl and Fairy,Hakushaku to yôsei,tvSeries,2008,2008,\N,"Animation,Comedy,Drama",6.6,401,0
1830,tt2904596,Servant X Service,Servant X Service,tvMiniSeries,2013,2013,23,"Animation,Comedy",7.0,401,0
1831,tt10265146,Miss Caretaker of Sunohara-sou,Miss Caretaker of Sunohara-sou,tvSeries,2018,2018,23,"Animation,Comedy,Romance",6.3,400,0
1832,tt2127216,Un-Go,Un-Go,tvMiniSeries,2011,2011,24,"Animation,Crime,Drama",6.5,400,0
1833,tt8400680,Revue Starlight,Shoujo Kageki Revue Starlight,tvSeries,2018,2019,24,"Action,Adventure,Animation",7.3,400,0
1834,tt5330856,Divine Gate,Divine Gate,tvSeries,2016,2016,24,"Action,Animation,Fantasy",5.0,399,0
1835,tt6050174,Assassination Classroom: Koro-sensei Q!,Koro Sensei Kyû!,tvSeries,2016,2017,24,"Action,Animation,Comedy",6.6,399,0
1836,tt0983962,"Hayate, the Combat Butler",Hayate no gotoku!,tvSeries,2007,2008,24,"Action,Animation,Comedy",6.8,398,0
1837,tt0159901,Dear Brother,Oniisama e...,tvSeries,1991,1992,25,"Animation,Drama,Romance",7.5,396,0
1838,tt3957550,Garo the Animation,Garo: Honoo no kokuin,tvSeries,2014,2015,24,"Action,Adventure,Animation",6.7,396,0
1839,tt1170225,Green Green,Gurîn gurîn,tvMiniSeries,2003,2003,24,"Animation,Comedy,Romance",5.8,394,0
1840,tt3385730,Wangan Midnight,Wangan Midnight,tvSeries,2007,2008,25,"Action,Animation,Drama",7.4,394,0
1841,tt3657074,Pokémon: Mega Evolution,Poketto monsutâ XY: Mega Evolution,tvMiniSeries,2014,2015,\N,"Action,Adventure,Animation",7.6,394,0
1842,tt0160864,3x3 Eyes: Legend of the Divine Demon,Sazan aizu seima densetsu,tvMiniSeries,1995,1996,45,"Animation,Fantasy,Horror",7.1,392,0
1843,tt0465339,Madlax,Madlax,tvSeries,2004,2004,\N,"Action,Animation,Drama",7.2,392,0
1844,tt12390384,Drugstore in Another World: The Slow Life of a Cheat Pharmacist,Cheat Kusushi no Slow Life: Isekai ni Tsukurou Drug Store,tvSeries,2021,2021,24,"Animation,Comedy,Fantasy",5.7,392,0
1845,tt2177954,Polar Bear's Café,Shirokuma Cafe,tvSeries,2012,2013,\N,"Animation,Comedy",7.9,392,0
1846,tt7535746,Konohana Kitan,Konohana Kitan,tvSeries,2017,\N,23,"Animation,Drama,Fantasy",7.1,392,0
1847,tt8324472,Fairy Tail OVA Series,Fairy Tail OVA Series,tvMiniSeries,2011,2016,\N,"Adventure,Animation,Comedy",7.2,392,0
1848,tt8344276,Popee the Performer,Popee the Performer,tvSeries,2000,2001,5,"Animation,Comedy,Horror",7.4,391,0
1849,tt3294136,Magical Warfare,Mahou sensou,tvSeries,2014,2014,24,"Action,Animation,Fantasy",5.6,390,0
1850,tt5314528,Giant Killing,Giant Killing,tvSeries,2010,2010,24,"Animation,Drama,Sport",7.5,390,0
1851,tt0168361,Peter Pan: The Animated Series,Pîtâ Pan no bôken,tvSeries,1989,1989,24,"Adventure,Animation,Comedy",7.7,389,0
1852,tt0343274,Battle Doll Angelic Layer,Kidou tenshi enjerikku reiyâ,tvSeries,2001,2001,25,"Action,Animation,Comedy",6.9,389,0
1853,tt5345050,Please Tell Me! Galko-chan,Oshiete! Galko-chan,tvSeries,2016,2017,8,"Animation,Comedy",6.9,389,0
1854,tt0124971,8 Man After,8 Man After,tvMiniSeries,1993,1993,104,"Action,Animation,Crime",6.3,388,0
1855,tt0363277,Malice@Doll,Malice@Doll,tvMiniSeries,2001,2001,78,"Animation,Horror,Sci-Fi",5.8,388,0
1856,tt0926230,Deltora Quest,Derutora kuesuto,tvSeries,2007,2008,\N,"Adventure,Animation,Family",7.1,387,0
1857,tt34714068,Wandance,Wandansu,tvSeries,2025,\N,23,"Animation,Drama,Music",6.6,387,0
1858,tt3462244,+tic Elder Sister,Chikku Neesan,tvSeries,2011,2012,2,"Animation,Comedy,Short",6.6,386,0
1859,tt8673808,Angolmois: Record of Mongol Invasion,Angolmois: Genkou Kassenki,tvSeries,2018,2018,23,"Action,Animation,Drama",7.1,386,0
1860,tt10066026,Hinomaru Sumo,Hinomaru Zumô,tvSeries,2018,2019,23,"Animation,Sport",7.2,385,0
1861,tt33609048,Trillion Game,Trillion Game,tvSeries,2024,\N,24,"Adventure,Animation,Comedy",7.2,385,0
1862,tt0111897,Blue Seed,Blue Seed,tvSeries,1994,1995,25,"Action,Adventure,Animation",6.9,384,0
1863,tt32332642,My Wife Has No Emotion,Boku no Tsuma wa Kanjo ga nai,tvSeries,2024,2024,24,"Animation,Comedy,Romance",6.3,384,0
1864,tt5675016,Cyborg 009 vs Devilman,Cyborg 009 vs Devilman,tvMiniSeries,2015,2015,28,Animation,6.0,384,0
1865,tt0105612,Tokyo Babylon,Tokyo babiron,tvMiniSeries,1992,1996,113,"Animation,Drama,Fantasy",6.6,383,0
1866,tt0145104,Teenage Mutant Ninja Turtles: Legend of the Supermutants,Mutant Turtles: Chôjin Densetsu-hen,tvMiniSeries,1996,1996,58,"Action,Animation,Comedy",5.4,383,0
1867,tt0293993,Rock 'n Roll Kids,Ai shite naito,tvSeries,1983,1984,24,"Animation,Comedy,Family",6.4,383,0
1868,tt0299357,NieA under 7,NieA under 7,tvSeries,2000,2000,\N,"Animation,Comedy,Sci-Fi",7.0,383,0
1869,tt1346122,Maria Holic,Maria horikku,tvSeries,2009,2011,24,"Animation,Comedy,Drama",6.4,383,0
1870,tt1783878,Digimon Xros Wars,Dejimon Kurosu Wôzu,tvSeries,2010,2011,25,"Action,Adventure,Animation",6.9,382,0
1871,tt2575708,Unlimited Psychic Squad,Zettai Karen Children: The Unlimited - Hyoubu Kyousuke,tvSeries,2008,\N,24,"Action,Animation,Drama",7.0,382,0
1872,tt3957472,Laughing Under the Clouds,Donten ni warau,tvSeries,2014,2015,\N,"Action,Animation,Drama",6.7,382,0
1873,tt14022814,Jouran: The Princess of Snow and Blood,Jouran: The Princess of Snow and Blood,tvSeries,2021,\N,23,"Action,Animation,Fantasy",6.2,379,0
1874,tt26140070,Malevolent Spirits: Mononogatari,Mononogatari,tvSeries,2023,2023,\N,"Action,Animation,Fantasy",6.8,379,0
1875,tt30643998,"'Tis Time for ""Torture,"" Princess",Himesama Goumon no Jikan desu,tvSeries,2024,2026,\N,"Animation,Comedy,Fantasy",6.3,379,0
1876,tt0978030,Gakuen Heaven,Gakuen Heaven,tvMiniSeries,2006,2006,26,"Animation,Romance",5.9,378,0
1877,tt2250092,Humanity Has Declined,Jinrui wa Suitai Shimashita,tvSeries,2012,2012,\N,"Animation,Comedy,Fantasy",7.0,378,0
1878,tt6424452,Oushitsu Kyoushi Heine,Oushitsu Kyoushi Heine,tvSeries,2017,2017,25,"Adventure,Animation,Comedy",7.1,378,0
1879,tt0426265,Trava: Fist Planet,Trava: Fist Planet,tvSeries,2002,\N,52,"Animation,Sci-Fi",6.7,377,0
1880,tt10496580,Pet,Pet,tvSeries,2020,\N,325,"Action,Animation,Crime",6.2,377,0
1881,tt26997679,Chiikawa,Chiikawa,tvSeries,2022,2026,2,"Animation,Comedy,Family",8.2,377,0
1882,tt3306838,Hozuki's Coolheadedness,Hôzuki no Reitetsu,tvSeries,2014,\N,24,"Animation,Comedy,Fantasy",7.2,377,0
1883,tt8693220,How to Keep a Mummy,Miira no Kaikata,tvMiniSeries,2018,2018,24,"Animation,Comedy,Fantasy",7.2,376,0
1884,tt0168351,Lucy-May of the Southern Rainbow,Minami no niji no rûshî,tvSeries,1982,1982,24,"Adventure,Animation,Drama",7.1,375,0
1885,tt0807834,Rec,Rec,tvSeries,2006,2006,\N,"Animation,Comedy,Romance",6.9,375,0
1886,tt1914829,Alice Academy,Gakuen Alice,tvSeries,2004,\N,25,"Animation,Comedy,Fantasy",7.2,375,0
1887,tt1985378,Dororo,Dororo,tvSeries,1968,1969,\N,"Action,Animation,Fantasy",7.3,375,0
1888,tt3029762,Omamori Himari,Omamori Himari,tvMiniSeries,2010,2010,22,"Adventure,Animation,Comedy",6.2,375,0
1889,tt6344982,Poco's Udon World,Udon no kuni no kiniro kemari,tvSeries,2016,2016,23,"Animation,Comedy,Drama",7.5,375,0
1890,tt0158644,Green Legend Ran,Gurinrejendo ran,tvSeries,1992,\N,134,"Animation,Drama,Fantasy",6.8,374,0
1891,tt1216159,Nabari no Ou,Nabari no ô,tvSeries,2008,2008,24,"Action,Animation,Comedy",6.3,373,0
1892,tt3104246,Aoki Hagane no Arpeggio: Ars Nova,Aoki Hagane no Arpeggio: Ars Nova,tvMiniSeries,2013,2013,\N,"Action,Animation,Drama",7.0,373,0
1893,tt31940035,The Many Sides of Voice Actor Radio,Seiyuu Radio no Uraomote,tvSeries,2024,2024,\N,"Animation,Comedy,Romance",7.0,372,0
1894,tt2074708,Hungry Heart: Wild Striker,Hungry Heart: Wild Striker,tvSeries,2002,2003,30,"Animation,Sport",8.0,371,0
1895,tt3143922,Young GTO,Shonan Junai Gumi,tvMiniSeries,1994,1997,\N,"Action,Animation,Comedy",6.7,371,0
1896,tt21345982,"Play It Cool, Guys",Cool Doji Danshi,tvSeries,2022,2023,12,"Animation,Comedy,Short",7.2,370,0
1897,tt0103720,The Heroic Legend of Arislan,Arslân Senki,tvMiniSeries,1993,1995,59,"Adventure,Animation,Drama",6.8,369,0
1898,tt0160523,Megazone 23 III,Megazone 23 Part III,tvMiniSeries,1989,1989,101,"Action,Adventure,Animation",6.3,369,0
1899,tt0466413,Emma: A Victorian Romance,Eikoku koi monogatari Emma,tvSeries,2005,2007,25,"Animation,Drama,History",7.6,369,0
1900,tt0807655,.hack//Roots,.hack//Roots,tvSeries,2006,2006,24,"Adventure,Animation,Fantasy",6.0,369,0
1901,tt10580768,My Sweet Tyrant,Akkun to Kanojo,tvSeries,2018,2018,3,"Animation,Comedy,Romance",6.5,369,0
1902,tt2632048,Kakumeiki Valvrave,Kakumeiki Valvrave,tvSeries,2013,2013,25,"Action,Animation,Drama",6.6,369,0
1903,tt0168393,Story of the Trapp Family,Torappu ikka monogatari,tvSeries,1991,1991,24,"Adventure,Animation,Family",7.7,368,0
1904,tt0168334,A Dog of Flanders,Furandâsu no inu,tvSeries,1975,1975,24,"Animation,Drama,Family",7.9,367,0
1905,tt29340934,The Yuzuki Family's Four Sons,Yuzuki-san Chi no Yonkyôdai.,tvSeries,2023,2023,\N,"Animation,Drama",7.4,367,0
1906,tt30326044,ATRI: My Dear Moments,ATRI: My Dear Moments,tvSeries,2024,2024,\N,"Animation,Drama,Romance",6.5,367,0
1907,tt3639872,Kantai Collection: Kan Colle,Kantai Collection: Kan Colle,tvSeries,2015,2023,24,"Action,Animation,Comedy",6.0,367,0
1908,tt5160872,Punch Line,Punch Line,tvMiniSeries,2015,2015,23,"Adventure,Animation,Comedy",6.1,367,0
1909,tt15759044,Underverse,Underverse,tvSeries,2016,2024,\N,"Action,Adventure,Animation",8.4,366,0
1910,tt32083095,Mysterious Disappearances,Kaî to Otome to Kamikakushi,tvSeries,2024,2024,\N,"Animation,Drama,Fantasy",6.3,366,0
1911,tt5778326,Black Jack,Black Jack,tvSeries,1993,2000,\N,"Animation,Drama,Mystery",7.4,366,0
1912,tt1290729,Requiem from the Darkness,Kyôgoku Natsuhiko kôsetsu hyakumonogatari,tvSeries,2003,2003,24,"Animation,Horror,Mystery",6.9,365,0
1913,tt1352414,Samurai Harem,Asu no yoichi!,tvSeries,2009,2009,24,"Animation,Comedy,Drama",5.9,365,0
1914,tt14272704,Rilakkuma's Theme Park Adventure,Rilakkuma's Theme Park Adventure,tvSeries,2022,\N,15,"Adventure,Animation,Comedy",6.7,365,0
1915,tt32307386,Senpai is an Otokonoko,Senpai wa Otokonoko,tvSeries,2024,2024,23,"Animation,Drama,Romance",6.4,365,0
1916,tt0928095,Kiba,Kiba,tvSeries,2006,2007,24,"Action,Adventure,Animation",7.2,364,0
1917,tt3169618,Samurai Flamenco,Samurai Flamenco,tvSeries,2013,\N,23,"Action,Animation,Comedy",6.5,364,0
1918,tt13963530,Mobile Suit Gundam Thunderbolt,Mobile Suit Gundam Thunderbolt,tvMiniSeries,2015,2017,\N,"Action,Adventure,Animation",7.6,363,0
1919,tt38273912,Botan Kamiina Fully Blossoms When Drunk,"Kamiina Botan, Yoheru Sugata wa Yuri no Hana",tvSeries,2026,\N,\N,"Animation,Comedy,Drama",7.3,363,0
1920,tt3985242,Merman in My Tub,Orenchi no Furo Jijou,tvMiniSeries,2014,2014,4,"Animation,Comedy,Fantasy",6.3,363,0
1921,tt8183792,Your Anime Sucks: Sword Art Online II,Your Anime Sucks: Sword Art Online II,tvSeries,2014,2015,\N,Animation,7.1,363,0
1922,tt0100099,Devil Hunter Yohko,Mamono Hunter Yôko,tvMiniSeries,1990,1995,28,"Action,Animation,Comedy",6.5,362,0
1923,tt0959544,Elemental Gelade,Erementaru Jereido,tvSeries,2005,2005,24,"Action,Adventure,Animation",6.9,362,0
1924,tt3957586,Gugure! Kokkuri-san,Gugure! Kokkuri-san,tvSeries,2014,2014,\N,"Animation,Comedy,Fantasy",7.1,362,0
1925,tt0434725,Detective School Q,Tantei gakuen Q,tvSeries,2003,2004,\N,"Adventure,Animation,Comedy",8.1,361,0
1926,tt2293988,Nakaimo: My Little Sister Is Among Them,"Kono naka ni hitori, imouto ga iru!",tvSeries,2012,2013,25,"Animation,Comedy,Drama",6.1,361,0
1927,tt0088507,Dirty Pair,Dâti pea,tvMiniSeries,1985,1988,25,"Action,Adventure,Animation",7.3,360,0
1928,tt0296374,Maple Town,Maple Town monogatari,tvSeries,1986,1988,24,"Adventure,Animation,Family",6.6,359,0
1929,tt0976008,El Cazador de la Bruja,El Cazador de la Bruja,tvSeries,2007,2007,24,"Action,Adventure,Animation",6.8,359,0
1930,tt1216050,The Tower of DRUAGA: The Aegis of URUK,Doruâga no tô: The Aegis of Uruk,tvSeries,2008,2008,25,"Action,Adventure,Animation",6.4,359,0
1931,tt14377292,Fuuto PI,Fûto Tantei,tvSeries,2022,2022,25,"Action,Adventure,Animation",6.8,359,0
1932,tt1132215,Zombie-Loan,Zonbi rôn,tvSeries,2007,\N,\N,"Action,Animation,Comedy",6.0,358,0
1933,tt11785582,"Wave, Listen to Me!",Nami yo Kiitekure,tvSeries,2020,2020,24,"Animation,Comedy,Drama",6.9,358,0
1934,tt1411813,Hell Girl: Three Vessels,Jigoku shôjo: Mitsuganae,tvSeries,2008,2009,\N,"Animation,Drama,Family",7.5,358,0
1935,tt32832434,TsumaSho: If My Wife Becomes an Elementary School Student.,"Tsuma, Shôgakusei ni Naru.",tvSeries,2024,\N,\N,"Animation,Comedy,Drama",7.2,358,0
1936,tt0160424,Patlabor: The New Files,Kidô keisatsu patorebâ 2,tvSeries,1990,1992,25,"Action,Animation,Comedy",7.5,357,0
1937,tt32832421,How I Attended an All-Guy's Mixer,Gôkon ni Ittara Onna ga Inakatta Hanashi,tvSeries,2024,\N,\N,"Animation,Comedy,Romance",7.0,357,0
1938,tt1515992,Whispered Words,Sasamekikoto,tvMiniSeries,2009,2009,24,"Animation,Comedy,Romance",6.9,356,0
1939,tt15391190,Dance Dance Danseur,Dance Dance Danseur,tvSeries,2022,\N,24,"Animation,Comedy,Drama",7.6,356,0
1940,tt3432210,Yo-Kai Watch,Youkai Watch,tvSeries,2014,\N,24,"Adventure,Animation,Comedy",6.2,356,0
1941,tt14489130,Deaimon: Recipe for Happiness,Deaimon,tvSeries,2022,2022,24,"Animation,Comedy,Drama",7.0,355,0
1942,tt1687093,The Story of Saiunkoku,Saiunkoku monogatari,tvSeries,2006,2008,25,"Adventure,Animation,Comedy",7.5,355,0
1943,tt38895862,Yowayowa Sensei,Yowayowa Sensei,tvSeries,2026,\N,23,"Animation,Comedy,Romance",6.0,355,0
1944,tt0110652,Go Nagai's New Cutey Honey,Shin Kyûteî Hanî,tvMiniSeries,1994,1998,26,"Action,Adventure,Animation",7.1,354,0
1945,tt0338455,Space Pirate Captain Herlock: Outside Legend - The Endless Odyssey,Space Pirate Captain Harlock: The Endless Odyssey,tvMiniSeries,2002,2003,390,"Adventure,Animation,Fantasy",7.5,354,0
1946,tt0429414,Prétear,Pretear,tvSeries,2001,2003,25,"Adventure,Animation,Comedy",6.9,354,0
1947,tt1132205,Minami-ke,Minami-ke,tvSeries,2007,\N,24,"Animation,Comedy,Drama",7.1,354,0
1948,tt1409383,Big Windup!,Ookiku furikabutte,tvSeries,2007,2010,25,"Animation,Comedy,Drama",7.6,354,0
1949,tt2662790,A Town Where You Live,Kimi no Iru Machi,tvMiniSeries,2012,\N,25,"Animation,Comedy,Romance",6.5,354,0
1950,tt2697872,Ground Control to Psychoelectric Girl,Denpa onna to seishun otoko,tvSeries,2011,2012,24,"Animation,Comedy,Drama",6.5,354,0
1951,tt3021606,Beyblade: Shogun Steel,Metarufaitobeiburedo Zero-G,tvSeries,2012,2013,\N,"Action,Adventure,Animation",5.6,354,0
1952,tt30989205,Blue Archive: The Animation,Blue Archive the Animation,tvSeries,2024,2024,\N,"Action,Adventure,Animation",5.5,353,0
1953,tt0250155,Gasaraki,Gasaraki,tvSeries,1998,1999,\N,"Action,Adventure,Animation",6.4,352,0
1954,tt0251816,Sorcerous Stabber Orphen,Majutsushi Orphen Mubouhen,tvSeries,1998,2000,25,"Action,Adventure,Animation",7.1,352,0
1955,tt5659050,Black Lagoon Omake,Black Lagoon Omake,tvSeries,2009,2010,\N,"Action,Animation,Comedy",6.3,352,0
1956,tt0498436,Haré+Guu,Janguru wa itsumo hare nochi Guu,tvSeries,2001,2001,\N,"Animation,Comedy,Fantasy",7.8,350,0
1957,tt1155604,Bamboo Blade,Banbû brêdo,tvSeries,2007,2008,\N,"Animation,Comedy,Drama",7.3,350,0
1958,tt0856140,Moero! Top Striker,Moero! Top Striker,tvSeries,1992,1993,25,"Animation,Family,Sport",7.8,349,0
1959,tt1376389,Corpse Princess: Kuro,Shikabane hime kuro,tvSeries,2009,2009,24,"Action,Animation,Drama",7.0,349,0
1960,tt0875778,Bartender,Bartender,tvSeries,2006,2006,\N,"Animation,Drama",7.1,348,0
1961,tt37431541,Hands Off: Sawaranaide Kotesashi-kun,Sawaranaide Kotesashi-kun,tvSeries,2025,\N,\N,"Animation,Comedy,Romance",5.8,348,0
1962,tt29473209,After-school Hanako-kun,Hôkago Shônen Hanako-kun,tvMiniSeries,2023,\N,10,"Animation,Comedy,Fantasy",6.3,347,0
1963,tt3981544,Yurikuma Arashi,Yuri Kuma Arashi,tvMiniSeries,2015,2015,24,"Animation,Drama,Fantasy",6.8,347,0
1964,tt0144736,Arcadia of My Youth: Infinite Course SSX,Waga seishun no Arcadia: Mugen kidô SSX,tvSeries,1982,1983,26,"Action,Adventure,Animation",7.6,346,0
1965,tt0985492,Toward the Terra,Terra e...,tvSeries,2007,2007,\N,"Action,Animation,Drama",7.4,346,0
1966,tt1967120,Heaven's Memo Notepad,Kami sama no memo chô,tvSeries,2011,2011,30,"Animation,Drama,Mystery",6.6,346,0
1967,tt2341757,Tsuritama,Tsuritama,tvSeries,2012,\N,24,"Animation,Comedy,Drama",6.9,346,0
1968,tt2360110,Senran Kagura: Ninja Flash!,Senran Kagura,tvMiniSeries,2013,2013,25,"Action,Animation,Comedy",5.9,346,0
1969,tt0395393,Heat Guy J,Heat Guy J,tvSeries,2002,2004,25,"Action,Adventure,Animation",7.0,345,0
1970,tt0834730,This Ugly Yet Beautiful World,Kono minikuku mo utsukushii sekai,tvSeries,2004,2004,\N,"Animation,Comedy,Drama",6.1,345,0
1971,tt20259190,Spy Classroom,Supai Kyôshitsu,tvSeries,2023,2023,24,"Action,Animation,Comedy",5.8,345,0
1972,tt3774792,Tokyo ESP,Tokyo ESP,tvSeries,2014,2014,25,"Action,Animation,Comedy",6.3,345,0
1973,tt37499375,Digimon Beatbreak,Dejimon Bîtobureiku,tvSeries,2025,\N,24,"Action,Adventure,Animation",6.8,344,0
1974,tt0373563,Master Keaton,Master Keaton,tvSeries,1998,2000,30,"Action,Adventure,Animation",7.8,343,0
1975,tt0888676,Aishiteruze Baby,Aishiteruze baby,tvSeries,2004,\N,25,"Animation,Comedy,Drama",6.9,343,0
1976,tt0331135,I My Me! Strawberry Eggs,I My Me! Strawberry Eggs,tvSeries,2001,2001,\N,"Animation,Comedy,Drama",6.9,342,0
1977,tt6460600,BanG Dream!,BanG Dream!,tvSeries,2017,2020,24,"Animation,Comedy,Drama",6.8,342,0
1978,tt0282384,The Legend of Black Heaven,Kachô oji,tvSeries,1999,1999,22,"Action,Adventure,Animation",6.5,341,0
1979,tt3761892,Persona4 the Golden ANIMATION,Persona4 the Golden ANIMATION,tvSeries,2014,2014,24,"Action,Adventure,Animation",6.2,340,0
1980,tt2189661,"Listen to Me, Girls. I'm Your Father!",Papa no Iu Koto o Kikinasai!,tvSeries,2012,2015,25,"Animation,Comedy,Romance",7.0,339,0
1981,tt6562940,Kemono Friends,Kemono Friends,tvSeries,2017,2017,24,"Adventure,Animation,Comedy",6.8,339,0
1982,tt29135397,BanG Dream! Ave Mujica,BanG Dream! Ave Mujica,tvSeries,2025,2025,\N,"Animation,Drama,Horror",6.8,337,0
1983,tt31169642,"OKITSURA: Fell in Love with an Okinawan Girl, but I Just Wish I Know What She's Saying",Okinawa de Suki ni Natta Ko ga Hougen Sugite Tsura Sugiru,tvSeries,2025,2025,\N,"Animation,Comedy,Drama",6.5,337,0
1984,tt1481093,Needless,Needless,tvSeries,2009,2009,\N,"Action,Adventure,Animation",6.6,336,0
1985,tt34754131,Baban Baban Ban Vampire,Baban Baban Ban Vampire,tvSeries,2025,2025,\N,"Animation,Comedy,Fantasy",6.2,336,0
1986,tt6400608,Knights of the Zodiac,Knights of the Zodiac,tvSeries,2003,2004,22,"Action,Adventure,Animation",8.4,336,0
1987,tt12767982,Iwa Kakeru! Sport Climbing Girls,Iwa Kakeru!: Sport Climbing Girls,tvMiniSeries,2020,2020,24,"Animation,Sport",6.3,335,0
1988,tt9100954,Skull-face Bookseller Honda-san,Gaikotsu Shotenin Honda-san,tvSeries,2018,2019,15,"Animation,Comedy",6.7,335,0
1989,tt1000133,Murder Princess,Murder Princess,tvSeries,2007,\N,25,"Action,Adventure,Animation",6.7,334,0
1990,tt1163560,Maria Watches Over Us,Maria sama ga miteru,tvSeries,2004,2009,\N,"Animation,Comedy,Drama",6.8,334,0
1991,tt11916718,Beyblade Burst Rise,Beyblade Burst Rise,tvSeries,2020,2020,11,"Action,Animation,Family",5.7,334,0
1992,tt15744206,Ryman's Club,Ryman's Club,tvSeries,2022,2022,\N,"Animation,Sport",7.0,334,0
1993,tt32526678,Mecha-Ude: Mechanical Arms,Mecha-ude,tvSeries,2024,\N,\N,"Action,Animation,Sci-Fi",6.3,334,0
1994,tt1151013,Aria the Origination,Aria the Origination,tvSeries,2008,2008,\N,"Animation,Comedy,Drama",8.3,333,0
1995,tt1234258,Tsubasa: Tokyo Revelations,Tsubasa: Tokyo Revelations,tvMiniSeries,2007,2008,75,"Action,Adventure,Animation",7.8,333,0
1996,tt0294002,The Three Musketeers,Anime san jûshi,tvSeries,1987,1989,24,"Action,Adventure,Animation",7.7,332,0
1997,tt0433740,Legend of Heavenly Sphere Shurato,Tenkû senki Shurato,tvSeries,1989,1990,30,Animation,7.3,332,0
1998,tt3417500,Welcome to Irabu's Office,Kuuchuu Buranko,tvMiniSeries,2009,2009,25,"Animation,Comedy,Drama",7.3,332,0
1999,tt1171785,Chuka ichiban,Chuka ichiban,tvSeries,1997,2019,23,"Action,Animation,Comedy",7.6,331,0
2000,tt36271866,Solo Camping for Two,Futari Solo Camp,tvSeries,2025,\N,23,Animation,6.6,331,0
2001,tt5443468,Cupid's Chocolates,Aishen Qiaokeli,tvSeries,2015,2018,\N,"Animation,Comedy,Fantasy",6.4,331,0
2002,tt11177400,Ranwei de Waratte,Ranwei de Waratte,tvSeries,2020,\N,24,"Animation,Comedy,Drama",6.8,330,0
2003,tt32291998,Plus-Sized Elf,Elf-san wa Yaserarenai.,tvSeries,2024,2024,11,"Animation,Comedy,Fantasy",5.2,330,0
2004,tt32832439,Dahlia in Bloom: Crafting a Fresh Start with Magical Tools,Madôgushi Dariya wa Utsumukanai,tvSeries,2024,\N,24,"Animation,Comedy,Fantasy",6.1,330,0
2005,tt6026166,Planetarian: The Reverie of a Little Planet,Planetarian: Chiisana Hoshi no Yume,tvMiniSeries,2016,2016,\N,"Animation,Drama,Sci-Fi",7.0,330,0
2006,tt6740188,Sakura Quest,Sakura Quest,tvSeries,2017,\N,24,"Animation,Comedy,Drama",7.1,330,0
2007,tt0159855,Voltes Five,Chôdenji mashin Borutesu Faibu,tvSeries,1977,1978,24,"Action,Adventure,Animation",7.9,329,0
2008,tt0313133,Taotao ehonkan sekai doubutsu-banashi,Taotao ehonkan sekai doubutsu-banashi,tvSeries,1983,1985,30,"Adventure,Animation,Family",7.5,329,0
2009,tt1187349,Negima!? Magister Negi Magi,Negima!?,tvSeries,2006,2008,30,"Animation,Comedy,Drama",6.2,329,0
2010,tt2622990,RDG: Red Data Girl,RDG: Red Data Girl,tvMiniSeries,2013,\N,25,"Animation,Fantasy",6.2,329,0
2011,tt0331154,Tenchi Muyô! GXP,Tenchi Muyô! GXP,tvSeries,2002,2002,24,"Adventure,Animation,Comedy",7.0,328,0
2012,tt0487183,IGPX: Immortal Grand Prix,IGPX: Immortal Grand Prix,tvSeries,2005,2006,23,"Action,Animation,Sci-Fi",7.3,328,0
2013,tt3509378,Broken Blade,Broken Blade,tvMiniSeries,2014,2014,24,"Action,Animation,Drama",6.8,328,0
2014,tt0399990,Maburaho,Maburaho,tvSeries,2003,2004,25,"Animation,Comedy,Drama",6.2,327,0
2015,tt1568632,Sound of the Sky,So-Ra-No-Wo-To,tvMiniSeries,2010,2010,\N,"Animation,Comedy,Drama",6.9,327,0
2016,tt17221100,Kaina of the Great Snow Sea,Ôyukiumi no Kaina,tvSeries,2023,\N,22,"Adventure,Animation,Fantasy",6.5,327,0
2017,tt0256569,Please Save My Earth,Boku no chikyû wo mamotte,tvSeries,1993,1994,185,"Animation,Drama,Fantasy",6.9,326,0
2018,tt12642634,Ikebukuro West Gate Park,Ikebukuro West Gate Park,tvSeries,2020,2020,\N,"Animation,Drama,Mystery",6.4,325,0
2019,tt0156215,Genesis Climber Mospeada,Kikô sôseiki Mospeada,tvSeries,1983,1984,\N,"Action,Adventure,Animation",7.4,324,0
2020,tt0238782,Flint: The Time Detective,Jikû tantei Genshi-kun,tvSeries,1998,1999,30,"Adventure,Animation,Comedy",5.9,324,0
2021,tt0296297,School of Love,Ai no gakko cuore monogatari,tvSeries,1981,1981,25,"Animation,Drama,Family",7.4,324,0
2022,tt0872309,Genesis of Aquarion,Sôsei no Aquarion,tvSeries,2005,2015,25,"Action,Adventure,Animation",6.4,324,0
2023,tt12899130,Mobile Suit Gundam: The Origin - Advent of the Red Comet,Kidô Senshi Gundam Ji Orijin Zenya Akai Suisei,tvSeries,2019,2019,\N,"Action,Animation,Drama",7.8,324,0
2024,tt1952071,MM!,Emu Emu!,tvSeries,2010,2010,\N,"Animation,Comedy,Romance",6.6,324,0
2025,tt7900936,Beatless,Beatless,tvSeries,2018,\N,24,"Action,Animation,Drama",5.7,324,0
2026,tt10423424,BEM,BEM,tvSeries,2019,2019,\N,"Animation,Horror",6.1,323,0
2027,tt15758108,Tokyo 24th Ward,Tokyo 24-ku,tvSeries,2022,2022,24,"Animation,Mystery,Sci-Fi",6.1,323,0
2028,tt0293741,Shinzo,Mashuranbo,tvSeries,2000,2001,\N,"Action,Adventure,Animation",7.3,322,0
2029,tt2034853,Apocalypse Zero,Kakugo no susume,tvMiniSeries,1996,1996,80,"Action,Animation,Horror",5.3,322,0
2030,tt38840807,"The Strongest Job Is Apparently Not a Hero or A Sage, but An Appraiser (provisional)!",Saikyou no Shokugyou wa Yuusha Demon Kenja Demo Naku Kaneti-shi (Kari) Rashii Desu yo?,tvSeries,2026,\N,25,"Action,Adventure,Animation",5.4,322,0
2031,tt8611552,A Day Before Us,Yeon-ae Halujeon,tvSeries,2018,2019,\N,"Animation,Drama,Romance",7.3,322,0
2032,tt0823967,Looking for the Full Moon,Furumûn wo sagashite,tvSeries,2002,2003,24,"Animation,Comedy,Drama",7.6,321,0
2033,tt10452436,The Ones Within,Nakanohito Genomu [Jikkyô Chû],tvSeries,2019,\N,23,"Animation,Comedy,Drama",6.2,321,0
2034,tt1482965,Kobato.,Kobato.,tvSeries,2009,\N,24,"Adventure,Animation,Comedy",7.3,321,0
2035,tt38049145,"Goodbye, Lara",Sayonara Lara,tvSeries,2026,\N,\N,"Animation,Fantasy,Romance",8.2,321,0
2036,tt0161980,Slayers: The Book of Spells,Sureiyâzu supesharu,tvMiniSeries,1996,1997,25,"Action,Adventure,Animation",7.1,320,0
2037,tt13028308,I Want You to Show Me Your Panties with a Disgusted Face,Iya na Kao sare nagara Opantsu Misete Moraitai,tvMiniSeries,2018,2026,6,"Animation,Short",4.7,320,0
2038,tt1909462,Fractale,Fractale,tvMiniSeries,2011,2011,23,"Adventure,Animation,Comedy",6.6,320,0
2039,tt2176177,The Knight in the Area,Area no Kishi,tvSeries,2012,\N,24,"Animation,Comedy,Drama",6.9,320,0
2040,tt3981902,Yuki Yuna Is a Hero,Yuuki Yuuna wa yuusha de aru,tvSeries,2014,2021,24,"Animation,Comedy,Drama",6.8,320,0
2041,tt0272402,Infinite Ryvius,Mugen no rivaiasu,tvSeries,1999,2000,23,"Adventure,Animation,Drama",7.0,319,0
2042,tt32333055,Love Is Indivisible by Twins,Koi wa Futago de Warikirenai,tvSeries,2024,\N,\N,"Animation,Comedy,Romance",6.0,319,0
2043,tt6858404,Anonymous Noise,Fukumenkei Noise,tvMiniSeries,2017,2017,24,"Animation,Drama,Music",6.2,319,0
2044,tt0127396,Transformers: Super-God Masterforce,Toransufômâ: Chôjin masutâ fôsu,tvSeries,1988,1989,30,"Adventure,Animation,Family",7.1,318,0
2045,tt11349866,Sorcerous Stabber Orphen,Sorcerous Stabber Orphen,tvSeries,2020,\N,23,"Action,Adventure,Animation",5.5,318,0
2046,tt35351359,A Ninja and an Assassin Under One Roof,Ninja to Koroshiya no Futarigurashi,tvSeries,2025,\N,\N,"Animation,Comedy,Fantasy",7.1,318,0
2047,tt0388225,Mazinkaiser,Majinkaizâ,tvSeries,2001,\N,210,"Animation,Sci-Fi",7.7,317,0
2048,tt1411817,Mazinger Edition Z: The Impact!,Shin Majingâ shôgeki! Z hen,tvSeries,2009,\N,23,"Action,Animation,Sci-Fi",7.3,317,0
2049,tt30325850,Sengoku Youko,Sengoku Youko,tvSeries,2024,2024,24,"Adventure,Animation,Drama",6.3,317,0
2050,tt3105492,Coppelion,Coppelion,tvMiniSeries,2013,2013,\N,"Adventure,Animation,Drama",6.1,316,0
2051,tt19406880,Management of a Novice Alchemist,Shinmai Renkinjutsushi no Tenpo Keiei,tvMiniSeries,2022,2022,25,"Adventure,Animation,Fantasy",6.2,315,0
2052,tt34818628,The Dinner Table Detective,Nazotoki wa dina no ato de,tvMiniSeries,2025,2025,\N,"Animation,Comedy,Drama",5.8,314,0
2053,tt0294158,Ochame kami monogatari koro koro Pollon,Ochame kami monogatari koro koro Pollon,tvSeries,1982,1983,24,"Adventure,Animation,Comedy",7.4,313,0
2054,tt14740742,Inazuma Eleven: Orion's Seal,Inazuma Eleven: Orion no Kokuin,tvSeries,2018,2019,\N,"Animation,Family,Sport",6.8,313,0
2055,tt8400662,Dropkick on My Devil!,Jashin-chan Doroppukikku,tvSeries,2018,\N,24,"Animation,Comedy,Fantasy",6.7,313,0
2056,tt0160979,Birdy the Mighty,Tetsuwan Bâdî,tvMiniSeries,1996,1997,33,"Adventure,Animation,Comedy",6.9,312,0
2057,tt0168435,Little Women II: Jo's Boys,Wakakusa monogatari nan to Jô sensei,tvSeries,1993,1993,24,"Animation,Comedy,Drama",7.6,312,0
2058,tt0972735,SoltyRei,SoltyRei,tvSeries,2005,2006,23,"Action,Animation,Drama",7.2,312,0
2059,tt8403818,Conception: Please Give Birth to My Child!,Conception: Ore no Kodomo wo Undekure!,tvSeries,2018,2018,24,"Action,Animation,Comedy",3.7,312,0
2060,tt0369167,Spiral: The Bonds of Reasoning,Spiral: Suiri no kizuna,tvSeries,2002,2003,25,"Animation,Crime,Drama",7.0,311,0
2061,tt8253158,Comic Girls,Comic Girls,tvMiniSeries,2018,2018,23,"Animation,Comedy",6.8,311,0
2062,tt0111056,Gensomaden Saiyuki,Gensomaden Saiyuki,tvSeries,2000,2001,23,"Action,Adventure,Animation",7.2,310,0
2063,tt0455244,Battle B-Daman,Battle B-Daman,tvSeries,2002,2005,30,"Adventure,Animation,Sci-Fi",5.2,310,0
2064,tt2142293,Last Exile: Gin'yoku no Fam,Last Exile: Gin'yoku no Fam,tvSeries,2011,2012,23,"Action,Adventure,Animation",6.9,310,0
2065,tt5568758,Manyu Scroll,Manyuu hikenchou,tvSeries,2011,2011,\N,"Action,Animation,Comedy",5.9,310,0
2066,tt1230420,Moon Phase,Tsukuyomi: Moon Phase,tvSeries,2004,2006,24,"Action,Animation,Comedy",6.7,309,0
2067,tt32832441,Dungeon People,Danjon no Naka no Hito,tvMiniSeries,2024,2024,25,"Adventure,Animation,Comedy",6.9,309,0
2068,tt0288987,Magical Angel Creamy Mami,Mahô no tenshi Kurîmî Mami,tvSeries,1983,1984,24,"Adventure,Animation,Comedy",7.2,308,0
2069,tt1132544,Pumpkin Scissors,Pumpkin Scissors,tvSeries,2006,2007,24,"Action,Adventure,Animation",6.7,308,0
2070,tt3519246,Blade & Soul,Blade & Soul,tvSeries,2014,2014,24,"Adventure,Animation,Fantasy",6.0,308,0
2071,tt0421486,Romance of the Three Kingdoms,Mitsuteru yokoyama's sangokushi,tvSeries,1991,1992,28,"Action,Animation,Drama",7.7,307,0
2072,tt3786608,Rail Wars!,Rail Wars!,tvSeries,2014,\N,22,"Action,Animation,Romance",5.7,307,0
2073,tt11480896,The Case Files of Jeweler Richard,Hôsekishô Richâdo-shi no Nazo Kantei,tvSeries,2020,\N,23,"Animation,Drama,Mystery",6.7,306,0
2074,tt15789088,Birdie Wing: Golf Girls' Story,Birdie Wing: Golf Girls' Story,tvSeries,2022,2023,\N,"Animation,Sport",6.9,306,0
2075,tt0204087,Those Who Hunt Elves,Elf o karu mono-tachi,tvSeries,1996,1997,24,"Adventure,Animation,Comedy",7.0,305,0
2076,tt13715764,The Honor at Magic High School,Mahouka Koukou no Yuutousei,tvSeries,2021,\N,24,"Action,Animation,Drama",5.9,305,0
2077,tt0112221,"Legend of the Angel of Love, Wedding Peach",Wedding Peach,tvSeries,1995,1996,24,"Animation,Comedy,Fantasy",6.2,304,0
2078,tt0985984,Grenadier: The Beautiful Warrior,Grenadier: Hohoemi no senshi,tvMiniSeries,2004,2005,25,"Action,Adventure,Animation",6.2,304,0
2079,tt1215996,Blassreiter,Burasuraitâ,tvSeries,2008,2008,23,"Action,Animation,Sci-Fi",6.5,304,0
2080,tt3488064,Capeta,Capeta,tvSeries,2005,2006,30,"Animation,Sport",8.2,304,0
2081,tt6738600,All Out,All Out,tvSeries,2016,2017,24,"Animation,Sport",6.8,304,0
2082,tt0246901,Ruin Explorers,Hikyô tanken Fam & Ihrlie: Ruin Explorer,tvMiniSeries,1995,\N,30,"Adventure,Animation,Comedy",6.5,302,0
2083,tt35436997,Mono,Mono,tvSeries,2025,2025,\N,"Animation,Comedy",7.3,302,0
2084,tt0977906,Aria the Natural,Aria the Natural,tvSeries,2006,2006,24,"Animation,Comedy,Drama",8.0,301,0
2085,tt0101718,Detonator Orgun,Detoneita ogan,tvMiniSeries,1991,\N,\N,"Action,Animation,Drama",6.2,300,0
2086,tt0158615,Fight! Iczer-1,Tatakae! Iczer-1,tvMiniSeries,1985,1987,100,"Animation,Horror,Sci-Fi",6.3,300,0
2087,tt12745218,Heaven's Design Team,Tenchi Souzou Design Bu,tvSeries,2021,\N,24,"Animation,Comedy,Fantasy",6.8,300,0
2088,tt14725340,Lupin the 3rd Part 6,Lupin III,tvSeries,2021,2022,\N,"Action,Adventure,Animation",7.2,300,0
2089,tt0260622,Flower Angel,Hana no ko Lun Lun,tvSeries,1979,1980,24,"Adventure,Animation,Drama",7.4,298,0
2090,tt28653701,Punch Punch Forever!,Punch Punch Forever!,tvSeries,2023,\N,\N,"Action,Animation,Comedy",8.6,298,0
2091,tt38647911,The Invisible Man and His Soon-to-Be Wife,Toumei Otoko to Ningen Onna: Sonouchi Fuufu ni Naru Futari,tvSeries,2026,2026,\N,"Animation,Comedy,Fantasy",6.8,298,0
2092,tt18554728,Beyblade Burst Surge,Beyblade Burst Surge,tvSeries,2020,2021,\N,"Animation,Family,Sci-Fi",6.8,297,0
2093,tt2454264,Cobra: The Animation,Cobra the Animation,tvSeries,2010,2010,25,"Action,Adventure,Animation",7.7,297,0
2094,tt0085092,Armored Trooper VOTOMS,Sôkô Kihei Botomuzu,tvSeries,1983,1984,\N,"Action,Animation,Drama",7.6,295,0
2095,tt0195542,Battle Athletes Victory,Battle Athletes daiundôkai,tvSeries,1997,1998,\N,"Action,Adventure,Animation",5.9,295,0
2096,tt0287191,The Adventures of the Little Prince,The Adventures of the Little Prince,tvSeries,1978,1979,30,"Adventure,Animation,Family",7.0,295,0
2097,tt11405408,Asteroid in Love,Koisuru Asteroid,tvSeries,2020,\N,24,"Animation,Comedy,Drama",6.7,295,0
2098,tt0204443,Kyô kara Ore wa!!,Kyô kara Ore wa!!,tvMiniSeries,1994,1996,43,"Action,Animation,Comedy",7.7,293,0
2099,tt4864696,Rio: Rainbow Gate,Rio: Reinboo Geeto,tvMiniSeries,2011,2011,\N,"Animation,Comedy",5.5,293,0
2100,tt1856932,Ghastly Prince Enma Burning Up,Dororon Enma-kun,tvMiniSeries,2011,2011,30,"Action,Animation,Comedy",6.4,292,0
2101,tt38363695,Petals of Reincarnation,Reincarnation no Kaben,tvSeries,2026,2026,\N,"Action,Animation,Fantasy",5.5,292,0
2102,tt0348952,The File of Young Kindaichi,Kindaichi shônen no jiken bo,tvSeries,1997,2000,24,"Action,Animation,Crime",8.0,291,0
2103,tt41278620,The Cat and the Dragon,Neko to Ryuu,tvSeries,2026,\N,\N,"Animation,Fantasy",7.5,291,0
2104,tt9567240,"How Clumsy You Are, Miss Ueno.",Ueno-san wa bukiyou,tvSeries,2019,\N,15,"Animation,Comedy,Romance",6.0,291,0
2105,tt0058807,Gigantor,Gigantor,tvSeries,1964,1964,25,"Action,Adventure,Animation",7.0,290,0
2106,tt6057836,Little Baldy Hagemaru,Tsurupika Hagemaru-kun,tvMiniSeries,1985,\N,20,"Animation,Comedy,Family",7.5,290,0
2107,tt0106024,Hello Kitty and Friends,Hello Kitty and Friends,tvSeries,1989,\N,30,"Animation,Family",6.4,289,0
2108,tt32832431,A Terrified Teacher at Ghoul School!,Yôkai Gakkô no Sensei Hajimemashita!,tvSeries,2024,\N,\N,"Animation,Comedy,Fantasy",6.4,289,0
2109,tt32174044,My Hero Academia: Memories,My Hero Academia: Memories,tvMiniSeries,2017,2024,24,"Action,Animation,Sci-Fi",6.7,288,0
2110,tt39122739,Kusunoki's Garden of Gods,Kami no Niwatsuki Kusunoki-tei,tvSeries,2026,\N,\N,"Animation,Fantasy",6.7,287,0
2111,tt2959370,Gatchaman Crowds,Gatchaman Crowds,tvSeries,2013,2014,24,"Action,Adventure,Animation",6.8,286,0
2112,tt7126652,Overlord Abridged,Overlord Abridged,tvSeries,2017,\N,1329,"Animation,Comedy",8.1,286,0
2113,tt0168143,Rayearth,Rayearth,tvMiniSeries,1997,1997,60,"Action,Adventure,Animation",6.4,285,0
2114,tt0972661,Kashimashi: Girl Meets Girl,Kasimasi: Girl Meets Girl,tvSeries,2006,2006,24,"Animation,Comedy,Fantasy",6.6,285,0
2115,tt13308820,Dr. Ramune -Mysterious Disease Specialist-,Kai Byoui Ramune,tvSeries,2021,2021,24,"Animation,Comedy,Drama",6.6,283,0
2116,tt32485245,I Want to Escape from Princess Lessons,Kisaki Kyôiku kara Nigetai Watashi,tvSeries,2025,\N,\N,"Animation,Comedy,Drama",4.6,283,0
2117,tt13405062,Back Arrow,Back Arrow,tvSeries,2021,2021,\N,"Action,Adventure,Animation",6.1,282,0
2118,tt32332792,VTuber Legend: How I Went Viral after Forgetting to Turn Off My Stream,VTuber nanda ga Haishin Kiriwasuretara Densetsu ni Nattta,tvSeries,2024,\N,24,"Animation,Comedy",5.6,282,0
2119,tt9203780,Mysteria Friends,Manaria Furenzu,tvSeries,2019,2019,15,"Animation,Fantasy",5.5,282,0
2120,tt6735466,Alice & Zouroku,Alice to Zouroku,tvSeries,2017,\N,\N,"Adventure,Animation,Drama",6.8,281,0
2121,tt0103766,All Purpose Cultural Cat Girl Nuku Nuku,Bannô bunka nekomusume,tvMiniSeries,1992,1992,25,"Animation,Comedy,Short",7.1,280,0
2122,tt0185351,Harlock Saga,Harlock Saga: Nibelung no yubiwa 'Rhein no ôgon',tvMiniSeries,1999,1999,25,"Adventure,Animation,Drama",6.2,280,0
2123,tt1125794,Aika R-16: Virgin Mission,Aika R-16: Vâjin misshon,tvMiniSeries,2007,2007,25,"Action,Adventure,Animation",5.9,280,0
2124,tt9518312,The Haunted House,The Haunted House,tvSeries,2016,\N,26,"Adventure,Animation,Comedy",7.2,280,0
2125,tt3341584,"Recently, My Sister is Unusual","Saikin, imouto no yousu ga chotto okashiindaga",tvSeries,2014,\N,25,"Animation,Comedy,Fantasy",5.5,279,0
2126,tt36269978,Food for the Soul,Hibi wa Sugiredo Meshi Umashi,tvSeries,2025,\N,\N,"Animation,Comedy",7.5,279,0
2127,tt6478612,Akiba's Trip the Animation,Akiba's Trip: The Animation,tvSeries,2017,2017,23,Animation,6.0,279,0
2128,tt0774065,Fantastic Children,Fantastic Children,tvSeries,2004,2005,24,"Adventure,Animation,Fantasy",7.4,278,0
2129,tt0284145,Generator Gawl,Generator Gawl,tvSeries,1998,1998,30,"Action,Adventure,Animation",6.4,277,0
2130,tt0808082,Magical Girl Lyrical Nanoha,Mahou Shoujo Lyrical Nanoha,tvSeries,2004,2015,\N,"Action,Adventure,Animation",6.9,277,0
2131,tt1025104,009-1,009-1,tvSeries,2006,2007,\N,"Action,Animation,Crime",6.4,277,0
2132,tt13840232,Love Live! Superstar!!,Love Live! Superstar!!,tvSeries,2021,2024,\N,"Animation,Comedy,Drama",7.2,277,0
2133,tt14453538,"Don't Hurt Me, My Healer!","Kono Healer, Mendokusai",tvSeries,2022,\N,24,"Action,Adventure,Animation",5.7,277,0
2134,tt1671144,The Beast Player Erin,Kemono no Sôja Erin,tvSeries,2009,2009,25,"Adventure,Animation,Drama",7.5,277,0
2135,tt2859264,Hyperdimension Neptunia,Cho Jigen Game Neptune the Animation,tvSeries,2013,2013,25,"Action,Animation,Comedy",6.4,277,0
2136,tt3656982,Kill Me Baby,Kiru mî beibê,tvSeries,2012,2012,24,"Animation,Comedy",6.5,277,0
2137,tt37196939,Wash It All Away,Kirei ni Shitemoraemasu ka.,tvSeries,2026,2026,\N,"Animation,Comedy,Drama",6.4,277,0
2138,tt0107069,The Legend of the Dog Warriors: The Hakkenden,Hakkenden shin sho,tvMiniSeries,1990,1995,420,"Adventure,Animation,Drama",7.1,276,0
2139,tt0294132,Lady Lady,Lady Lady,tvSeries,1987,1988,24,"Animation,Drama,History",7.4,276,0
2140,tt8114548,Yu Yu Hakusho OVA,Yu yu hakusho,tvMiniSeries,2018,2018,\N,"Action,Animation,Comedy",7.1,276,0
2141,tt8938030,Take My Brother Away!,Ani ni Tsukeru Kusuri wa Nai!,tvSeries,2017,2022,3,"Animation,Comedy,Short",7.1,276,0
2142,tt0281699,Casshan: Robot Hunter,Kyashân,tvMiniSeries,1993,1994,28,"Action,Animation,Drama",6.6,275,0
2143,tt0995014,Rune Soldier,Rune Soldier,tvSeries,2000,2001,\N,"Action,Adventure,Animation",7.2,275,0
2144,tt11033944,Afterschool Dice Club,Afterschool Dice Club,tvSeries,2019,\N,23,"Animation,Comedy,Drama",6.5,275,0
2145,tt3199286,No-Rin,Nourin,tvSeries,2014,2014,25,"Animation,Comedy,Romance",6.4,275,0
2146,tt5827092,Macross Delta,Macross Delta,tvSeries,2015,2016,24,"Action,Animation,Music",6.0,275,0
2147,tt0929753,Step Up Love Story,Futari Ecchi,tvMiniSeries,2002,2004,30,"Animation,Comedy,Drama",6.0,274,0
2148,tt13266422,Hortensia Saga,Hortensia Saga,tvSeries,2021,\N,23,"Action,Adventure,Animation",5.5,273,0
2149,tt13351056,Kageki Shojo!!,Kageki Shoujo!!,tvSeries,2021,2021,24,"Animation,Comedy,Drama",7.4,273,0
2150,tt1908018,A Bridge to the Starry Skies,Hoshizora e kakaru hashi,tvSeries,2011,2011,24,"Animation,Romance",6.2,272,0
2151,tt5683612,Amagami SS+ Plus,Amagami SS+ Plus,tvSeries,2012,2012,24,"Animation,Drama,Romance",7.0,272,0
2152,tt0092368,Hello Kitty's Furry Tale Theater,Hello Kitty's Furry Tale Theater,tvSeries,1987,1987,23,"Animation,Comedy,Family",6.8,271,0
2153,tt1690414,Occult Academy,Seikimatsu okaruto gakuin,tvSeries,2010,2010,\N,"Action,Animation,Comedy",6.6,271,0
2154,tt2827710,Ninja Hattori Returns,Ninja HattoriKun Returns,tvMiniSeries,2013,\N,30,"Animation,Comedy,Family",7.6,271,0
2155,tt12792684,Love Live! Nijigasaki High School Idol Club,Love Live! Nijigasaki Gakuen School Idol Doukoukai,tvSeries,2020,2022,24,"Animation,Comedy,Music",7.0,270,0
2156,tt13870312,The Night Beyond the Tricornered Window,Sankaku Mado no Sotogawa wa Yoru,tvSeries,2021,2021,24,"Animation,Fantasy,Horror",6.3,270,0
2157,tt36270030,Makina-san's a Love Bot?!,Kakushite! Makina-san!!,tvSeries,2025,\N,12,"Animation,Comedy,Romance",4.8,270,0
2158,tt3729646,Patema Inverted: Beginning of the Day,Sakasama no Patema: Beginning of the Day,tvSeries,2012,2012,24,"Adventure,Animation,Drama",7.1,270,0
2159,tt8271972,The Ryuo's Work Is Never Done!,Ryuuou no Oshigoto!,tvSeries,2018,2018,23,"Action,Animation,Comedy",6.3,270,0
2160,tt0282312,Nightwalker,Mayonaka no tantei Nightwalker,tvMiniSeries,1998,1998,25,"Action,Animation,Comedy",6.9,269,0
2161,tt0856156,Yatterman,Taimu bokan shirîzu: Yattâman,tvSeries,1977,1979,24,"Adventure,Animation,Comedy",7.2,269,0
2162,tt32513973,Your Forma,Yua Foruma,tvSeries,2025,\N,23,"Action,Adventure,Animation",5.9,269,0
2163,tt3639864,Himegoto,Himegoto,tvSeries,2014,2014,4,"Animation,Comedy",5.1,269,0
2164,tt0203236,Yu Yu Hakusho: Eizou Hakusho,Yu yu hakusho: eizo hakusho II,tvSeries,1995,1996,27,"Animation,Comedy",7.6,268,0
2165,tt1706644,The Book of Bantorra,Tatakau shisho,tvSeries,2009,2010,24,"Action,Animation,Fantasy",6.7,268,0
2166,tt6452968,AOHARU X MACHINEGUN,Aoharu × Kikanjû,tvSeries,2015,2015,24,"Action,Adventure,Animation",6.6,268,0
2167,tt0100421,Project A-Ko Versus,Project A-Ko Versus,tvSeries,1990,1990,54,"Animation,Comedy,Sci-Fi",6.3,267,0
2168,tt3297074,Queen's Blade: Rebellion,Queen's Blade: Rebellion,tvMiniSeries,2012,2013,24,"Action,Adventure,Animation",5.9,267,0
2169,tt4219148,Isuca,Isuca,tvMiniSeries,2015,2015,\N,"Action,Animation,Comedy",5.7,267,0
2170,tt0220205,Chibi Maruko-chan,Chibi Maruko-chan,tvSeries,1995,\N,23,"Animation,Comedy,Family",7.9,266,0
2171,tt1244315,Kannagi: Crazy Shrine Maidens,Kannagi: Crazy Shrine Maidens,tvMiniSeries,2008,2009,\N,"Animation,Comedy,Drama",6.8,266,0
2172,tt21057082,FLCL: Grunge,FLCL Grunge,tvMiniSeries,2023,2023,25,"Action,Adventure,Animation",4.5,266,0
2173,tt0813896,Spider Riders,Spider Riders: Oracle no Yuusha-tachi,tvSeries,2006,2007,22,"Action,Animation,Comedy",6.2,265,0
2174,tt32333015,Mayonaka Punch,Mayonaka Punch,tvSeries,2024,2024,24,"Animation,Comedy",6.7,265,0
2175,tt5236260,Heavy Object,Heavy Object,tvSeries,2015,2016,24,"Action,Animation,Comedy",6.3,265,0
2176,tt0978531,Ah My Buddha!!,Amaenaideyo!!,tvSeries,2005,\N,24,"Animation,Comedy,Romance",5.8,264,0
2177,tt0446584,Ragnarok: The Animation,Ragnarok: The Animation,tvSeries,2003,2004,24,"Adventure,Animation,Comedy",5.9,263,0
2178,tt0771645,Aoki Densetsu Shoot!,Aoki densetsu shuto,tvSeries,1993,1994,30,"Action,Animation,Comedy",7.3,263,0
2179,tt6811662,Shingeki no Kyojin: Picture Drama,Shingeki no Kyojin: Picture Drama,tvSeries,2013,2014,7,"Animation,Comedy,Short",6.0,263,0
2180,tt6931266,Dies Irae,Diesu Ire,tvSeries,2017,2018,25,"Action,Adventure,Animation",4.6,263,0
2181,tt0440987,Fafner,Soukyû no fafunâ,tvSeries,2004,2004,\N,"Action,Animation,Drama",6.9,262,0
2182,tt28266753,Ayaka: A Story of Bonds and Wounds,Ayaka,tvSeries,2023,2023,24,"Animation,Fantasy",5.7,262,0
2183,tt1239461,Tokyo Marble Chocolate,Tokyo Marble Chocolate,tvMiniSeries,2007,2007,26,"Animation,Romance",6.3,261,0
2184,tt37577523,Mao,Mao,tvSeries,2026,\N,\N,"Adventure,Animation,Fantasy",6.9,261,0
2185,tt1352417,Kurokami: The Animation,Kurokami: The Animation,tvSeries,2009,2009,23,"Action,Adventure,Animation",6.7,260,0
2186,tt2575722,Hakkenden: Eight Dogs of the East,Hakkenden: Touhou Hakken Ibun,tvSeries,2013,2013,\N,Animation,6.7,260,0
2187,tt34512704,Let's Go Karaoke!,Karaoke Iko!,tvSeries,2025,2025,\N,"Animation,Comedy,Crime",7.4,260,0
2188,tt7806844,Hakumei and Mikochi,Hakumei to Mikochi,tvMiniSeries,2018,2018,24,"Animation,Comedy,Drama",7.3,260,0
2189,tt1746123,Blood of the Reprimanded Dog,Togainu no chi,tvSeries,2010,2010,24,"Action,Animation,Drama",5.6,259,0
2190,tt1165082,Strawberry 100%,Ichigo 100%,tvMiniSeries,2005,2005,\N,"Animation,Comedy,Romance",6.2,258,0
2191,tt15715750,Police in a Pod,Hakozume: Kôban Joshi no Gyakushû,tvSeries,2022,2022,23,"Animation,Comedy,Crime",6.7,258,0
2192,tt2293824,Muv-Luv Alternative: Total Eclipse,Muv-Luv Alternative: Total Eclipse,tvSeries,2012,2012,\N,"Action,Animation,Drama",6.4,258,0
2193,tt2649756,The Idolm@ster,The Idolm@ster,tvSeries,2011,2011,30,"Animation,Drama,Music",6.7,258,0
2194,tt37532849,Alma-chan Wants to Be a Family!,Alma-chan wa Kazoku ni Naritai,tvSeries,2025,\N,\N,"Animation,Comedy,Sci-Fi",6.6,258,0
2195,tt0159410,Dirty Pair: The OVA Series,Dirty Pair OVA,tvSeries,1987,1988,25,"Action,Adventure,Animation",7.1,257,0
2196,tt0160427,Kimagure Orange Road OVA,Kimagure Orenji Rôdo,tvMiniSeries,1989,1991,200,"Animation,Comedy,Drama",7.9,257,0
2197,tt0303554,Little Beret Memole,Tongari boshi no Memoru,tvSeries,1984,1985,30,"Animation,Family,Fantasy",6.9,257,0
2198,tt14113288,The Space Between,Ai no kusabi,tvMiniSeries,1992,1994,\N,"Animation,Drama,Romance",7.1,257,0
2199,tt7569662,Ikki tousen: Extravaganza Epoch,Ikki tousen: Extravaganza epoch,tvSeries,2014,\N,60,"Action,Animation,Fantasy",6.0,257,0
2200,tt2552188,Senyû.,Senyû.,tvSeries,2013,2013,\N,"Adventure,Animation,Comedy",6.4,256,0
2201,tt0121655,Princess Knight,Ribbon no Kishi,tvSeries,1967,1968,25,"Adventure,Animation,Family",7.3,255,0
2202,tt0144095,Battle Arena Toshinden,Toshinden,tvMiniSeries,1996,1996,60,"Action,Animation,Comedy",4.7,255,0
2203,tt1772619,Ninja Robots,Ninja Senshi Tobikage,tvSeries,1985,1986,24,"Action,Adventure,Animation",8.2,255,0
2204,tt1915535,Alien Nine,Alien Nine,tvMiniSeries,2001,2002,30,"Animation,Horror,Sci-Fi",6.3,255,0
2205,tt9050410,"My Sister, My Writer",Ore ga suki na no wa imôto dakedo imôto janai,tvMiniSeries,2018,2019,24,"Animation,Comedy,Romance",4.3,255,0
2206,tt0292085,Magic User's Club!,Mahô tsukai tai!,tvMiniSeries,1996,1997,27,"Animation,Comedy,Fantasy",6.7,254,0
2207,tt12407004,Assault Lily: Bouquet,Assault Lily: Bouquet,tvSeries,2020,2020,\N,"Action,Animation,Fantasy",6.2,254,0
2208,tt1308847,Legends of the Dark King: A Fist of the North Star Story,Ten no Haô: Hokuto no Ken Raô Gaiden,tvSeries,2008,\N,24,"Action,Animation,Drama",6.5,254,0
2209,tt2250184,Joshiraku,Joshiraku,tvMiniSeries,2012,2013,24,"Animation,Comedy",7.0,254,0
2210,tt0199863,Ninja Sasuke,Manga Sarutobi Sasuke,tvSeries,1979,1980,24,"Action,Adventure,Animation",7.5,253,0
2211,tt0293830,Hand Maid May,Hand Maid May,tvSeries,2000,2003,23,"Adventure,Animation,Comedy",6.4,253,0
2212,tt25814162,The tale of outcasts,The tale of outcasts,tvSeries,2023,2023,\N,"Action,Animation,Fantasy",6.2,253,0
2213,tt5351736,Candy Boy,Candy Boy,tvMiniSeries,2008,2009,12,"Animation,Romance",5.7,253,0
2214,tt0062585,Marine Boy,Marine Boy,tvSeries,1968,1969,30,"Action,Adventure,Animation",7.4,252,0
2215,tt0192886,Casshan,Shinzô ningen Kyashân,tvSeries,1973,1974,25,"Action,Adventure,Animation",7.5,252,0
2216,tt0291343,Pilot Candidate,Megami kouhosei,tvSeries,2000,2000,24,"Action,Animation,Drama",5.8,252,0
2217,tt3717892,Nobunaga Concerto,Nobunaga Concerto,tvMiniSeries,2014,\N,\N,"Animation,Comedy,History",7.3,252,0
2218,tt12065758,Diary of Our Days at the Breakwater,Houkago Teibou Nisshi,tvSeries,2020,2020,23,"Animation,Comedy,Drama",7.2,251,0
2219,tt12787170,King's Raid: Successors of the Will,King's Raid: Ishi wo Tsugu Mono-tachi,tvSeries,2020,\N,24,"Action,Adventure,Animation",5.8,251,0
2220,tt15400650,Digimon Ghost Game,Dejimon Gôsuto Gêmu,tvSeries,2021,2023,\N,"Action,Adventure,Animation",6.4,251,0
2221,tt29143189,16bit Sensation: Another Layer,16bit sensêshon: Another Layer,tvSeries,2023,2023,\N,"Animation,Comedy,Sci-Fi",6.4,251,0
2222,tt29171903,The Family Circumstances of the Irregular Witch,Dekoboko Majo no Oyako Jijou,tvSeries,2023,2023,\N,"Animation,Comedy,Fantasy",5.8,251,0
2223,tt1278280,Tales of the Abyss,Tales of the Abyss,tvSeries,2008,2009,\N,"Adventure,Animation,Drama",6.5,250,0
2224,tt1561921,Mujin Wakusei Survive,Mujin Wakusei Survive,tvSeries,2003,2004,25,"Adventure,Animation,Fantasy",8.2,250,0
2225,tt0891890,Red Garden,Redo gâden,tvSeries,2006,2007,23,"Animation,Drama,Horror",6.6,249,0
2226,tt1685408,Mitsudomoe,Mitsudomoe,tvSeries,2010,2011,25,"Animation,Comedy",7.2,249,0
2227,tt2904582,Kinmoza!,Kiniro Mosaic,tvSeries,2013,2015,25,"Animation,Comedy",6.8,249,0
2228,tt0185110,Queen Millennia,Shin Taketori Monogatari: 1000-nen Joou,tvSeries,1981,1982,24,"Animation,Drama,Mystery",7.9,248,0
2229,tt12098786,Yu-Gi-Oh! Sevens,Yu-Gi-Oh! Sevens,tvSeries,2020,2022,\N,"Action,Adventure,Animation",4.3,248,0
2230,tt12350092,Gibiate,Gibiate,tvSeries,2020,\N,\N,"Animation,Fantasy,Horror",4.2,248,0
2231,tt1094084,Pani Poni Dash!,Pani poni dasshu!,tvSeries,2005,\N,23,"Animation,Comedy",6.6,247,0
2232,tt2131768,The Mystic Archives of Dantalian,Dantalian no Shoka,tvSeries,2011,2012,\N,"Adventure,Animation,Fantasy",6.5,247,0
2233,tt5683292,Rewrite,Rewrite,tvSeries,2016,2017,48,"Action,Animation,Drama",5.9,247,0
2234,tt21912036,The Fire Hunter,Hikari no ô,tvSeries,2023,\N,24,"Adventure,Animation,Drama",5.9,246,0
2235,tt21962510,Ayakashi Triangle,Ayakashi Triangle,tvMiniSeries,2023,2023,\N,"Action,Animation,Comedy",5.7,246,0
2236,tt2242720,Tari Tari,Tari Tari,tvMiniSeries,2012,2012,23,"Animation,Drama,Music",7.0,246,0
2237,tt30523856,The Blue Wolves of Mibu,Ao no Miburo,tvSeries,2024,\N,23,"Action,Animation,History",6.7,246,0
2238,tt0236450,Lost Universe,Lost Universe,tvSeries,1998,1998,23,"Adventure,Animation,Comedy",6.8,245,0
2239,tt13545850,Made in Abyss: Marulk's Daily Life,Made in Abyss: Maruruk's Everday,tvMiniSeries,2020,2020,4,"Adventure,Animation,Fantasy",6.5,245,0
2240,tt37968925,Sekiro: No Defeat,Sekiro: No Defeat,tvSeries,2026,\N,\N,"Action,Adventure,Animation",8.4,245,0
2241,tt0965568,Coyote Ragtime Show,Coyote Ragtime Show,tvSeries,2006,2006,24,"Action,Adventure,Animation",6.1,244,0
2242,tt13457122,Pretty Boy Detective Club,Bishounen Tanteidan,tvSeries,2021,2021,\N,"Animation,Comedy,Mystery",6.3,244,0
2243,tt1409058,Guin sâga,Guin sâga,tvSeries,2009,\N,24,"Adventure,Animation,Fantasy",6.5,244,0
2244,tt2266678,A Summer Snow Rendezvous,Natsuyuki Rendezvous,tvMiniSeries,2012,2012,24,"Animation,Drama,Fantasy",7.1,244,0
2245,tt6401430,Hand Shakers,Hand Shakers,tvSeries,2017,2017,23,"Action,Animation,Sci-Fi",3.3,244,0
2246,tt7498270,Pingu in the City,Pingu in the City,tvSeries,2017,2019,7,"Animation,Comedy,Family",7.3,244,0
2247,tt1262969,Twilight Q,Towairaito Q,tvMiniSeries,1987,1987,30,"Animation,Mystery,Sci-Fi",6.7,243,0
2248,tt2904686,Love Lab,Love Lab,tvSeries,2013,2013,25,"Animation,Comedy,Romance",6.8,243,0
2249,tt8113938,Mr. Tonegawa: Middle Management Blues,Chuukan Kanriroku Tonegawa,tvSeries,2018,2018,23,"Animation,Comedy",7.0,243,0
2250,tt0083417,The Flying House,Time kyôshitsu: Tondera house no daibôken,tvSeries,1982,1983,\N,"Adventure,Animation,Drama",6.8,242,0
2251,tt0296328,The Story of Cinderella,Shinderera monogatari,tvSeries,1996,1996,24,"Adventure,Animation,Drama",7.4,242,0
2252,tt0978540,Mai otome,Mai otome,tvSeries,2005,2006,24,"Action,Adventure,Animation",7.1,242,0
2253,tt1729627,Star Driver,Star Driver: Kagayaki no Takuto,tvSeries,2010,2011,\N,"Action,Animation,Romance",6.1,242,0
2254,tt3105504,Kyôsôgiga,Kyôsôgiga,tvMiniSeries,2013,2013,\N,"Animation,Fantasy,Sci-Fi",7.4,242,0
2255,tt7001136,KADO: The Right Answer,Seikaisuru Kado,tvSeries,2017,\N,24,"Animation,Drama,Mystery",6.5,242,0
2256,tt0158533,Burn Up W,Burn Up W,tvMiniSeries,1996,1996,26,"Action,Animation,Comedy",6.4,241,0
2257,tt12809744,All Saints Street,Wan Sheng Jie,tvSeries,2020,2023,4,"Animation,Comedy,Fantasy",7.6,241,0
2258,tt1281341,Looking Up at the Half-Moon,Hanbun no tsuki ga noboru sora,tvMiniSeries,2006,2006,24,"Animation,Comedy,Drama",6.9,241,0
2259,tt15582924,Miss Kuroitsu from the Monster Development Department,Kaijin Kaihatsubu no Kuroitsu-san,tvSeries,2022,\N,23,"Animation,Comedy,Fantasy",6.1,241,0
2260,tt0112233,Zenki,Kishin dôji Zenki,tvSeries,1995,\N,22,"Action,Adventure,Animation",6.5,240,0
2261,tt12105800,Lucifer and the Biscuit Hamme,Hoshi no Samidare,tvSeries,2022,\N,\N,"Action,Adventure,Animation",5.2,240,0
2262,tt30873755,Shaman King: Flowers,Shâman Kingu Furawâzu,tvSeries,2024,\N,\N,"Action,Adventure,Animation",6.5,240,0
2263,tt8993614,UzaMaid: Our Maid Is Way Too Annoying!,Uchi no Maid ga Uzasugiru,tvSeries,2018,\N,23,"Animation,Comedy",6.2,239,0
2264,tt0109633,Dirty Pair Flash,Dirty Pair Flash,tvSeries,1994,1998,30,"Action,Animation,Comedy",6.9,238,0
2265,tt1143514,Tales of Agriculture,Moyashimon,tvSeries,2007,2012,24,"Animation,Comedy,Drama",7.1,238,0
2266,tt1160949,Yokohama Kaidashi Kikou: Quiet Country Cafe,Yokohama kaidashi kikô: Quiet Country Cafe,tvMiniSeries,2002,2003,29,"Animation,Comedy,Drama",6.8,238,0
2267,tt1409068,Tears to Tiara,Tiâzu to tiara,tvSeries,2009,\N,\N,"Action,Adventure,Animation",6.4,238,0
2268,tt3611294,Glasslip,Glasslip,tvSeries,2014,\N,25,"Animation,Drama,Romance",5.1,238,0
2269,tt0377962,Garzey's Wing,Garzey no tsubasa,tvMiniSeries,1996,1997,30,"Action,Animation,Fantasy",3.2,237,0
2270,tt5203692,Toradora SOS!,Toradora SOS!,tvSeries,2009,2009,5,"Animation,Comedy,Short",5.2,237,0
2271,tt0224534,Oh! Sûpâ Miruku-chan,Oh! Sûpâ Miruku-chan,tvSeries,1998,\N,30,"Animation,Comedy,Sci-Fi",6.7,236,0
2272,tt13580730,Sakugan,Sakügan,tvMiniSeries,2021,2021,23,"Action,Adventure,Animation",5.9,236,0
2273,tt0104421,Hime-chan's Ribbon,Hime-chan no Ribbon,tvSeries,1992,\N,24,"Animation,Comedy,Romance",6.6,235,0
2274,tt0346226,Getter Robo Armageddon,Chenji!! Gettâ robo: sekai saigo no hi,tvSeries,1998,1999,28,"Animation,Horror,Sci-Fi",7.5,235,0
2275,tt22983862,Lupin Zero,Lupin Zero,tvSeries,2022,2023,\N,"Adventure,Animation,Comedy",6.8,235,0
2276,tt32645928,Delico's Nursery,Delico's Nursery,tvSeries,2024,\N,\N,"Animation,Fantasy,Mystery",6.1,235,0
2277,tt5375996,Schwarzesmarken,Schwarzesmarken,tvSeries,2016,2016,24,"Animation,Drama,Sci-Fi",6.1,235,0
2278,tt0159923,Fighting General Daimos,Tôshô Daimosu,tvSeries,1978,1979,24,"Action,Adventure,Animation",7.8,234,0
2279,tt1161688,Shigofumi: Letters from the Departed,Shigofumi,tvSeries,2008,2023,\N,"Animation,Drama,Fantasy",6.9,234,0
2280,tt1833428,Daitarn 3,Muteki Kôjin Daitân 3,tvSeries,1978,1979,25,"Action,Animation,Sci-Fi",7.8,234,0
2281,tt36590617,Lycoris Recoil: Friends are thieves of time.,Lycoris Recoil: Friends are thieves of time.,tvMiniSeries,2025,\N,\N,"Animation,Comedy,Short",7.2,234,0
2282,tt7797662,One Room,One Room,tvMiniSeries,2017,2020,4,"Animation,Drama,Short",5.0,234,0
2283,tt0288933,Cutie Honey,Kyûteî Hanî,tvSeries,1973,1974,25,"Action,Adventure,Animation",6.6,233,0
2284,tt1216223,Library War,Toshokan sensô,tvSeries,2008,\N,23,"Action,Animation,Comedy",7.0,233,0
2285,tt27462737,Rokudo's Bad Girls,Rokudou no Onna-tachi,tvSeries,2023,\N,23,"Animation,Comedy,Fantasy",6.1,233,0
2286,tt9085330,Ms. Vampire Who Lives in My Neighborhood,Tonari no Kyuuketsuki-san,tvSeries,2018,2018,24,"Animation,Comedy,Fantasy",6.5,233,0
2287,tt10240056,Saint Seiya: Saintia Shô,Seinto Seiya: Seintia Shô,tvMiniSeries,2018,2019,25,"Action,Animation,Drama",5.4,232,0
2288,tt5853206,The Highschool Life of a Fudanshi,Fudanshi kôkô seikatsu,tvSeries,2016,\N,4,"Animation,Comedy,Short",6.3,232,0
2289,tt6813314,Chaos;Child,Chaos;Child,tvMiniSeries,2017,2017,24,"Animation,Mystery,Sci-Fi",5.7,232,0
2290,tt1364721,RideBack,RideBack,tvSeries,2009,\N,24,"Action,Animation,Drama",6.7,231,0
2291,tt34710683,Bullet/Bullet,Baretto/Baretto,tvMiniSeries,2025,2025,25,"Action,Adventure,Animation",6.0,231,0
2292,tt8683066,Holmes of Kyoto,Kyoto Teramachi Sanjou no Holmes,tvSeries,2018,\N,\N,"Animation,Drama,Mystery",6.7,231,0
2293,tt9198184,Eromanga Sensei OVA,Eromanga Sensei OVA,tvSeries,2019,2019,48,"Animation,Comedy",6.0,231,0
2294,tt0463281,Air Master,Air Master,tvSeries,2003,2004,24,"Action,Adventure,Animation",6.8,230,0
2295,tt1120961,Sola,Sola,tvSeries,2007,\N,24,"Action,Animation,Drama",6.7,230,0
2296,tt15929150,In the Heart of Kunoichi Tsubaki,Kunoichi Tsubaki no mune no uchi,tvSeries,2022,\N,23,"Action,Animation,Comedy",6.4,230,0
2297,tt7537488,Sagrada Reset,Sakurada Reset,tvSeries,2017,2017,\N,"Animation,Drama,Fantasy",7.3,230,0
2298,tt7858928,A Centaur's Life,Centaur no nayami,tvSeries,2017,2017,24,"Animation,Comedy,Fantasy",5.5,230,0
2299,tt14648592,Magical Destroyers,Mahô shôjo majikaru desutoroiyâzu,tvSeries,2023,2023,23,"Action,Adventure,Animation",5.4,229,0
2300,tt2911334,Samurai Bride,Hyakka Ryôran: Samurai Buraido,tvSeries,2013,2013,24,"Action,Animation,Comedy",6.4,229,0
2301,tt32034812,I'm Living with an Otaku NEET Kunoichi!?,NEET Kunoichi to Nazeka Dôsei Hajimemashita,tvSeries,2025,\N,15,"Animation,Comedy,Fantasy",5.8,229,0
2302,tt0137287,Beast King GoLion,Hyakujû-ô Goraion,tvSeries,1981,1982,23,"Action,Adventure,Animation",7.3,228,0
2303,tt0178148,M.U.S.C.L.E.,Kinnikuman,tvSeries,1983,1986,23,"Action,Adventure,Animation",7.0,228,0
2304,tt1590931,Hanamaru Kindergarten,Hanamaru yôchien,tvMiniSeries,2010,2010,24,"Animation,Comedy",7.1,228,0
2305,tt3417860,"Inari, Konkon, Koi Iroha","Inari, Konkon, Koi Iroha",tvSeries,2014,\N,24,"Animation,Comedy,Fantasy",6.7,228,0
2306,tt0184844,Queen Emeraldas,Queen Emeraldas,tvMiniSeries,1998,1999,120,"Adventure,Animation,Sci-Fi",6.6,227,0
2307,tt0961173,Kamichu!,Kamichu!,tvSeries,2005,2006,28,"Adventure,Animation,Drama",7.0,227,0
2308,tt12803708,Dogeza de Tanondemita,Dogeza de Tanondemita,tvSeries,2020,2021,4,"Animation,Comedy",4.2,227,0
2309,tt0250921,Silent Möbius,Sairento mebiusu,tvSeries,1998,1998,30,"Action,Animation,Crime",6.7,226,0
2310,tt2119364,Dream Eater Merry,Yumekui Merry,tvMiniSeries,2011,2011,25,"Action,Animation,Comedy",6.1,226,0
2311,tt30476504,Magilumiere Magical Girls Inc.,Kabushiki Gaisha Majirumie,tvSeries,2024,\N,24,"Action,Adventure,Animation",6.7,226,0
2312,tt8526106,Island,Island,tvSeries,2018,2018,24,"Animation,Drama,Mystery",5.7,226,0
2313,tt3104114,Wanna be the Strongest in the World!,Sekai de Ichiban Tsuyoku Naritai!,tvSeries,2013,2014,24,"Action,Animation,Drama",5.2,225,0
2314,tt20234560,Yuri Is My Job!,Watashi no Yuri wa Oshigoto Desu!,tvMiniSeries,2023,2023,24,"Animation,Comedy,Drama",6.2,224,0
2315,tt26895902,Otaku Elf,Edomae Elf,tvSeries,2023,2023,24,"Animation,Comedy,Fantasy",6.7,224,0
2316,tt8343748,Seven Senses of the Re'Union,Seven Senses of the Re'Union,tvSeries,2018,2018,24,"Action,Adventure,Animation",5.2,224,0
2317,tt0302211,Noozles,Fushigi na koala Blinky,tvSeries,1984,1984,24,"Adventure,Animation,Comedy",7.7,223,0
2318,tt0991051,He Is My Master,Kore ga watashi no go shujin sama,tvSeries,2005,2005,24,"Animation,Comedy,Romance",5.8,223,0
2319,tt1868402,Dragon Crisis!,Dragon Crisis!,tvMiniSeries,2011,2011,\N,"Action,Animation,Fantasy",5.9,223,0
2320,tt6096648,Ai no Kusabi: Remake,Ai no Kusabi: Remake,tvMiniSeries,2012,2012,\N,"Animation,Drama,Sci-Fi",6.2,223,0
2321,tt0293728,The King Kong Show,King Kong,tvSeries,1966,1967,30,"Animation,Sci-Fi",6.4,222,0
2322,tt3432310,If Her Flag Breaks,Kanojo ga Flag wo Oraretara,tvSeries,2014,2014,24,"Animation,Comedy,Romance",6.1,222,0
2323,tt5071764,Castle Town Dandelion,Jôkamachi no danderaion,tvSeries,2015,2015,24,"Animation,Comedy,Drama",6.8,222,0
2324,tt7768502,Shin Chan,Shin Chan,tvSeries,2002,2002,\N,"Animation,Comedy",8.5,222,0
2325,tt0247877,Steel Angel Kurumi,Kôtetsu tenshi Kurumi,tvSeries,1999,2000,15,"Adventure,Animation,Comedy",6.8,221,0
2326,tt0297994,Jungle de Ikou!,Jungle de Ikou,tvMiniSeries,1997,1997,86,"Animation,Comedy,Fantasy",5.8,221,0
2327,tt29054911,Wakfu: The Quest for the Six Eliatrope Dofus,Wakfu: La quête des six Dofus Eliatropes,tvMiniSeries,2014,2014,131,"Action,Adventure,Animation",8.3,221,0
2328,tt0158931,RG Veda,Seiden RG Veda,tvMiniSeries,1991,1991,86,"Adventure,Animation,Drama",6.0,220,0
2329,tt0189238,A.D. Police,A.D. Police: To Protect and Serve,tvSeries,1999,1999,24,"Action,Animation,Crime",5.9,220,0
2330,tt4061284,Gundam Build Fighters Try,Gundam Build Fighters Try,tvSeries,2014,2015,25,"Action,Animation,Comedy",6.9,220,0
2331,tt6931466,Honobono Log,Honobono Log,tvMiniSeries,2016,2016,2,"Animation,Romance,Short",6.9,220,0
2332,tt8800144,Ulysses: Jeanne d'Arc and the Alchemist Knight,Ulysses: Jeanne d'Arc and the Alchemist Knight,tvSeries,2018,\N,24,"Action,Animation,Fantasy",5.2,220,0
2333,tt0425702,Najica: Blitz Tactics,Najika Dengeki Sakusen,tvSeries,2001,2001,25,"Action,Animation,Comedy",5.9,219,0
2334,tt2074035,Horizon in the Middle of Nowhere,Kyôkai senjô no Horizon,tvSeries,2011,2012,25,"Action,Animation,Comedy",5.6,219,0
2335,tt2172653,The New Prince of Tennis,Shin Tennis no Ouji-sama II,tvSeries,2012,2012,23,"Animation,Drama,Sport",6.9,219,0
2336,tt36290183,Scum of the Brave,Yuusha no Kuzu,tvSeries,2026,2026,\N,"Action,Animation,Comedy",6.1,219,0
2337,tt1067925,Slayers: Excellent,Sureiyazu ekuserento,tvMiniSeries,1998,\N,90,"Adventure,Animation,Comedy",7.1,218,0
2338,tt4164522,Wolf's Rain OVA,Wolf's Rain OVA,tvMiniSeries,2004,2004,\N,"Animation,Drama,Sci-Fi",8.0,218,0
2339,tt0113833,Miyuki-chan in Wonderland,Fushigi no kuni no Miyuki-chan,tvMiniSeries,1995,1995,30,"Action,Animation,Comedy",5.7,217,0
2340,tt3496018,Selector Infected WIXOSS,Selector Infected WIXOSS,tvSeries,2014,2014,\N,"Animation,Fantasy,Thriller",6.2,217,0
2341,tt5289354,Young Black Jack,Yangu burakku jakku,tvSeries,2015,\N,24,"Animation,Drama",6.7,217,0
2342,tt0272299,Sol Bianca: The Legacy,Sol Bianca: The Legacy,tvMiniSeries,1999,2000,200,"Action,Animation,Sci-Fi",5.9,216,0
2343,tt31308294,Murai in Love,Murai no Koi,tvSeries,2024,2024,24,"Animation,Comedy,Romance",6.7,216,0
2344,tt3198020,Tokyo Majin,Tokyo Majin,tvSeries,2007,2007,24,"Action,Animation,Drama",6.1,216,0
2345,tt3985216,Gonna Be the Twin-Tail!!,"Ore, Tsuintêru ni Narimasu.",tvSeries,2014,2014,25,"Action,Adventure,Animation",6.2,216,0
2346,tt4928988,He Is an Ultimate Teacher,Denpa Kyoushi,tvSeries,2015,\N,24,"Animation,Comedy",6.1,216,0
2347,tt0332056,Fire Emblem,Faia emuburemu,tvMiniSeries,1995,\N,30,"Adventure,Animation,Fantasy",5.7,215,0
2348,tt0352068,Kashi no ki Mokku,Kashi no ki Mokku,tvSeries,1972,1972,25,"Animation,Drama,Family",6.8,215,0
2349,tt3996158,Gundam Reconguista in G,Gundam G No Reconguista,tvSeries,2014,2015,\N,"Action,Adventure,Animation",5.4,215,0
2350,tt1458514,Charger Girl Ju-den Chan,Faito ippatsu! Jûden chan!!,tvMiniSeries,2009,2009,24,"Action,Animation,Comedy",6.6,214,0
2351,tt35955429,Touring After the Apocalypse,Shuumatsu Touring,tvSeries,2025,\N,24,"Adventure,Animation,Sci-Fi",6.6,214,0
2352,tt36987898,Arknights: Rise from Ember,Arknights: Rise from Ember,tvSeries,2025,\N,\N,"Action,Animation,Fantasy",6.6,214,0
2353,tt8795248,Tachibanakan Triangle,Tachibanakan Triangle,tvMiniSeries,2018,2018,4,"Animation,Comedy,Romance",5.3,214,0
2354,tt0115104,Sorcerer Hunters,Bakuretsu hunters,tvSeries,1995,1996,20,"Adventure,Animation,Comedy",6.7,213,0
2355,tt0447590,Mirage of Blaze,Honô no mirâju,tvSeries,2002,2002,325,"Animation,Drama,Fantasy",7.0,213,0
2356,tt1234601,Nagasarete Airantou,Nagasarete Airantô,tvSeries,2007,2007,\N,"Animation,Comedy,Fantasy",6.7,213,0
2357,tt2305660,Ixion Saga DT,Ixion Saga DT,tvSeries,2012,2013,25,"Adventure,Animation,Comedy",6.4,213,0
2358,tt3519238,Nanana's Buried Treasure,Ryuugajou Nanana no Maizoukin,tvSeries,2014,2014,24,"Action,Adventure,Animation",6.3,213,0
2359,tt3658070,Inugami-san to Nekoyama-san,Inugami-san to Nekoyama-san,tvMiniSeries,2014,2014,3,"Animation,Comedy,Short",5.9,213,0
2360,tt5926310,First Love Monster,Hatsukoi Monster,tvSeries,2016,2017,24,"Animation,Comedy,Drama",4.5,213,0
2361,tt0275838,Getter Robo,Gettâ robo,tvSeries,1974,1975,25,"Action,Adventure,Animation",7.5,212,0
2362,tt0364867,Sakura Diaries,Sakura tsûshin,tvMiniSeries,1997,1997,25,"Animation,Drama,Romance",6.4,212,0
2363,tt12164008,Mr Love: Queen's Choice,Koi to Producer: Evol x Love,tvSeries,2020,2020,\N,"Action,Animation,Drama",5.9,212,0
2364,tt1376370,Tower of Druaga Part 2: The Sword of Uruk,Doruâga no tô: The sword of Uruk,tvMiniSeries,2009,2009,26,"Action,Adventure,Animation",6.7,212,0
2365,tt15072540,Rurouni Kenshin: New Kyoto Arc,Rurôni Kenshin: Meiji kenkaku romantan - Shin Kyoto-hen,tvMiniSeries,2011,2012,90,"Action,Animation,Drama",6.8,212,0
2366,tt15400722,Mahou Tsukai no Yome: Nishi no Shounen to Seiran no Kishi,Mahou Tsukai no Yome: Nishi no Shounen to Seiran no Kishi,tvSeries,2021,2022,\N,Animation,6.7,212,0
2367,tt19801014,Heroines Run the Show,Heroines Run the Show: The Unpopular Girl and the Secret Task,tvSeries,2022,\N,24,"Animation,Drama,Music",6.7,212,0
2368,tt29257041,Arknights: Perish in Frost,Arknights: Fuyukomori Kaerimichi,tvSeries,2023,\N,\N,"Action,Adventure,Animation",6.6,212,0
2369,tt4236948,Tight-Rope,Tight-Rope,tvMiniSeries,2012,2012,\N,"Action,Animation,Comedy",6.4,212,0
2370,tt1234588,The Secret Garden Animated,Anime himitsu no hanazono,tvSeries,1991,1992,30,"Animation,Drama",7.4,211,0
2371,tt1738078,Otome youkai Zakuro,Otome youkai Zakuro,tvSeries,2010,\N,24,"Action,Animation,Comedy",6.9,211,0
2372,tt2082624,Dog Days,Doggu Deizu,tvSeries,2011,2015,25,"Action,Adventure,Animation",6.2,211,0
2373,tt3358452,Oneechan ga Kita,Oneechan ga Kita,tvSeries,2014,\N,\N,"Animation,Comedy",5.8,211,0
2374,tt0972656,Hidamari Sketch,Hidamari Sketch,tvSeries,2007,2007,24,"Animation,Comedy",6.9,210,0
2375,tt1133486,Xenosaga: The Animation,Xenosaga: The Animation,tvSeries,2005,\N,\N,"Action,Adventure,Animation",6.1,210,0
2376,tt0991062,Simoun,Simoun,tvSeries,2006,2006,25,"Action,Adventure,Animation",6.5,209,0
2377,tt2670718,A-Channel,A-Channel,tvSeries,2011,2017,24,"Animation,Comedy,Drama",6.4,209,0
2378,tt0292813,Dinosaur War Aizenborg,Kyôryû sensô Aizenbôgu,tvSeries,1977,1978,30,"Action,Adventure,Animation",7.7,208,0
2379,tt1258215,Akasaka,Akane-Iro ni somaru saka,tvMiniSeries,2008,2009,25,"Animation,Comedy,Drama",5.8,208,0
2380,tt1291491,Princess Resurrection,Kaibutsu ôjo,tvSeries,2007,2008,\N,"Action,Animation,Comedy",6.6,208,0
2381,tt15529750,Tribe Nine,Tribe Nine,tvSeries,2022,2022,24,"Action,Adventure,Animation",5.1,208,0
2382,tt1933696,Astroganger,Astroganga,tvSeries,1972,1973,20,"Action,Animation,Sci-Fi",7.3,208,0
2383,tt19848562,Pokémon: Hisuian Snow,Pokémon: Hisuian Snow,tvMiniSeries,2022,2022,\N,"Adventure,Animation,Family",7.5,208,0
2384,tt3761860,Sabagebu! Survival Game Club!,Sabagebu!,tvSeries,2014,\N,\N,"Action,Animation,Comedy",7.2,208,0
2385,tt0152666,The Super Dimension Century Orguss 02,Orguss 02,tvMiniSeries,1993,1995,30,"Action,Adventure,Animation",7.0,207,0
2386,tt21057092,FLCL: Shoegaze,Furikuri Shûgeizu,tvMiniSeries,2023,2023,25,"Action,Adventure,Animation",5.7,207,0
2387,tt34710525,Cat's Eye,Kyattsu Ai,tvSeries,2025,2026,24,"Action,Animation,Comedy",6.4,207,0
2388,tt0168284,"Tale of Pollyanna, Girl of Love",Ai shôjo Porianna monogatari,tvSeries,1986,1986,24,"Animation,Drama,History",7.3,206,0
2389,tt0353039,Argentosoma,Argento Soma,tvSeries,2000,2002,25,"Action,Adventure,Animation",6.6,206,0
2390,tt12885584,The Gymnastics Samurai,Taisou Zamurai,tvSeries,2020,2020,23,"Animation,Drama,Sport",6.8,206,0
2391,tt30975941,Bang Brave Bang Bravern,Yuuki Bakuhatsu Bang Bravern,tvSeries,2024,\N,\N,"Action,Animation,Comedy",7.0,206,0
2392,tt6545722,Karas,Karas,tvMiniSeries,2005,2007,30,"Action,Animation,Fantasy",6.7,206,0
2393,tt8660606,Afterlost: Where I End and You Begin,Shoumetsu toshi,tvSeries,2019,\N,23,"Action,Adventure,Animation",5.4,206,0
2394,tt0841963,MÄR: Märchen Awakens Romance,Meru hevun,tvSeries,2005,2007,25,"Action,Adventure,Animation",7.0,205,0
2395,tt2193783,Mobile Suit Gundam AGE,Kido Senshi Gandamu Eiji,tvSeries,2011,2012,24,"Action,Animation,Fantasy",5.5,205,0
2396,tt0168354,Tico & Friends,Nanatsu no umi no Tiko,tvSeries,1994,1995,24,"Adventure,Animation",7.6,204,0
2397,tt0346220,Burn-Up Excess,Burn-Up Excess,tvSeries,1997,1998,30,"Action,Adventure,Animation",6.6,204,0
2398,tt2176669,Bodacious Space Pirates,Moretsu Pirates,tvSeries,2012,2012,24,"Adventure,Animation,Comedy",6.7,204,0
2399,tt6100132,Maiden Rose,Maiden Rose,tvMiniSeries,2009,2009,\N,"Animation,Drama,Romance",5.7,204,0
2400,tt6300838,Tiger Mask W,Tiger Mask W,tvSeries,2016,2017,23,"Action,Animation,Drama",6.8,204,0
2401,tt0106010,Ghost Sweeper Mikami,Gosuto suipa Mikami,tvSeries,1993,1994,30,"Action,Animation,Comedy",7.0,203,0
2402,tt0111811,Phantom Quest Corp.,Yûgen kaisha,tvSeries,1994,1995,30,"Animation,Comedy,Fantasy",6.5,203,0
2403,tt0145639,Beast Wars II: Super Life-Form Transformers,Beast Wars Second: Chô seimeitai Transformer,tvSeries,1998,\N,30,"Action,Animation,Family",6.6,203,0
2404,tt0289010,Photon,Photon,tvMiniSeries,1997,\N,30,"Action,Animation,Comedy",6.5,203,0
2405,tt27187053,Atelier Ryza: Ever Darkness & the Secret Hideout,Raiza no Atorie: Tokoyami no Joô to Himitsu no Kakurega,tvSeries,2023,2023,24,"Action,Adventure,Animation",5.7,203,0
2406,tt28766864,Butareba: The Story of a Man Who Turned into a Pig,Buta no Liver wa Kanetsu Shiro,tvSeries,2023,2024,24,"Animation,Comedy,Fantasy",5.6,203,0
2407,tt0872300,Ah! My Goddess: Flights of Fancy,Aa Megamisama: Sorezore no tsubasa,tvSeries,2006,2007,\N,"Animation,Comedy",7.2,202,0
2408,tt1216131,Kurenai,Kurenai,tvSeries,2008,\N,25,"Animation,Comedy,Drama",6.7,202,0
2409,tt2549176,Cardfight!! Vanguard,Cardfight!! Vanguard,tvSeries,2011,2020,25,"Action,Animation,Fantasy",5.6,202,0
2410,tt3896784,A Good Librarian Like a Good Shepherd,Daitoshokan no Hitsujikai,tvSeries,2014,2014,23,"Animation,Comedy,Drama",6.3,202,0
2411,tt0224471,Dual! Parallel Trouble Adventure,Dual! Paralle lunlun monogatari,tvSeries,1999,1999,25,"Animation,Comedy,Sci-Fi",7.1,201,0
2412,tt0497548,Sukisho,Suki na mono wa suki dakara shôganai!!,tvMiniSeries,2005,\N,24,"Animation,Drama,Romance",6.2,201,0
2413,tt10974256,Val x Love,Val x Love,tvMiniSeries,2019,2019,23,"Animation,Comedy,Drama",5.4,201,0
2414,tt1356884,White Album,White Album,tvSeries,2009,2009,\N,"Animation,Drama,Romance",5.5,201,0
2415,tt3458374,Aquarion EVOL,Aquarion EVOL,tvSeries,2012,2012,25,"Action,Animation,Comedy",6.7,201,0
2416,tt0159856,Combattler V,Chôdenji robo Kon-Batorâ bui,tvSeries,1976,1977,30,"Action,Adventure,Animation",7.4,200,0
2417,tt0160501,Macross Dynamite 7,Macross Dynamite 7,tvMiniSeries,1997,1998,120,"Action,Adventure,Animation",6.2,200,0
2418,tt0257297,Boys Be...,Boys be...,tvMiniSeries,2000,2000,24,"Animation,Comedy,Romance",6.1,200,0
2419,tt0294614,Haunted Junction,Haunted Junction,tvSeries,1997,1997,\N,"Animation,Comedy,Fantasy",5.8,200,0
2420,tt0380120,King of Bandit Jing,Ô dorobô Jing,tvMiniSeries,2002,\N,\N,"Action,Adventure,Animation",6.4,200,0
2421,tt0983985,Sugar Sugar Rune,Shuga shuga rûn,tvSeries,2005,2006,24,"Animation,Comedy,Family",6.9,200,0
2422,tt1132202,Dragonaut: The Resonance,Doragonôtsu: Za rezonansu,tvSeries,2007,2009,25,"Action,Animation,Drama",6.1,200,0
2423,tt1161682,Persona: Trinity Soul,Perusona: Toriniti sôru,tvSeries,2008,2008,24,"Action,Adventure,Animation",5.9,200,0
2424,tt28038239,The Gene of AI,AI no Idenshi,tvSeries,2023,2023,24,"Animation,Drama,Sci-Fi",6.0,200,0
2425,tt5753374,Shonen Maid,Shônen Meido,tvSeries,2016,2016,24,"Animation,Comedy,Drama",7.1,200,0
2426,tt8425966,The Silver Guardian,Gin no Guardian,tvSeries,2017,2018,24,"Action,Adventure,Animation",5.6,200,0
2427,tt0872306,Kurau: Phantom Memory,Kurau: Phantom Memory,tvSeries,2004,2005,\N,"Action,Animation,Comedy",7.0,199,0
2428,tt27452735,Beyblade Burst QuadStrike,Beyblade Burst QuadStrike,tvSeries,2023,2023,\N,"Action,Adventure,Animation",6.7,199,0
2429,tt29171939,Stardust Telepath,Hoshikuzu terepasu,tvSeries,2023,2023,\N,"Animation,Comedy,Romance",6.5,199,0
2430,tt30644058,Isekai Onsen Paradise,"Meitou Isekai no Yu Kaitakuki: Around 40 Onsen Mania no Tensei Saki wa, Nonbiri Onsen Tengoku deshita",tvSeries,2024,\N,4,"Animation,Comedy,Fantasy",5.1,199,0
2431,tt5871330,Amanchu!,Amanchu!,tvSeries,2016,2018,24,"Animation,Comedy,Drama",6.8,199,0
2432,tt0158406,El-Hazard: The Wanderers,El Hazard: Wanderers,tvSeries,1995,1996,25,"Adventure,Animation,Comedy",6.7,198,0
2433,tt0233780,Gatchaman,Kagaku ninja tai Gatchaman,tvMiniSeries,1994,1995,45,"Action,Adventure,Animation",7.0,198,0
2434,tt0305046,Android Kikaider: The Animation,Jinzô ningen Kikaidâ: The Animation,tvSeries,2000,2001,22,"Action,Adventure,Animation",7.0,198,0
2435,tt2176885,Lagrange: The Flower of Rin-ne,Rinne no Lagrange,tvSeries,2012,2012,24,"Action,Animation,Comedy",5.9,198,0
2436,tt35437780,ZatsuTabi -That's Journey-,Zatsu Tabi -That's Journey-,tvSeries,2025,\N,\N,"Adventure,Animation,Comedy",6.5,198,0
2437,tt36082234,See You Tomorrow at the Food Court,"Fudo Koto de, Mata Ashita",tvSeries,2025,2025,\N,"Animation,Comedy,Drama",7.0,198,0
2438,tt0476513,Space Runaway Ideon,Densetsu kyojin ideon,tvSeries,1980,1981,30,"Action,Animation,Drama",7.2,197,0
2439,tt8075454,Mitsuboshi Colors,Mitsuboshi Colors,tvSeries,2018,2018,25,"Animation,Comedy,Family",6.8,197,0
2440,tt9728264,Convenience Store Boy Friends,Konbini Kareshi (Convenience Store Boyfriends),tvMiniSeries,2017,2017,24,Animation,6.0,197,0
2441,tt0283891,Arc the Lad,Arc the Lad,tvSeries,1999,1999,\N,"Action,Adventure,Animation",5.6,196,0
2442,tt10671412,Nobunaga Teacher's Young Bride,Nobunaga Sensei no Osanazuma,tvMiniSeries,2019,2019,7,"Animation,Comedy,Fantasy",4.6,196,0
2443,tt0431770,Galerians: Rion,Galerians: Rion,tvSeries,2002,\N,73,"Action,Animation,Drama",5.5,195,0
2444,tt2595474,Encouragement of Climb,Yama no Susume,tvSeries,2013,2018,5,"Adventure,Animation,Comedy",7.0,195,0
2445,tt26450255,Blue Orchestra,Ao no Orchestra,tvSeries,2023,\N,25,"Animation,Drama,Music",7.0,195,0
2446,tt5276152,Norn9,Norn9,tvSeries,2016,2016,24,"Animation,Drama,Romance",5.8,195,0
2447,tt0211606,Saber Marionette J to X,Saber Marionette J to X,tvSeries,1998,1999,30,"Action,Adventure,Animation",7.0,194,0
2448,tt0294160,Hello! Spank,Ohayô! Supanku,tvSeries,1981,1982,24,"Animation,Comedy,Family",6.7,194,0
2449,tt0331863,B'T X,Bîto ekkusu,tvSeries,1996,1996,25,"Action,Adventure,Animation",7.0,194,0
2450,tt11398800,Obsolete,Obsolete,tvMiniSeries,2019,2020,13,"Action,Animation,Drama",6.5,193,0
2451,tt3399762,Buddy Complex,Buddy Complex,tvSeries,2014,\N,24,"Action,Animation,Sci-Fi",6.9,193,0
2452,tt6460126,Astarotte's Toy,Astarotte no Omocha!,tvMiniSeries,2011,2011,23,"Animation,Comedy,Fantasy",5.8,193,0
2453,tt2622978,Yuyushiki,Yuyushiki,tvSeries,2013,2013,25,"Animation,Comedy",6.6,192,0
2454,tt34754751,Hell Teacher: Jigoku Sensei Nube,Jigoku Sensei Nube,tvSeries,2025,\N,\N,"Action,Animation,Comedy",6.3,192,0
2455,tt0213636,El Hazard: The Alternative World,El Hazard: The Alternative World,tvSeries,1998,2002,25,"Adventure,Animation,Comedy",6.6,191,0
2456,tt0963150,Zipang,Zipang,tvSeries,2004,2006,24,"Animation,Drama,Sci-Fi",7.3,191,0
2457,tt11147864,Oshi ga Budôkan ittekuretara shinu,Oshi ga Budôkan ittekuretara shinu,tvSeries,2020,2020,24,Animation,6.8,191,0
2458,tt33498499,Puniru is a Kawaii Slime,Puniru wa Kawaii Slime,tvSeries,2024,\N,\N,"Animation,Comedy,Fantasy",5.4,191,0
2459,tt0302129,The New Adventures of Kimba the White Lion,Shinsaku jungle taitei,tvSeries,1989,1990,24,"Adventure,Animation",6.4,190,0
2460,tt1223625,Kanon,Kanon,tvSeries,2002,2002,\N,"Animation,Comedy,Drama",6.6,190,0
2461,tt2328145,Mobile Suit Gundam MS IGLOO: The Hidden One Year War,Mobile Suit Gundam MS IGLOO: The Hidden One Year War,tvSeries,2004,\N,30,"Action,Animation,Sci-Fi",6.1,190,0
2462,tt35508195,Guilty Gear Strive: Dual Rulers,Giruti Gia Sutoraivu: Dyuaru Rûrâzu,tvSeries,2025,\N,\N,"Action,Adventure,Animation",5.5,190,0
2463,tt7062798,Little Busters! Refrain,Little Busters! Refrain,tvSeries,2013,2013,24,"Animation,Comedy,Drama",7.4,190,0
2464,tt0202181,Adventures of the Little Koala,Koara bôi Kokkî,tvSeries,1984,1988,\N,"Adventure,Animation,Family",7.2,189,0
2465,tt3399734,SoniAni: Super Sonico the Animation,SoniAni: Super Sonico the Animation,tvSeries,2014,2014,25,"Animation,Comedy,Music",5.7,189,0
2466,tt4954596,Wakako-zake,Wakako-zake,tvSeries,2015,\N,2,Animation,6.7,189,0
2467,tt0156204,Super Dimensional Cavalry: Southern Cross,Chôjikû kidan Sazan Kurosu,tvSeries,1984,1984,\N,"Action,Animation,Drama",6.8,188,0
2468,tt0309163,The Ping-Pong Club,Ike! Inachû takkyû-bu,tvSeries,1995,1995,30,"Animation,Comedy,Sport",7.6,188,0
2469,tt0374454,The SoulTaker,The SoulTaker,tvSeries,2001,2001,\N,"Action,Animation,Horror",5.8,188,0
2470,tt1227046,Shadow Star Narutaru,Narutaru: Mukuro naru hoshi tama taru ko,tvSeries,2003,2003,25,"Animation,Drama,Fantasy",6.2,188,0
2471,tt23874192,Dragons of Wonderhatch,Wonderhatch: Soratobu Ryu no Shima,tvSeries,2023,\N,45,"Action,Adventure,Animation",5.8,188,0
2472,tt8993334,25-sai No Joshikousei,25-sai no Joshikousei,tvMiniSeries,2018,2020,6,"Animation,Romance,Short",5.0,188,0
2473,tt34621609,Tasokare Hotel,Tasokare Hotel,tvSeries,2025,2025,\N,"Animation,Fantasy,Mystery",6.6,187,0
2474,tt0184693,Macron 1,Macron 1,tvSeries,1986,\N,\N,"Adventure,Animation,Sci-Fi",7.7,185,0
2475,tt0204034,Voltage Fighter Gowcaizer,Chojin gakuen Gowcaizer,tvMiniSeries,1996,1997,30,"Action,Animation,Sci-Fi",4.9,185,0
2476,tt1445868,"Hayate, the Combat Butler 2",Hayate no gotoku!!,tvSeries,2009,2009,24,"Action,Animation,Comedy",7.3,185,0
2477,tt14694762,Slow Loop,Slow Loop,tvSeries,2022,2022,24,"Animation,Drama,Sport",6.8,185,0
2478,tt4773360,Shura no Toki: Age of Chaos,Mutsu Enmei Ryu Gaiden: Shura no Toki,tvSeries,2004,2004,22,"Action,Animation,Comedy",7.6,185,0
2479,tt7126178,HeartCatch PreCure!,Hâtokyatchi Purikyua!,tvSeries,2010,2011,25,"Action,Adventure,Animation",8.0,185,0
2480,tt2781848,Mushibugyo,Mushibugyo,tvSeries,2013,2015,\N,"Adventure,Animation,Comedy",6.5,184,0
2481,tt5241080,Concrete Revolutio,Concrete Revolutio: Choujin Gensou,tvSeries,2015,2016,24,"Action,Adventure,Animation",5.8,184,0
2482,tt2623042,Photo Kano,Photo Kano,tvMiniSeries,2013,2013,24,"Animation,Drama,Romance",5.6,183,0
2483,tt35652446,Bad Girl,Baddo gâru,tvSeries,2025,2025,23,"Animation,Comedy",6.7,183,0
2484,tt4219136,THE IDOLM@STER CINDERELLA GIRLS,Aidorumasutâ Shinderera Gâruzu,tvSeries,2014,2015,24,"Animation,Comedy,Drama",6.3,183,0
2485,tt5905148,Momokuri,Momokuri,tvSeries,2015,\N,12,"Animation,Comedy",6.3,183,0
2486,tt9238088,Release the Spyce,Release the Spyce,tvSeries,2018,\N,24,"Action,Animation,Comedy",6.7,183,0
2487,tt1139447,Blue Drop,Blue Drop: Tenshi tachi no gikyoku,tvSeries,2007,2007,26,"Animation,Fantasy,Mystery",6.0,182,0
2488,tt3909838,Denki-Gai no Honya-san,Denki-Gai no Honya-san,tvSeries,2014,2014,24,"Animation,Comedy",6.6,182,0
2489,tt4621218,Go! Princess PreCure,Go! Princess PreCure,tvSeries,2015,2016,25,"Action,Adventure,Animation",7.6,182,0
2490,tt5461834,Ojisan and Marshmallow,Ojisan to Marshmallow,tvSeries,2016,\N,4,"Animation,Comedy,Romance",6.2,182,0
2491,tt7899522,Gegege no Kitaro,Gegege no Kitarô,tvSeries,2018,2020,23,"Action,Adventure,Animation",6.8,182,0
2492,tt0159932,Yawara! A Fashionable Judo Girl,Yawara!,tvSeries,1989,1992,25,"Action,Animation,Comedy",7.4,181,0
2493,tt10487750,Listeners,LISTENERS Risunâzu,tvSeries,2020,2020,24,"Adventure,Animation,Drama",5.3,181,0
2494,tt2904420,Makai Ouji: Devils and Realist,Makai Ouji: Devils and Realist,tvSeries,2013,2013,\N,"Animation,Comedy,History",6.4,181,0
2495,tt3399620,World Conquest Zvezda Plot,Sekai Seifuku: Bouryaku no Zvezda,tvMiniSeries,2014,2014,\N,"Animation,Comedy,Fantasy",6.2,181,0
2496,tt0288986,"Magical Emi, the Magic Star",Mahô no star magical Emi,tvSeries,1985,1986,24,"Animation,Comedy,Family",6.4,180,0
2497,tt0469846,Tokyo Revelation,Shin megami tensei: Tokyo mokushiroku,tvMiniSeries,1995,1995,55,"Animation,Fantasy,Horror",5.2,180,0
2498,tt1161657,H2O: Footprints in the Sand,H2O: Footprints in the Sand,tvSeries,2008,2008,\N,"Animation,Comedy,Drama",5.9,180,0
2499,tt2230531,Senki Zesshô Shinfogia,Senki Zesshô Shinfogia,tvSeries,2012,2012,25,"Action,Adventure,Animation",6.4,179,0
2500,tt3451740,Daimidaler: Prince vs Penguin Empire,Kenzen Robo Daimidaler,tvSeries,2014,2014,\N,"Action,Animation,Comedy",5.7,179,0
2501,tt1409059,Youth That Can Bloom,Hana sakeru seishônen,tvSeries,2009,2010,24,"Animation,Drama,Romance",7.2,178,0
2502,tt3124820,Rozen Maiden: Zurückspulen,Rozen Maiden,tvSeries,2013,\N,\N,"Animation,Comedy,Drama",6.8,178,0
2503,tt8631370,Gundam Build Divers,Gundam Build Divers,tvSeries,2018,2020,24,"Action,Animation,Comedy",6.5,178,0
2504,tt0108966,Tonde Buurin,Tonde Buurin,tvSeries,1994,1995,24,"Action,Adventure,Animation",6.7,177,0
2505,tt0421391,Demon Lord Dante,Maô Dante,tvSeries,2002,2002,35,"Animation,Fantasy,Horror",5.0,177,0
2506,tt0441824,Ninja Nonsense,Ninin ga shinobuden,tvSeries,2004,\N,24,"Animation,Comedy",7.0,177,0
2507,tt0462651,Mashin Hero Wataru,Mashin eiyûden Wataru,tvSeries,1988,1989,26,"Action,Adventure,Animation",7.4,177,0
2508,tt0476096,Legendary Brave Swordsman Yaiba,Kenyû Densetsu Yaiba,tvSeries,1993,1994,30,"Action,Adventure,Animation",7.2,177,0
2509,tt8503628,Katsugeki/Touken Ranbu,Katsugeki/Touken Ranbu,tvSeries,2017,2017,23,"Action,Adventure,Animation",6.2,177,0
2510,tt0103485,Mama Is a 4th Grader,Mama wa shôgaku yonensei,tvSeries,1992,1992,25,"Animation,Drama,Sci-Fi",7.6,176,0
2511,tt5567348,High School Fleet,Hai-Furi,tvSeries,2016,\N,\N,"Action,Animation,Drama",6.6,176,0
2512,tt0972751,Zegapain,Zegapain,tvSeries,2006,2006,\N,"Action,Animation,Romance",7.2,175,0
2513,tt1386580,Nyoron! Churuya-san,Nyorôn Churuya san,tvSeries,2009,2009,\N,"Animation,Comedy",5.6,175,0
2514,tt1528592,Tegami Bachi: Letter Bee,Tegamibachi,tvSeries,2009,2010,24,"Action,Adventure,Animation",7.0,175,0
2515,tt2073864,C³: C Cube,C³: C Cube,tvSeries,2011,2012,\N,"Action,Animation,Comedy",6.1,175,0
2516,tt5024410,Aria the Scarlet Ammo AA,Hidan no Aria AA,tvSeries,2015,2015,23,"Action,Animation,Comedy",5.6,175,0
2517,tt0084976,Aura Battler Dunbine,Seisenshi Dunbine,tvSeries,1983,1984,24,"Action,Adventure,Animation",7.0,174,0
2518,tt1323829,Linebarrels of Iron,Kurogane no rainbareru,tvSeries,2008,2009,23,"Action,Animation,Comedy",5.8,174,0
2519,tt4219158,Unlimited Fafnir,Juuou Mujin no Fafnir,tvSeries,2015,\N,24,"Animation,Fantasy,Romance",5.6,174,0
2520,tt5354314,Aokana: Four Rhythm Across the Blue,Ao No Kanata No Four Rhythm,tvMiniSeries,2016,2016,24,"Animation,Drama,Sci-Fi",6.4,174,0
2521,tt0272970,Starvengers,Gettâ robo Jî,tvSeries,1975,1976,30,"Animation,Sci-Fi",7.6,173,0
2522,tt0320828,Atashin' chi,Atashin' chi,tvSeries,2002,2009,20,"Animation,Comedy",7.8,173,0
2523,tt0387584,Shamanic Princess,Shamanic Princess,tvMiniSeries,1996,\N,60,"Animation,Fantasy,Romance",6.4,173,0
2524,tt0387702,Yu Yu Hakusho: Eizou Hakusho,Yû yû hakusho: eizô hakusho,tvMiniSeries,1994,1994,27,"Action,Adventure,Animation",6.8,173,0
2525,tt0839199,Mythical Detective Loki Ragnarok,Mythical Detective Loki Ragnarok,tvSeries,2003,\N,\N,"Animation,Comedy,Family",6.6,173,0
2526,tt0844490,Colorful,Karafuru,tvSeries,1999,1999,109,"Animation,Comedy",6.1,173,0
2527,tt1320362,Tsubasa: Spring Thunder Chronicle,Tsubasa: Shunraiki Zenpen,tvMiniSeries,2009,2009,\N,"Action,Adventure,Animation",7.5,173,0
2528,tt0294100,Hey! Bumbo,Hey! Bumbo,tvSeries,1985,1986,10,"Adventure,Animation,Drama",6.2,172,0
2529,tt0314017,Labyrinth of Flames,Honô no rabirinsu,tvSeries,2000,2000,60,"Animation,Fantasy",5.8,172,0
2530,tt0380115,Hello Kitty's Paradise,Hello Kitty,tvSeries,2000,2001,\N,"Animation,Family",6.1,172,0
2531,tt0433289,F-Zero GP Legend,F-Zero GP Legend,tvSeries,2003,2005,30,"Action,Adventure,Animation",6.8,172,0
2532,tt1592648,Miimu iro iro yume no tabi,Miimu iro iro yume no tabi,tvSeries,1983,1985,23,"Adventure,Animation,Family",8.3,172,0
2533,tt1740281,And Yet the Town Moves,Soredemo Machi wa Mawatteiru,tvSeries,2010,2010,24,"Animation,Comedy,Drama",7.3,172,0
2534,tt4760416,Utawarerumono: The False Faces,Utawarerumono: Itsuwari no kamen,tvSeries,2015,\N,24,"Action,Adventure,Animation",6.3,172,0
2535,tt0341765,Fighting Cooking Legend Bistro Recipe,Kakutou ryouri densetsu bistro recipe,tvSeries,2001,2003,\N,"Adventure,Animation,Comedy",6.4,171,0
2536,tt11834102,IDOLiSH7,IDOLiSH7,tvSeries,2017,\N,\N,"Animation,Comedy,Drama",7.0,171,0
2537,tt4845764,Sôya monogatari,Sôya monogatari,tvSeries,1984,1984,30,"Adventure,Animation",7.0,171,0
2538,tt8278998,Isekai Izakaya: Japanese Food from Another World,Isekai Izakaya: Koto Aitheria no Izakaya Nobu,tvSeries,2018,2018,15,"Animation,Fantasy",7.2,171,0
2539,tt0233857,Strange Love,Hen,tvMiniSeries,1997,1997,80,"Animation,Comedy,Romance",5.5,170,0
2540,tt1132206,Minami-ke: Okawari,Minami-ke: Okawari,tvSeries,2008,\N,24,"Animation,Comedy,Drama",6.6,170,0
2541,tt1256124,Area 88,Eria 88,tvSeries,2004,2004,23,"Action,Animation,Drama",6.9,170,0
2542,tt9510780,Endro~!,Endro~!,tvSeries,2019,\N,\N,"Adventure,Animation,Comedy",6.7,170,0
2543,tt1418477,First Love Limited,Hatsukoi rimitetto,tvSeries,2009,2009,24,"Animation,Comedy,Romance",7.1,169,0
2544,tt1556080,Futari wa Pretty Cure Splash Star,Futari wa purikyua: Splash Star,tvSeries,2006,2007,25,"Action,Adventure,Animation",7.1,169,0
2545,tt23812370,Giant Beasts of Ars,Ars no kyojû,tvSeries,2023,\N,24,"Action,Adventure,Animation",5.7,169,0
2546,tt34533412,"Captivated, by You","Muchu sa, kimi ni.",tvSeries,2025,2025,\N,"Animation,Comedy,Drama",7.1,169,0
2547,tt36593047,A Mangaka's Weirdly Wonderful Workplace,Egao no Taenai Shokuba Desu,tvSeries,2025,\N,\N,"Animation,Comedy",6.4,169,0
2548,tt39255171,Does it Count if You Lose Your Innocence to an Android?,Android wa Keiken Ninzuu ni Hairimasu ka??,tvSeries,2026,\N,\N,"Animation,Comedy,Romance",6.1,169,0
2549,tt6114326,Digimon Universe: App Monsters,Dejimon Yunibâsu Apuri Monsutâzu,tvSeries,2016,2017,24,"Action,Adventure,Animation",5.9,169,0
2550,tt0213329,Saban's Adventures of the Little Mermaid,Ningyo hime Marina no bôken,tvSeries,1991,\N,30,"Animation,Family,Fantasy",6.5,168,0
2551,tt10342048,Kyousogiga,Kyousogiga,tvSeries,2013,2013,25,"Action,Animation,Comedy",7.1,168,0
2552,tt2942194,BlazBlue: Alter Memory,BlazBlue: Alter Memory,tvSeries,2013,2013,23,"Action,Animation,Fantasy",5.3,168,0
2553,tt4084590,Emily of New Moon,Kaze no Shoujo Emily,tvSeries,2007,2007,25,"Animation,Drama,History",7.6,168,0
2554,tt5527048,Komori-san Can't Decline,Komori-san wa kotowarenai!,tvSeries,2015,2015,2,"Animation,Comedy,Short",5.6,168,0
2555,tt5620992,Uta no prince-sama - maji love 2000%,Uta no prince-sama - maji love 2000%,tvSeries,2013,\N,\N,"Animation,Music",6.4,168,0
2556,tt7164706,You and Me,Kimi to Boku,tvSeries,2011,2012,45,"Animation,Comedy,Drama",6.9,168,0
2557,tt0107589,Moldiver,Morudaibâ,tvSeries,1993,1993,30,"Action,Adventure,Animation",6.1,167,0
2558,tt0220381,Hyper Combat Unit Dangaioh,Haja taisei dangaio,tvMiniSeries,1987,1989,71,"Action,Animation,Fantasy",6.1,167,0
2559,tt0458218,Shin Tetsujin 28,Tetsujin nijûhachi-go,tvSeries,1980,1981,30,"Animation,Sci-Fi",7.4,167,0
2560,tt0462650,Madô kingu Granzort,Madô kingu Granzort,tvSeries,1989,1990,24,"Action,Adventure,Animation",8.0,167,0
2561,tt0978204,Sumomomo Momomo - The Strongest Bride on Earth,Sumomomo Momomo: Chijô Saikyô no Yome,tvSeries,2006,2007,\N,"Action,Animation,Comedy",6.5,167,0
2562,tt0983974,Night Head Genesis,Night Head Genesis,tvSeries,2006,2006,\N,"Animation,Drama,Horror",6.0,167,0
2563,tt13009190,Idoly Pride,Idoly Pride,tvSeries,2021,\N,23,"Animation,Drama,Fantasy",6.4,167,0
2564,tt4537640,Chaos Dragon,Chaos Dragon: Sekiryuu Sen'eki,tvSeries,2015,2015,\N,"Action,Animation,Fantasy",4.6,167,0
2565,tt6354120,Brave Witches,Brave Witches,tvSeries,2016,2017,23,Animation,6.2,167,0
2566,tt0876247,Shonen onmyoji,Shônen onmyôji,tvSeries,2006,2007,23,"Action,Animation,Comedy",6.9,166,0
2567,tt11954426,The Seven Heavenly Virtues,Nanatsu no Bitoku,tvMiniSeries,2018,2018,5,"Action,Adventure,Animation",5.1,166,0
2568,tt2466292,Mazinkaiser SKL,Majinkaiza: SKL,tvMiniSeries,2010,2011,27,"Action,Animation,Sci-Fi",6.4,166,0
2569,tt3104096,Walkure Romanze,Warukyûre romantse,tvSeries,2013,\N,23,"Animation,Romance,Sport",5.8,165,0
2570,tt38976904,The Daily Life of a Part-Time Torturer,Goumon Baito-kun no Nichijou,tvSeries,2026,\N,\N,"Animation,Comedy",5.1,165,0
2571,tt4623928,Show by Rock!!,Show by Rock!!,tvSeries,2015,\N,\N,"Animation,Comedy,Music",6.4,165,0
2572,tt6473260,The Urara of Labyrinth Town,Urara meirochô,tvSeries,2017,\N,24,"Animation,Comedy,Fantasy",6.5,165,0
2573,tt7829962,Ms. Koizumi Loves Ramen Noodles,Ramen Daisuki Koizumi-san,tvMiniSeries,2018,2018,22,"Animation,Comedy",6.5,165,0
2574,tt0305596,Gate Keepers,Gate Keepers,tvSeries,2000,2000,\N,"Action,Adventure,Animation",6.6,164,0
2575,tt0389633,The Galaxy Railways,Ginga tetsudô monogatari,tvSeries,2003,2004,\N,"Adventure,Animation,Drama",6.9,164,0
2576,tt0983977,Onegai My Melody,Onegai Mai merodi,tvSeries,2005,2006,\N,"Adventure,Animation,Comedy",7.2,164,0
2577,tt10978032,Kandagawa Jet Girls,Kandagawa Jet Girls,tvMiniSeries,2019,2020,24,"Action,Animation,Sport",5.9,164,0
2578,tt12299696,Tokyo Mew Mew New,Tokyo Mew Mew New,tvSeries,2022,2023,24,"Action,Adventure,Animation",6.1,164,0
2579,tt17422266,Galaxy Kickoff!!,Ginga e Kickoff,tvSeries,2012,2013,\N,"Animation,Sport",7.6,164,0
2580,tt21145478,Fate/Lord El-Melloi II's Case Files,Fate/Lord El-Melloi II's Case Files,tvMiniSeries,2018,2021,\N,"Animation,Horror,Mystery",6.7,164,0
2581,tt29514999,Paradox Live the Animation,Paradox Live the Animation,tvSeries,2023,\N,\N,"Animation,Drama,Music",5.7,164,0
2582,tt32332884,Red Cat Ramen,Ramen Akaneko,tvSeries,2024,2024,23,"Animation,Comedy,Fantasy",7.2,164,0
2583,tt0315011,Gun Frontier,Gun Frontier,tvSeries,2002,2002,25,"Action,Animation,Comedy",6.3,163,0
2584,tt0434723,Stellvia,Uchû no suteruvia,tvSeries,2003,2003,\N,"Adventure,Animation,Comedy",6.5,163,0
2585,tt1409064,Saki,Saki,tvSeries,2009,2009,24,"Animation,Comedy,Sport",6.7,163,0
2586,tt15660128,The Prince of Tennis II: U-17 World Cup,Shin Tennis no Ouji-sama: U-17 World Cup,tvSeries,2022,2022,24,"Animation,Drama,Sport",7.0,163,0
2587,tt2074028,Kamisama Dolls,Kamisama Dolls,tvSeries,2011,\N,\N,"Action,Animation,Drama",6.6,163,0
2588,tt0140645,Space Battleship Yamato II,Uchû senkan Yamato 2,tvSeries,1978,1979,30,"Action,Adventure,Animation",8.0,162,0
2589,tt0158772,Hades Project Zeorymer,Meiô Project Zeorymer,tvMiniSeries,1988,1990,30,"Action,Animation,Drama",5.9,162,0
2590,tt0171263,El-Hazard 2: The Magnificent World,El Hazard: The Magnificent World 2,tvSeries,1997,\N,30,"Animation,Fantasy",6.7,162,0
2591,tt0306365,Nintama Rantarô,Nintama Rantarô,tvSeries,1993,\N,10,"Action,Adventure,Animation",6.9,162,0
2592,tt0382477,SD Gundam Force,SD Gundam Force,tvSeries,2003,\N,25,"Animation,Comedy,Family",4.1,162,0
2593,tt1051943,Montana Jones,Montana Jones,tvSeries,1994,1995,30,"Adventure,Animation,Comedy",7.7,162,0
2594,tt2245880,AKB0048,AKB0048,tvMiniSeries,2012,2012,30,"Animation,Drama,Music",6.7,162,0
2595,tt31078645,Astro Note,Astro Note,tvSeries,2024,\N,\N,"Animation,Comedy,Romance",5.9,162,0
2596,tt8189276,Phantom in the Twilight,Phantom in the Twilight,tvSeries,2018,\N,\N,"Adventure,Animation,Drama",5.8,162,0
2597,tt0169928,Fushigi Yûgi: The Mysterious Play - Reflections OAV 2,Fushigi Yûgi: The Mysterious Play - Reflections OAV 2,tvMiniSeries,1997,\N,\N,"Adventure,Animation,Drama",6.9,161,0
2598,tt0877508,Jigoku sensei Nube,Jigoku sensei Nube,tvSeries,1996,1997,24,"Action,Animation,Comedy",7.1,161,0
2599,tt16148546,Shoot! Goal to the Future,Shoot! Goal to the Future,tvSeries,2022,\N,\N,"Animation,Sport",5.5,161,0
2600,tt3196730,The Pilot's Love Song,Toaru hikuushi e no koiuta,tvSeries,2014,2014,\N,"Action,Adventure,Animation",7.0,161,0
2601,tt6608398,Dream-Colored Pastry Chef,Yumeiro Patissiere,tvSeries,2009,2010,24,"Animation,Comedy,Drama",7.6,161,0
2602,tt0874001,Flag,Flag,tvSeries,2006,2007,\N,"Action,Animation,Sci-Fi",6.5,160,0
2603,tt19045110,Bucchigire!,Bucchigire!,tvSeries,2022,2022,24,"Action,Animation,Fantasy",5.8,160,0
2604,tt8774888,Planet With,Planet With,tvSeries,2018,2018,24,"Action,Animation,Sci-Fi",6.6,160,0
2605,tt2172914,Cube of Evil Spirits,Môryô no Hako,tvSeries,2008,\N,23,"Animation,Mystery,Thriller",6.4,159,0
2606,tt2263799,Phi Brain: Puzzle of God,Phi Brain: Puzzle of God,tvSeries,2011,\N,\N,"Action,Adventure,Animation",6.1,159,0
2607,tt32862795,The Insipid Prince's Furtive Grab for the Throne,Saikyô Degarashi Ôji no Anyaku Teî Arasoi,tvSeries,2026,\N,\N,"Action,Adventure,Animation",6.0,159,0
2608,tt41276835,"Heroine? Saint? No, I'm an All-Works Maid (And Proud of It)!","Heroine? Seijo? Iie, All Works Maid Desu (Ko)!",tvSeries,2026,\N,\N,"Animation,Comedy,Fantasy",6.6,159,0
2609,tt6188134,Teknoman,Teknoman,tvSeries,1995,1995,22,"Action,Animation,Drama",8.1,159,0
2610,tt6362756,Bloodivores,Shikong Shitu,tvSeries,2016,2016,\N,"Action,Animation,Horror",4.5,159,0
2611,tt7535706,Anime-Gataris,Anime-Gataris,tvSeries,2017,2017,23,"Animation,Comedy",6.2,159,0
2612,tt8020634,18If,18If,tvSeries,2017,2017,23,"Animation,Fantasy,Mystery",5.1,159,0
2613,tt0988923,Kin iro no koruda: Primo passo,Kin iro no koruda: Primo passo,tvSeries,2006,\N,24,"Animation,Comedy,Drama",6.9,158,0
2614,tt0243560,Silent Service,Chinmoku no Kantai,tvMiniSeries,1995,1998,96,"Action,Animation,War",6.5,157,0
2615,tt21598724,Tottemo! Luckyman,Tottemo! Luckyman,tvSeries,1994,1995,18,"Action,Animation,Comedy",8.3,157,0
2616,tt0159890,Magical Princess Minky Momo,Mahô no purinsesu Minkî Momo,tvSeries,1982,1983,25,"Animation,Comedy,Family",7.1,156,0
2617,tt0397192,Sakura Wars,Sakura taisen,tvSeries,2000,2000,24,"Action,Adventure,Animation",6.5,156,0
2618,tt0884847,Fist of the Blue Sky,Sôten no Ken,tvSeries,2006,2018,\N,"Action,Animation",6.4,156,0
2619,tt0983204,Popotan,Popotan,tvMiniSeries,2003,2003,\N,"Animation,Comedy,Drama",6.3,156,0
2620,tt12768008,D4DJ First Mix,D4DJ First Mix,tvSeries,2020,\N,\N,"Animation,Comedy,Music",7.1,156,0
2621,tt13749554,Fate/Grand Carnival,Fate/Grand Carnival,tvSeries,2020,2021,\N,Animation,6.7,156,0
2622,tt1470843,Aika Zero,Aika Zero,tvMiniSeries,2009,2009,26,"Action,Adventure,Animation",5.7,156,0
2623,tt32801156,Flower and Asura,"Hana wa Saku, Shura no Gotoku",tvSeries,2025,2025,\N,"Animation,Drama",6.4,156,0
2624,tt5338758,Luck & Logic,Luck & Logic,tvSeries,2016,2016,24,"Action,Animation,Fantasy",5.5,156,0
2625,tt0433717,Someday's Dreamers,Mahô tsukai ni taisetsu na koto,tvSeries,2003,\N,23,"Adventure,Animation,Drama",6.5,155,0
2626,tt13084120,Azur Lane: Slow Ahead!,Azur Lane: Bisoku Zenshin!,tvSeries,2021,\N,\N,"Animation,Comedy,Romance",5.9,155,0
2627,tt5535154,Bakuon!!,Bakuon!!,tvSeries,2016,2016,\N,"Animation,Comedy,Drama",6.5,155,0
2628,tt5877116,Endride,Endride,tvSeries,2016,2016,23,"Adventure,Animation,Fantasy",5.4,154,0
2629,tt9730868,Grisaia: Phantom Trigger,Gurizaia: Fuantomu Torigaa,tvMiniSeries,2019,2020,90,"Action,Animation,Drama",5.9,154,0
2630,tt0102230,Here Is Greenwood,Koko wa Gurînuddo,tvMiniSeries,1991,1993,30,"Animation,Comedy,Romance",7.0,153,0
2631,tt0447579,Ashita No Nadja,Ashita no Nadja,tvSeries,2003,2004,25,"Adventure,Animation,Comedy",7.3,153,0
2632,tt1144841,Kimikiss: Pure Rouge,Kimikisu: Pyua rûju,tvSeries,2007,2008,24,"Animation,Comedy,Drama",6.7,153,0
2633,tt13898130,Girls' Frontline,Dolls' Frontline,tvSeries,2022,2022,\N,"Action,Animation,Sci-Fi",5.4,153,0
2634,tt0294098,Hello! Lady Lynn,Hello! Lady Lynn,tvSeries,1988,1989,24,"Animation,Drama",7.4,152,0
2635,tt0758422,Super GALS!,Sûpâ Gyaruzu! Kotobuki Ran,tvSeries,2001,2010,25,"Animation,Comedy,Drama",6.8,152,0
2636,tt15811920,Futsal Boys!!!!!,Futsal Boys!!!!!,tvSeries,2022,\N,\N,"Animation,Sport",5.6,152,0
2637,tt3358426,Nobunaga the Fool,Nobunaga za fûru,tvSeries,2014,2014,\N,"Action,Animation,Fantasy",6.1,152,0
2638,tt6994648,Saiyuki Reload Blast,Saiyuki Reload Blast,tvSeries,2017,2017,23,"Action,Adventure,Animation",7.0,152,0
2639,tt1000946,eX-Driver,Ekusu doraibâ,tvMiniSeries,2000,2001,24,"Action,Animation,Sci-Fi",6.3,151,0
2640,tt28772401,Protocol: Rain,Bokura no Ameiro Protocol,tvSeries,2023,\N,\N,"Action,Animation,Sport",5.4,151,0
2641,tt29338030,Kinnikuman: Perfect Origin Arc,Kinnikuman Kanpeki Chôjin Shiso-hen,tvSeries,2024,\N,24,"Action,Adventure,Animation",6.2,151,0
2642,tt7899036,Slow Start,Slow Start,tvSeries,2018,\N,23,"Animation,Comedy,Drama",6.3,151,0
2643,tt0112028,Saint Tail,Kaitou Saint Tail,tvSeries,1995,1996,20,"Adventure,Animation,Romance",7.6,150,0
2644,tt1456228,"Hello, Anne (Before Green Gables)",Kon'nichiwa An: Bifô Guriin Gêburusu,tvSeries,2009,2009,20,"Animation,Drama,History",7.9,150,0
2645,tt0278864,Hyper Police,Haipa porisu,tvSeries,1997,1997,\N,"Action,Animation,Comedy",7.6,149,0
2646,tt0476623,Mouse,Mouse,tvMiniSeries,2003,2003,\N,"Action,Adventure,Animation",5.8,149,0
2647,tt1409053,Asura Cryin',Asura kurain,tvSeries,2009,2009,\N,"Action,Animation,Comedy",6.1,149,0
2648,tt15077804,Obey Me!,Obey Me!,tvSeries,2021,2022,\N,"Animation,Comedy,Fantasy",6.2,149,0
2649,tt33319004,4-Week Lovers,4-ju Aein,tvMiniSeries,2023,2023,\N,"Animation,Comedy,Romance",6.8,149,0
2650,tt36272586,Unexpectedly Naughty Fukami,Unexpectedly Naughty Fukami,tvSeries,2025,2025,56,"Animation,Drama,Romance",6.6,149,0
2651,tt5330582,Spirit Blade Mountain,Reikenzan: Hoshikuzu-tachi no Utage,tvSeries,2016,\N,\N,"Animation,Comedy,Fantasy",6.5,149,0
2652,tt5419220,Kagewani,Kagewani,tvSeries,2015,2016,7,"Animation,Horror,Short",6.2,149,0
2653,tt6844136,Hinako Note,Hinako Note,tvSeries,2017,2017,23,"Animation,Comedy",6.4,149,0
2654,tt0167012,Ayane's High Kick,Ayane-chan hai kikku!,tvMiniSeries,1996,\N,60,"Action,Animation,Comedy",5.7,148,0
2655,tt0296367,Judo Boy,Kurenai Sanshiro,tvSeries,1969,1969,24,"Action,Adventure,Animation",6.8,148,0
2656,tt15202816,Love All Play,Rabu Oru Pure,tvSeries,2022,\N,23,"Animation,Sport",6.3,148,0
2657,tt2390066,Teekyu,Teekyû,tvSeries,2012,2017,2,"Animation,Comedy,Short",6.1,148,0
2658,tt9286928,Muhyo to Rouji no Mahouritsu Soudan Jimusho,Muhyo to Rouji no Mahouritsu Soudan Jimusho,tvSeries,2018,\N,\N,"Animation,Comedy,Mystery",6.5,148,0
2659,tt0158569,Crusher Joe The OVAs,Kurasshâ Jô,tvMiniSeries,1989,1989,\N,"Action,Animation,Sci-Fi",6.9,147,0
2660,tt0302166,Princess Nine,Princess Nine kisaragi joshi kou yakuu-bu,tvSeries,1998,1998,\N,"Animation,Drama,Family",7.6,147,0
2661,tt1068915,Girl's High,Joshi kôsei,tvMiniSeries,2006,2006,\N,"Animation,Comedy,Drama",6.1,147,0
2662,tt3103208,We Without Wings: Under the Innocent Sky,Ore-tachi ni Tsubasa wa Nai,tvSeries,2011,2011,24,"Animation,Comedy,Drama",5.5,147,0
2663,tt3451870,Captain Earth,Captain Earth,tvSeries,2014,2014,24,"Action,Animation,Romance",6.0,147,0
2664,tt0127373,8th Man,8th Man,tvSeries,1965,\N,30,"Animation,Sci-Fi",6.5,146,0
2665,tt0143007,The King of the Braves GaoGaiGar,Yûsha ô Gaogaigar,tvSeries,1997,1998,\N,"Action,Adventure,Animation",7.2,146,0
2666,tt0224528,Soul Hunter,Senkaiden Hôshin engi,tvSeries,1999,1999,24,"Action,Adventure,Animation",6.8,146,0
2667,tt0444994,Buttobi CPU,Buttobi CPU,tvMiniSeries,1997,1997,90,"Action,Animation,Comedy",6.7,146,0
2668,tt1090280,Tales of Symphonia: The Animation,Tales of Symphonia: The Animation,tvMiniSeries,2007,2012,40,"Animation,Fantasy",6.8,146,0
2669,tt29201691,Firefighter Daigo: Rescuer in Orange,Megumi no Daigo: Kyuukoku no Orange,tvSeries,2023,\N,\N,"Action,Animation,Drama",6.0,146,0
2670,tt34621220,Farmagia,Farmagia,tvSeries,2025,2025,\N,"Action,Adventure,Animation",4.8,146,0
2671,tt5925320,The King of Fighters: Another Day,The King of Fighters: Another Day,tvMiniSeries,2005,\N,\N,"Action,Animation,Short",6.2,146,0
2672,tt0192903,Jubei-chan: The Ninja Girl,Jûbei-chan Lovely gantai no himitsu,tvSeries,1999,2004,25,"Action,Adventure,Animation",7.3,145,0
2673,tt0989781,Disgaea,Makai senki disgaea,tvSeries,2006,\N,\N,"Action,Animation,Comedy",5.8,145,0
2674,tt0997137,Space Carrier Blue Noah,Uchu Kubo Blue Noah,tvSeries,1979,1980,25,"Action,Adventure,Animation",7.6,145,0
2675,tt3752494,Goku sayonara zetsubô sensei,Goku sayonara zetsubô sensei,tvSeries,2008,2009,\N,"Animation,Comedy,Drama",7.7,145,0
2676,tt39551287,A Livid Lady's Guide to Getting Even: How I Crushed My Homeland with My Mighty Grimoires,Buchigire Reijou wa Houfuku wo Chikaimashita. Madousho no Chikara de Sokoku wo Tataki Tsubushimasu,tvSeries,2026,\N,\N,"Animation,Drama,Fantasy",6.9,145,0
2677,tt9135316,Senran Kagura Shinovi Master: Tokyo Yoma-hen,Senran Kagura Shinovi Master: Tokyo Yoma-hen,tvMiniSeries,2018,2018,30,"Action,Animation,Comedy",5.6,145,0
2678,tt0121799,Tekkaman Blade II,Uchû no kishi Tekkaman Blade II,tvMiniSeries,1994,1994,30,"Adventure,Animation,Drama",7.0,144,0
2679,tt0286637,Fushigi Yûgi: The Mysterious Play - Eikoden,Fushigi Yûgi: The Mysterious Play - Reflections OAV 3,tvMiniSeries,2001,2002,\N,"Action,Adventure,Animation",6.4,144,0
2680,tt2255264,Upotte!!,Upotte!!,tvSeries,2012,2012,\N,"Action,Animation,Comedy",5.9,144,0
2681,tt2391164,World War Blue,Aoi Sekai no Chushin de,tvSeries,2012,\N,23,"Action,Animation,Fantasy",4.9,144,0
2682,tt7127518,Mobile Suit Gundam MS IGLOO: Apocalypse 0079,Kido Senshi Gundam MS IGLOO: Mokushiroku 0079,tvMiniSeries,2006,2006,27,"Action,Animation,Drama",6.0,144,0
2683,tt0105987,Dragon Warrior,Doragon kuesuto,tvSeries,1989,1991,22,"Action,Adventure,Animation",7.5,143,0
2684,tt0385396,Daigunder,Daigundâ,tvSeries,2002,2002,30,"Adventure,Animation,Fantasy",8.1,143,0
2685,tt0109143,801 T.T.S. Airbats,Aozora shôjotai,tvSeries,1994,1996,25,"Action,Animation,Comedy",6.5,142,0
2686,tt0290282,Saber Marionette J Again,Saber Marionette J Again,tvMiniSeries,1997,1998,50,"Action,Animation,Comedy",7.2,142,0
2687,tt0475192,Figure 17,Figure 17 Tsubasa & Hikaru,tvSeries,2001,2002,46,"Adventure,Animation,Drama",7.1,142,0
2688,tt0896540,Ghost Talker's Daydream,Ghost Talker's Daydream,tvMiniSeries,2004,2004,24,"Animation,Comedy,Drama",5.7,142,0
2689,tt1192173,Bus Gamer,Bus Gamer,tvMiniSeries,2008,\N,23,"Action,Animation",5.3,142,0
2690,tt1411810,Good Luck! Ninomiya-kun,Goshûshô sama Ninomiya kun,tvMiniSeries,2007,2007,24,"Animation,Comedy,Fantasy",5.8,142,0
2691,tt5878200,BATTERY the animation,Batterî,tvSeries,2016,2016,22,"Animation,Drama,Sport",5.5,142,0
2692,tt0188327,Cyborg 009,Saibôgu 009,tvSeries,1979,1980,25,"Action,Adventure,Animation",7.3,141,0
2693,tt0294235,Dino Mech Gaiking,Daikû maryû Gaiking,tvSeries,1976,1980,30,"Adventure,Animation,Sci-Fi",7.2,141,0
2694,tt0331581,Amazing Nurse Nanako,Nanako kaitai shinsyo,tvMiniSeries,1999,2000,30,"Animation,Comedy",5.2,141,0
2695,tt0331810,1+2 = paradaisu,1+2 = paradaisu,tvMiniSeries,1990,1990,60,"Animation,Comedy,Romance",4.9,141,0
2696,tt15568964,Hantsu x Trash,Hantsu x Trash,tvMiniSeries,2015,2016,45,"Animation,Comedy,Romance",5.2,141,0
2697,tt1679436,Mayoi neko overrun!,Mayoi neko overrun!,tvSeries,2010,2010,\N,"Animation,Comedy,Fantasy",5.7,141,0
2698,tt5532808,This Boy Is a Professional Wizard,"Kono danshi, mahô ga oshigoto desu",tvMiniSeries,2016,2016,8,"Animation,Fantasy,Romance",6.7,141,0
2699,tt0320874,Monster Kid,Kaibutsu-kun,tvSeries,1980,1982,25,"Animation,Comedy,Family",6.8,140,0
2700,tt0498448,Starship Operators,Stâshippu operêtâzu,tvSeries,2005,2005,25,"Animation,Drama,Sci-Fi",6.6,140,0
2701,tt1339394,Master of Martial Hearts,Zettai shôgeki: Puratonikku hâto - Hashiridasu shukumei,tvMiniSeries,2008,2009,30,"Action,Animation,Comedy",4.0,140,0
2702,tt32592756,Sakuna: Of Rice and Ruin,Tensui no Sakuna-hime,tvSeries,2024,2024,24,"Action,Adventure,Animation",6.1,140,0
2703,tt3417880,Wizard Barristers: Benmashi Cecil,Wizard Barristers: Benmashi Cecil,tvSeries,2014,2014,25,"Animation,Crime,Fantasy",6.1,140,0
2704,tt5921946,Cheer Boys!!,Cheer Danshi!,tvSeries,2016,\N,24,"Animation,Drama,Sport",6.4,140,0
2705,tt6356114,Crayon Shinchan: Spin-off,Crayon Shin-chan Gaiden: Alien vs. Shinnosuke,tvSeries,2016,2017,\N,"Animation,Comedy",6.6,140,0
2706,tt0236924,Mrs. Sazae,Sazae-san,tvSeries,1969,\N,30,"Animation,Comedy,Family",6.0,139,0
2707,tt0328788,Power Stone,Power Stone,tvSeries,1999,1999,25,"Action,Adventure,Animation",6.6,139,0
2708,tt0346414,Tenshi na konamaiki,Tenshi na konamaiki,tvSeries,2002,\N,24,"Animation,Comedy,Drama",7.2,139,0
2709,tt1132204,Hero Tales,Jûshin enbu,tvSeries,2007,2008,\N,"Action,Adventure,Animation",6.5,139,0
2710,tt1159864,Magical Girl Lyrical Nanoha A's,Mahou Shoujo Lyrical Nanoha A's,tvSeries,2005,2005,\N,"Action,Animation,Fantasy",7.5,139,0
2711,tt12471116,Pokétoon,Pokétoon,tvSeries,2020,2026,\N,"Action,Adventure,Animation",7.3,139,0
2712,tt14134436,RPG Real Estate,RPG Fudousan,tvSeries,2022,\N,\N,"Animation,Comedy,Fantasy",6.2,139,0
2713,tt37015024,Young Ladies Don't Play Fighting Games,Tai Ari Deshita: Ojo-sama wa Kakuto Game Nante Shinai,tvSeries,2026,\N,\N,"Animation,Comedy,Romance",7.0,139,0
2714,tt6562012,Student Council's Discretion,Seitokai no Ichizon,tvSeries,2009,2012,24,"Animation,Comedy,Drama",6.2,139,0
2715,tt7121336,Stars That Stick Together,Kuttsukiboshi,tvMiniSeries,2010,2012,20,"Animation,Romance,Short",6.0,139,0
2716,tt0320922,Pokonyan,Pokonyan,tvSeries,1993,1995,10,Animation,6.3,138,0
2717,tt1186591,Tactics,Tactics,tvSeries,2004,\N,\N,"Action,Adventure,Animation",6.5,138,0
2718,tt2180201,UFO Baby,UFO Baby,tvSeries,1998,2002,25,"Animation,Comedy,Sci-Fi",7.5,138,0
2719,tt0297536,Cosmo Warrior Zero,Cosmo Warrior Zero,tvSeries,2001,\N,25,"Action,Adventure,Animation",6.3,137,0
2720,tt1224487,The Third: The Girl with the Blue Eye,The Third: Aoi hitomi no shoujo,tvSeries,2006,\N,30,"Action,Adventure,Animation",6.7,137,0
2721,tt8278692,Fumikiri Jikan,Fumikiri Jikan,tvSeries,2018,\N,3,"Animation,Comedy",6.0,137,0
2722,tt0159394,The Dark Myth,Ankoku shinwa,tvMiniSeries,1990,\N,100,"Animation,Fantasy,Horror",5.3,136,0
2723,tt0346285,Neighborhood Story,Gokinjo monogatari,tvSeries,1995,1996,25,"Animation,Romance",7.4,136,0
2724,tt11296252,A Destructive God Sits Next to Me,A Destructive God Sits Next to Me,tvSeries,2020,2020,\N,"Animation,Comedy",5.4,136,0
2725,tt1233538,Strain: Strategic Armored Infantry,Sôkô no sutorein,tvSeries,2006,2007,\N,"Action,Animation,Drama",6.2,136,0
2726,tt2304700,Very Private Lesson,Kyokasho ni nai!,tvMiniSeries,1998,1998,40,"Animation,Comedy,Short",5.2,136,0
2727,tt2703708,Majestic Prince,Ginga Kikoutai: Majestic Prince,tvSeries,2013,\N,24,"Animation,Sci-Fi",6.7,136,0
2728,tt2904028,Genshiken: Second Generation,Genshiken Nidaime,tvSeries,2013,2013,\N,"Animation,Comedy",6.7,136,0
2729,tt3196320,Gingitsune,Gingitsune,tvMiniSeries,2013,2013,\N,"Animation,Comedy,Drama",6.9,136,0
2730,tt0167014,Babel II: Perfect Collection,Babel nisei,tvMiniSeries,1992,1992,30,"Action,Animation",6.1,135,0
2731,tt0352037,"The Adventures of Pepero, Son of the Andes",Andesu shônen Pepero no bôken,tvSeries,1975,1976,24,"Action,Adventure,Animation",7.5,135,0
2732,tt0421455,New Getter Robo,Shin Gettâ robo,tvSeries,2004,2004,25,"Animation,Horror,Sci-Fi",7.1,135,0
2733,tt1190620,Kenkô zenrakei suieibu umishô,Kenkô zenrakei suieibu umishô,tvSeries,2007,2007,25,"Animation,Comedy,Romance",6.6,135,0
2734,tt15128210,AMAIM Warrior at the Borderline,Kyoukai Senki,tvSeries,2021,2022,\N,"Action,Animation,Sci-Fi",5.8,135,0
2735,tt31390266,TASUKETSU -Fate of the Majority-,Tasûketsu,tvSeries,2024,\N,23,"Action,Animation,Drama",4.3,135,0
2736,tt5648400,Cerberus,Seisen Cerberus: Ryûkoku no Fatalité,tvSeries,2016,\N,24,"Adventure,Animation,Fantasy",5.4,135,0
2737,tt0159894,Future Robot Daltanious,Mirai Robo Daltanious,tvSeries,1979,1980,25,"Action,Adventure,Animation",7.3,134,0
2738,tt0277072,Armor Hunter Merowlink,Kikô ryôhei Merôrinku,tvSeries,1988,1989,30,"Animation,Sci-Fi",7.4,134,0
2739,tt1155605,A Little Snow Fairy Sugar,Chicchana yuki tsukai Shugâ,tvSeries,2001,2003,\N,"Adventure,Animation,Comedy",7.0,134,0
2740,tt12362302,Hypnosis Mic: Division Rap Battle - Rhyme Anima,Hypnosis Mic: Division Rap Battle - Rhyme Anima,tvSeries,2020,2023,\N,"Action,Animation,Music",5.0,134,0
2741,tt1815065,Heroman,Heroman,tvSeries,2010,\N,\N,"Action,Animation,Sci-Fi",6.3,134,0
2742,tt5814872,Antique Bakery,Seiyô kottô yôgashiten: Antîku,tvMiniSeries,2008,2008,22,"Animation,Comedy,Romance",6.7,134,0
2743,tt10044772,Joshi Kausei,Joshi Kausei,tvSeries,2019,\N,15,"Animation,Comedy",5.3,133,0
2744,tt1215542,Allison & Lillia,Arison to Riria,tvSeries,2008,2008,24,"Action,Adventure,Animation",7.1,133,0
2745,tt14876760,Isekai Maou to Shoukan Shoujo no Dorei Majutsu: Omega Mini Anime,Isekai Maou to Shoukan Shoujo no Dorei Majutsu: Omega Mini Anime,tvMiniSeries,2021,2021,\N,"Animation,Comedy,Fantasy",6.4,133,0
2746,tt3221274,Glass Mask,Garasu no kamen,tvSeries,2005,2006,23,"Animation,Drama,Romance",7.7,133,0
2747,tt5657836,Anne Happy,Anne Happy,tvSeries,2016,2016,24,"Animation,Comedy,Drama",6.6,133,0
2748,tt5671172,"Three Leaves, Three Colors",Sansha san'yô,tvSeries,2016,2016,24,"Animation,Comedy",6.5,133,0
2749,tt7814540,Maerchen Maedchen,Meruhen Medohen,tvSeries,2018,\N,23,"Animation,Comedy,Fantasy",4.0,133,0
2750,tt0433504,Otogi Zoshi,Otogi zôshi,tvSeries,2004,2005,23,"Action,Animation,Fantasy",6.7,132,0
2751,tt0983967,Inukami!,Inukami!,tvSeries,2006,2006,23,"Animation,Comedy,Fantasy",6.7,132,0
2752,tt14206996,The Legend of Heroes: Trails of Cold Steel - Northern War,The Legend of Heroes: Sen no Kiseki - Northern War,tvSeries,2023,\N,23,"Action,Adventure,Animation",5.4,132,0
2753,tt0169927,Fushigi Yûgi: The Mysterious Play OVA 1,Fushigi Yûgi: Memories First OAV,tvMiniSeries,1996,1996,75,"Adventure,Animation,Drama",6.6,131,0
2754,tt0994706,Zoids Genesis,Zoids Genesis,tvSeries,2005,2006,24,"Adventure,Animation,Sci-Fi",7.6,131,0
2755,tt1556079,Futari Wa Pretty Cure Max Heart,Futari wa purikyua: Max Heart,tvSeries,2005,2006,25,"Action,Adventure,Animation",6.6,131,0
2756,tt15978968,Miss Shachiku and the Little Baby Ghost,Shachiku-san wa Yôjo-yûrei ni iyasaretai.,tvSeries,2022,\N,23,"Animation,Comedy,Fantasy",6.7,131,0
2757,tt2207257,Tokimeki Tonight,Tokimeki Tonight,tvSeries,1982,1983,25,"Animation,Comedy,Fantasy",7.5,131,0
2758,tt28524965,Bakugan,Bakugan,tvSeries,2023,2024,24,"Action,Adventure,Animation",5.8,131,0
2759,tt0398617,Zoids: Fuzors,Zoids Fuzors,tvSeries,2003,2005,30,"Action,Adventure,Animation",6.0,130,0
2760,tt1584002,Okamikakushi ~ Masque of the Wolf,Ôkami kakushi,tvSeries,2010,\N,25,"Action,Adventure,Animation",5.6,130,0
2761,tt2078640,I''s Pure,I''s Pure,tvMiniSeries,2005,2006,150,"Adventure,Animation,Drama",6.3,130,0
2762,tt2891516,Puchi Eva: Evangelion@School,Puchi Eva: Evangelion@School,tvMiniSeries,2007,2009,\N,"Animation,Comedy,Sci-Fi",4.6,130,0
2763,tt29475583,KamiErabi God.app,Kamierabi,tvSeries,2023,2024,\N,"Action,Animation,Thriller",4.5,130,0
2764,tt5776342,Hanada Shonen-shi,Hanada Shonen-shi,tvSeries,2002,2003,\N,"Animation,Comedy,Drama",8.0,130,0
2765,tt0182562,Super Life-Form Transformers: Beast Wars Neo,Chô semeitai Transformer: Beast Wars Neo,tvSeries,1999,1999,30,"Action,Animation,Fantasy",7.0,129,0
2766,tt0294399,Bounty Dog,Baunti doggu,tvMiniSeries,1994,1994,60,"Action,Animation,Sci-Fi",5.8,129,0
2767,tt0993981,Binchou-tan,Binchô tan,tvSeries,2006,2006,\N,"Animation,Comedy",7.6,129,0
2768,tt23862502,Hirogaru Sky! Precure,Hirogaru sukai! Purikyua,tvSeries,2023,2024,25,"Action,Adventure,Animation",6.9,129,0
2769,tt34852961,You and Idol Precure,Kimi to Idol Precure,tvSeries,2025,2026,23,"Action,Adventure,Animation",7.4,129,0
2770,tt0158632,Genesis Survivor Gaiarth,Sosei kishi Gaiasu,tvMiniSeries,1992,1993,50,"Adventure,Animation,Fantasy",6.2,128,0
2771,tt0185825,The Tales of the Knights of the Round Table: King Arthur,Entaku no kishi monogatari: Moero Arthur,tvSeries,1979,1980,20,"Adventure,Animation,Drama",7.4,128,0
2772,tt0288991,Sally the Witch,Mahô tsukai Sarî,tvSeries,1966,1968,25,"Animation,Comedy,Fantasy",6.5,128,0
2773,tt7127562,Mobile Suit Gundam MS IGLOO: Gravity Front,Mobile Suit Gundam MS IGLOO: Gravity Front,tvMiniSeries,2008,2009,30,"Action,Animation,Drama",5.7,128,0
2774,tt7826102,Cutie Honey Universe,Cutie Honey Universe,tvSeries,2018,2018,23,"Action,Animation,Comedy",5.7,128,0
2775,tt7829656,Katana Maidens,Katana Maidens,tvSeries,2018,\N,23,"Action,Adventure,Animation",5.8,128,0
2776,tt0238998,Geobreeders,Geobreeders: File-X Chibi Neko Dakkan,tvMiniSeries,1998,2001,30,"Action,Animation,Comedy",6.5,127,0
2777,tt0294180,High School! Kimengumi,Haisukûru! Kimengumi,tvSeries,1985,1987,25,"Animation,Comedy,Romance",6.8,127,0
2778,tt0300877,Little Women,Wakakusa monogatari yori wakakusa no yonshimai,tvSeries,1981,1981,24,"Animation,Drama,Family",7.3,127,0
2779,tt0411041,The World of Narue,Narue no sekai,tvSeries,2003,2004,\N,"Animation,Comedy,Romance",6.7,127,0
2780,tt0965544,Angel Heart,Angel Heart,tvSeries,2005,2006,\N,"Action,Animation,Comedy",6.8,127,0
2781,tt10147790,Mix: Meisei Story,Mix: Meisei Story,tvSeries,2019,\N,23,"Animation,Drama,Romance",7.0,127,0
2782,tt1740906,Fortune Arterial: Red Promise,Fortune Arterial: Akai yakusoku,tvSeries,2010,2010,24,"Animation,Comedy,Drama",6.3,127,0
2783,tt2595478,GJ-bu,GJ-bu,tvSeries,2013,2014,\N,"Animation,Drama,Romance",6.4,127,0
2784,tt30608459,Wonderful Precure!,Wandafuru Purikyua!,tvSeries,2024,2025,25,"Action,Adventure,Animation",6.7,127,0
2785,tt3950066,In Search of the Lost Future,Ushinawareta Mirai wo Motomete,tvSeries,2014,2015,23,"Animation,Drama,Mystery",6.2,127,0
2786,tt7725942,Rokuhoudou Yotsuio Biyori,Rokuhoudou Yotsuio Biyori,tvSeries,2018,2018,23,"Animation,Comedy,Drama",7.4,127,0
2787,tt9575040,Girly Air Force,Gârî Ea Fôsu,tvSeries,2019,2019,25,"Animation,Comedy,Romance",5.9,127,0
2788,tt0083494,Thunderbirds 2086,Thunderbirds 2086,tvSeries,1982,1982,30,"Action,Adventure,Animation",6.7,126,0
2789,tt0486952,Da Capo,D.C.: Da capo,tvSeries,2003,2003,598,"Animation,Comedy,Drama",5.7,126,0
2790,tt11157604,Africa No Salaryman,Africa no Salaryman,tvSeries,2019,\N,\N,"Animation,Comedy",5.8,126,0
2791,tt1304991,The Ultraman,Za Urutoraman,tvSeries,1979,1980,30,"Action,Adventure,Animation",6.7,126,0
2792,tt2314706,Oishi High School Battle,Oishi High School Battle,tvSeries,2012,2014,\N,"Action,Animation,Comedy",5.2,126,0
2793,tt4219166,The Rolling Girls,Roringu garuzu,tvMiniSeries,2015,2015,23,"Adventure,Animation,Comedy",5.9,126,0
2794,tt5066074,Classroom Crisis,Classroom Crisis,tvSeries,2015,\N,\N,"Animation,Drama,Sci-Fi",6.3,126,0
2795,tt5170006,The Reflection,The Reflection,tvMiniSeries,2017,2017,30,Animation,5.0,126,0
2796,tt6912372,ViVid Strike!,ViVid Strike!,tvSeries,2016,2017,24,"Action,Animation,Comedy",6.2,126,0
2797,tt9278360,Anima Yell!,Anima êru!,tvSeries,2018,\N,23,"Animation,Comedy,Sport",6.7,126,0
2798,tt0257294,Betterman,Betaman: Betterman,tvSeries,1999,1999,25,"Action,Adventure,Animation",6.3,125,0
2799,tt0266035,Weather Report Girl,Otenki onêsan,tvMiniSeries,1995,1995,45,"Animation,Comedy",5.8,125,0
2800,tt0407446,Shadow Skill - Eigi,Shadow Skill - Eigi,tvSeries,1998,\N,25,"Action,Adventure,Animation",6.6,125,0
2801,tt0446257,"Zone of the Enders: Dolores, i","Z.O.E Dolores, i",tvSeries,2001,2001,\N,"Action,Adventure,Animation",7.2,125,0
2802,tt0991050,Kirarin Revolution,Kirarin Revolution,tvSeries,2006,2007,\N,"Animation,Comedy,Family",6.4,125,0
2803,tt1183366,My Santa,Itsudatte my Santa,tvMiniSeries,2005,\N,55,"Animation,Comedy,Romance",5.4,125,0
2804,tt13027558,"Farewell, My Dear Cramer",Sayonara Watashi no Cramer,tvSeries,2021,2021,\N,"Animation,Sport",6.1,125,0
2805,tt32044229,Tonari no Yokai-san,Tonari no Yôkai-san,tvSeries,2024,\N,24,"Animation,Fantasy",6.6,125,0
2806,tt0493328,Hanaukyo Maid Team,Hanaukyô meido-tai,tvSeries,2001,2001,15,"Animation,Comedy,Romance",6.1,124,0
2807,tt0791208,Neo Ranga,Neo Ranga,tvSeries,1998,1999,15,"Action,Adventure,Animation",6.4,124,0
2808,tt13721276,Tropical-Rouge! Pretty Cure,Toropikarûju! Purikyua,tvSeries,2021,2022,25,"Action,Adventure,Animation",7.3,124,0
2809,tt1576820,Patapata hikousen no bouken,Patapata hikousen no bouken,tvSeries,2002,2002,26,"Adventure,Animation,Drama",8.2,124,0
2810,tt1980688,Sacred Seven,Seikuriddo sebun,tvSeries,2011,2011,\N,"Action,Animation,Sci-Fi",5.8,124,0
2811,tt5650082,The Landlord is in Puberty,Ooya-san wa shishunki!,tvSeries,2016,2016,2,"Animation,Comedy",5.9,124,0
2812,tt9795222,Ikki Tousen: Western Wolves,Ikki Tousen: Western Wolves,tvMiniSeries,2019,2019,\N,"Action,Animation,Fantasy",6.7,124,0
2813,tt0176515,Battle Athletes,Battle Athletes,tvMiniSeries,1997,1998,195,"Action,Animation,Comedy",6.1,123,0
2814,tt0239361,Eat-Man,Eat-Man,tvSeries,1997,1997,24,"Action,Adventure,Animation",6.4,123,0
2815,tt0249410,Brain Powerd,Brain Powerd,tvSeries,1998,1998,30,"Action,Adventure,Animation",5.1,123,0
2816,tt11100658,Gundam Build Divers Re: Rise,Gundam Build Divers Re: Rise,tvSeries,2019,2020,24,"Action,Adventure,Animation",6.8,123,0
2817,tt36131958,Fermat Kitchen,Fermat no Ryori,tvSeries,2025,2025,\N,"Animation,Drama",6.7,123,0
2818,tt3620020,The File of Young Kindaichi Returns,Kindaichi Shounen no Jikenbo Returns,tvSeries,2012,2016,24,"Animation,Mystery",7.2,123,0
2819,tt5326434,Girls Beyond the Wasteland,Shôjo-tachi wa kôya o mezasu,tvSeries,2016,\N,24,"Animation,Comedy,Romance",5.7,123,0
2820,tt6114684,Magic Kyun! Renaissance,Magic Kyun! Renaissance,tvSeries,2016,\N,\N,"Animation,Music,Romance",6.4,123,0
2821,tt0352038,Blue Blink,Aoi Blink,tvSeries,1989,\N,25,"Adventure,Animation,Family",7.5,122,0
2822,tt0366099,Star Ocean EX,Star Ocean EX,tvSeries,2001,2001,\N,"Action,Adventure,Animation",6.6,122,0
2823,tt0376397,Gunparade March,Ganparêdo mâchî: Aratanaru kôgun uta,tvSeries,2003,\N,25,"Action,Animation,Sci-Fi",6.1,122,0
2824,tt14924740,Deep Insanity: The Lost Child,Deep Insanity: The Lost Child,tvMiniSeries,2021,2021,\N,"Action,Animation,Sci-Fi",4.5,122,0
2825,tt3209190,Neppû Kairiku Bushi Road,Neppû Kairiku Bushi Road,tvSeries,2013,\N,90,"Action,Animation,Fantasy",6.2,122,0
2826,tt32986702,Acro Trip,Akuro Torippu,tvSeries,2024,\N,\N,"Animation,Comedy,Fantasy",6.1,122,0
2827,tt41395364,Marika's Love Meter Malfunction,Marika-chan no Koukando wa Bukkowareteiru,tvSeries,2026,\N,5,"Animation,Comedy,Romance",4.8,122,0
2828,tt5238484,Comet Lucifer,Kometto rushifâ,tvSeries,2015,2015,24,"Adventure,Animation,Fantasy",5.2,122,0
2829,tt8385224,Lord of Vermilion: The Crimson King,Rôdo obu vâmirion: Guren no ou,tvSeries,2018,\N,\N,"Action,Adventure,Animation",4.6,122,0
2830,tt8424906,Touken Ranbu: Hanamaru,Touken Ranbu: Hanamaru,tvSeries,2016,2018,24,"Animation,Comedy,Drama",5.7,122,0
2831,tt8839614,Hiyokoi,Hiyokoi,tvMiniSeries,2010,2010,22,"Animation,Romance",6.7,122,0
2832,tt0106075,Muka Muka Paradise,Muka Muka Paradise,tvSeries,1993,1994,\N,"Adventure,Animation,Comedy",6.3,121,0
2833,tt0140646,Space Battleship Yamato III,Uchû senkan Yamato III,tvSeries,1980,1981,30,"Action,Adventure,Animation",7.2,121,0
2834,tt0434712,Petite Princess Yucie,Puchi puri Yûshî,tvSeries,2002,2003,25,"Animation,Comedy,Drama",6.8,121,0
2835,tt12390430,Skate Leading Stars,Skate Leading Stars,tvSeries,2020,\N,\N,"Animation,Sport",5.6,121,0
2836,tt1239487,Sands of Destruction,Wârudo disutorakushon: Sekai bokumetsu no rokunin,tvSeries,2008,\N,\N,"Adventure,Animation,Fantasy",6.3,121,0
2837,tt3169640,Yozakura Quartet: Hana no Uta,Yozakura Quartet: Hana no Uta,tvSeries,2013,2014,\N,"Action,Animation,Fantasy",6.4,121,0
2838,tt35638044,No Love Zone,Yeon-aejehanguyeog,tvMiniSeries,2023,2024,\N,Animation,6.8,121,0
2839,tt0142909,Astro Boy,Tetsuwan atomu,tvSeries,1963,1966,30,"Action,Adventure,Animation",7.3,120,0
2840,tt0159928,Video Senshi Laserion,Video Senshi Laserion,tvSeries,1984,1985,24,"Action,Adventure,Animation",7.6,120,0
2841,tt0161608,Sorcerer Hunters OAV,Ganso bakuretsu hunter,tvMiniSeries,1996,1997,28,"Adventure,Animation,Comedy",6.1,120,0
2842,tt0294131,The Star of the Seine,Ra sênu no hoshi,tvSeries,1975,1975,\N,"Adventure,Animation,Drama",6.8,120,0
2843,tt31077956,The Beheading Cycle: The Blue Savant and the Nonsense Bearer,Kubikiri Cycle: Aoiro Savant to Zaregotozukai,tvMiniSeries,2016,2017,29,"Animation,Drama,Mystery",7.7,120,0
2844,tt3220476,B-Daman Crossfire,Cross Fight B-Daman,tvSeries,2011,2014,22,"Action,Adventure,Animation",6.8,120,0
2845,tt4595916,LBX: Little Battlers eXperience,Little Battlers eXperience,tvSeries,2012,2016,25,"Action,Animation,Family",6.2,120,0
2846,tt8948124,Kemono Friends 2,Kemono Friends 2,tvSeries,2019,2019,\N,"Adventure,Animation,Comedy",3.9,120,0
2847,tt0108689,Akazukin Chacha,Akazukin Chacha,tvSeries,1994,1995,\N,"Animation,Comedy,Fantasy",7.8,119,0
2848,tt0429416,Project ARMS,Project ARMS,tvSeries,2001,2002,23,"Action,Adventure,Animation",6.6,119,0
2849,tt0989772,Ginban Kaleidoscope,Ginban Kaleidoscope,tvMiniSeries,2005,2005,24,"Animation,Comedy,Drama",7.0,119,0
2850,tt1260434,Hidamari Sketch x 365,Hidamari Sketch x 365,tvSeries,2008,2008,\N,"Animation,Comedy,Drama",7.2,119,0
2851,tt21104776,Aikatsu Planet!,Aikatsu Planet!,tvSeries,2021,2021,25,"Animation,Comedy,Family",8.2,119,0
2852,tt2623000,The Severing Crime Edge,Dansai bunri no kuraimu ejji,tvSeries,2013,\N,\N,"Action,Animation,Fantasy",5.6,119,0
2853,tt35505191,Semantic Error,Semantic Error,tvMiniSeries,2021,2021,5,"Animation,Comedy,Romance",6.8,119,0
2854,tt3692292,A Thirty-Year Old's Health and Physical Education,30-sai no hoken taiiku,tvMiniSeries,2011,2011,13,"Animation,Comedy,Fantasy",5.6,119,0
2855,tt3774756,Hanayamata,Hanayamata,tvSeries,2014,2014,24,"Animation,Comedy,Drama",6.6,119,0
2856,tt0294211,"Tekkaman, the Space Knight",Uchû no kishi Tekkaman,tvSeries,1975,1975,30,"Action,Adventure,Animation",7.3,118,0
2857,tt12373592,Warlords of Sigrdrifa,Senyoku no Sigrdrifa,tvSeries,2020,\N,\N,"Action,Animation,Drama",6.0,118,0
2858,tt1259073,Daphne in the Brilliant Blue,Hikari to mizu no Daphne,tvSeries,2004,2004,25,"Action,Adventure,Animation",6.5,118,0
2859,tt1515987,Nogizaka Haruka no Himitsu: Purezza,Nogizaka Haruka no Himitsu: Purezza,tvSeries,2009,\N,\N,"Animation,Comedy,Romance",6.8,118,0
2860,tt19383782,Yu-Gi-Oh!: Go Rush!!,Yugio gorasshu!!,tvSeries,2022,2025,24,"Adventure,Animation,Fantasy",6.0,118,0
2861,tt2027434,Carried by the Wind: Tsukikage Ran,Carried by the Wind: Tsukikage Ran,tvSeries,2000,2000,\N,"Action,Adventure,Animation",7.1,118,0
2862,tt2552224,Vividred Operation,Vividred Operation,tvSeries,2013,2013,\N,"Action,Animation,Comedy",5.8,118,0
2863,tt34621467,Promise of Wizard,Mahôtsukai no Yakusoku,tvSeries,2025,\N,\N,"Animation,Fantasy",5.5,118,0
2864,tt3981980,Gourmet Girl Graffiti,Koufuku Graffiti,tvMiniSeries,2015,2015,25,"Animation,Comedy",6.1,118,0
2865,tt9005780,Hugtto! PreCure,Hugtto Precure,tvSeries,2018,2019,24,"Action,Adventure,Animation",7.6,118,0
2866,tt0329865,Knight Hunters Eternity,Knight Hunters: Weiß Kreuz,tvSeries,2002,2003,125,"Action,Adventure,Animation",7.0,117,0
2867,tt0983972,Shattered Angels,Kyôshirô to towa no sora,tvSeries,2007,2007,\N,"Action,Animation,Drama",5.8,117,0
2868,tt1301972,Yozakura Quartet,Yozakura karutetto,tvSeries,2008,2008,\N,"Action,Animation,Comedy",6.2,117,0
2869,tt2096860,The Adventures of Gamba,Ganba no Boken,tvSeries,1975,1975,30,"Adventure,Animation",7.4,117,0
2870,tt2554054,Arrow Emblem: Hawk of the Grand Prix,Arrow Emblem - Grand Prix No Taka,tvSeries,1977,1978,30,"Animation,Family,Sport",7.5,117,0
2871,tt27760355,Left-Hand Layup!,Zuoshou Shanglan,tvMiniSeries,2023,2025,20,"Animation,Drama,Sport",7.3,117,0
2872,tt2859274,Symphogear G,Senki Zessho Symphogear G,tvSeries,2013,2014,25,"Action,Adventure,Animation",6.9,117,0
2873,tt31957516,Tonbo!,Oi! Tonbo,tvSeries,2024,\N,24,"Animation,Comedy,Drama",6.6,117,0
2874,tt5599232,Battle Girls: Time Paradox,Sengoku Otome: Momoiro Paradokkusu,tvSeries,2011,\N,24,"Animation,Sci-Fi",6.3,117,0
2875,tt8322496,Magical Girl Ore,Mahô Shôjo Ore,tvSeries,2018,2018,23,"Animation,Comedy,Fantasy",5.5,117,0
2876,tt9573902,Kemurikusa.,Kemurikusa.,tvSeries,2019,\N,24,"Action,Animation,Sci-Fi",6.5,117,0
2877,tt0122369,The Abashiri Family,Abashiri Ikka,tvSeries,1991,1991,80,"Action,Animation,Comedy",6.2,116,0
2878,tt0189254,Cutie Honey F,Kyûteî Hanî Flash,tvSeries,1997,1998,24,"Action,Adventure,Animation",7.1,116,0
2879,tt12675742,Umayon,Umayon,tvMiniSeries,2020,2021,3,"Animation,Comedy,Short",5.9,116,0
2880,tt13856702,Aikatsu on Parade!,Aikatsu on Parade!,tvSeries,2019,\N,24,"Adventure,Animation,Comedy",7.9,116,0
2881,tt1541531,Venus Versus Virus,Venus Versus Virus,tvSeries,2007,2007,24,"Action,Animation,Drama",5.7,116,0
2882,tt1556100,Yes! Precure 5,Yes! Purikyua 5,tvSeries,2007,2008,24,"Action,Adventure,Animation",7.3,116,0
2883,tt1865731,Hyouge Mono,Hyouge Mono,tvSeries,2011,2012,25,"Animation,Comedy,History",7.7,116,0
2884,tt2075073,R-15,R-15,tvSeries,2011,\N,24,"Animation,Comedy,Romance",5.5,116,0
2885,tt2173736,Gregory Horror Show,Gregory Horror Show,tvSeries,1999,2006,3,"Animation,Comedy,Fantasy",7.3,116,0
2886,tt3486780,Sakigake!! Otokojuku,Sakigake!! Otokojuku,tvSeries,1988,1988,30,"Action,Animation,Comedy",7.7,116,0
2887,tt3651508,Today's Asuka Show,Kyou no Asuka Show,tvSeries,2012,2013,3,"Animation,Short",6.5,116,0
2888,tt3779860,Nozo × Kimi,Nozo x Kimi,tvSeries,2014,\N,\N,"Animation,Comedy,Romance",5.9,116,0
2889,tt0296295,Aim for the Ace,Êsu wo nerae!,tvSeries,1973,1974,24,"Action,Animation,Romance",7.2,115,0
2890,tt0367414,Soreike! Anpanman,Soreike! Anpanman,tvSeries,1988,\N,23,"Adventure,Animation,Family",6.8,115,0
2891,tt0996277,The Skull Man,Sukaruman,tvSeries,2007,2007,25,"Action,Animation,Horror",6.5,115,0
2892,tt1058303,Little Lulu to chicchai nakama,Little Lulu to chicchai nakama,tvSeries,1976,1977,30,"Animation,Family",6.4,115,0
2893,tt14398050,Antidote,Jie Yao,tvMiniSeries,2020,2020,18,"Animation,Comedy,Drama",7.7,115,0
2894,tt2660634,Zan sayonara zetsubô sensei bangai-chi,Zan sayonara zetsubô sensei bangai-chi,tvSeries,2009,2012,75,Animation,7.9,115,0
2895,tt4576408,Ninja Slayer,Ninja Slayer,tvSeries,2015,\N,12,"Action,Animation,Fantasy",5.5,115,0
2896,tt0113012,Elf Princess Rane,Yôsei Hime Rên,tvSeries,1995,\N,60,"Animation,Comedy",7.2,114,0
2897,tt0114425,Super Atragon,Shin kaitei gunkan,tvMiniSeries,1995,1996,47,"Adventure,Animation,Sci-Fi",6.2,114,0
2898,tt0377231,Zambot 3,Muteki chôjin Zambot 3,tvSeries,1977,1978,30,"Action,Animation,Sci-Fi",7.1,114,0
2899,tt0390708,Geneshaft,Geneshaft,tvSeries,2001,2001,\N,"Adventure,Animation,Sci-Fi",6.3,114,0
2900,tt10245786,You're Under Arrest!,Taiho shichauzo!,tvMiniSeries,1994,1995,\N,"Action,Animation,Comedy",7.5,114,0
2901,tt1159863,Magical Girl Lyrical Nanoha StrikerS,Mahou Shoujo Lyrical Nanoha StrikerS,tvSeries,2007,2007,\N,"Action,Animation,Comedy",7.4,114,0
2902,tt11616778,Future Folktales,Asatir: Mirai no Mukashi Banashi,tvSeries,2020,2025,23,"Adventure,Animation,Family",6.7,114,0
2903,tt12150560,Tamayomi: The Baseball Girls,Tamayomi: The Baseball Girls,tvSeries,2020,\N,23,"Animation,Sport",6.2,114,0
2904,tt12421676,Muv-Luv Alternative,Muv-Luv Alternative,tvSeries,2021,2022,\N,"Action,Animation,Drama",5.8,114,0
2905,tt1324042,Phoenix,Hi no tori,tvSeries,2004,2004,25,"Action,Animation,Drama",7.1,114,0
2906,tt1454712,Ristorante Paradiso,Ristorante Paradiso,tvSeries,2009,2009,22,"Animation,Drama,Romance",6.5,114,0
2907,tt1464406,Kanamemo,Kanamemo,tvMiniSeries,2009,2009,24,"Animation,Comedy",6.3,114,0
2908,tt1867710,Gekito! Kurasshugia turbo,Gekito! Kurasshugia turbo,tvSeries,2001,2003,\N,"Action,Animation,Comedy",6.8,114,0
2909,tt21345894,The Little Lies We All Tell,4-nin wa Sorezore Uso wo Tsuku,tvMiniSeries,2022,\N,\N,"Animation,Comedy,Fantasy",6.9,114,0
2910,tt27618426,"Don't Toy with Me, Miss Nagatoro 2nd Attack Mini Anime","Ijiranaide, Nagatoro-san 2nd Attack Mini Anime",tvMiniSeries,2023,2023,\N,"Animation,Comedy,Short",7.4,114,0
2911,tt35100901,"The Perfect Prince Loves Me, the Side Character?!","The Perfect Prince Loves Me, the Side Character?!",tvMiniSeries,2024,2024,7,"Animation,Romance",6.2,114,0
2912,tt0293994,Zillion,Akai kôdan Zillion,tvSeries,1987,1987,30,"Action,Adventure,Animation",7.4,113,0
2913,tt13409412,Cestvs: The Roman Fighter,Cestvs: The Roman Fighter,tvSeries,2021,\N,\N,"Action,Animation,Drama",6.5,113,0
2914,tt1346123,Minami-ke: Okaeri,Minami-ke: Okaeri,tvSeries,2009,\N,\N,"Animation,Comedy",7.2,113,0
2915,tt14299086,Higurashi no Naku Koro ni Kai: Ura Higu,Higurashi no Naku Koro ni Kai: Ura Higu,tvMiniSeries,2007,2008,\N,"Animation,Comedy,Short",6.4,113,0
2916,tt3199306,"Wake Up, Girls!","Wake Up, Girls!",tvSeries,2014,2014,24,"Animation,Comedy,Drama",6.6,113,0
2917,tt36469273,Kamitsubaki City Under Construction,Kamitsubaki City Under Construction,tvSeries,2025,\N,\N,"Action,Animation,Fantasy",5.9,113,0
2918,tt5329190,Phantasy Star Online 2: The Animation,Phantasy Star Online 2: The Animation,tvSeries,2016,2016,\N,"Action,Animation,Fantasy",6.0,113,0
2919,tt0883021,Avenger,Avenger,tvSeries,2003,\N,25,"Action,Animation,Drama",5.5,112,0
2920,tt0978547,Otoboku: Maidens Are Falling for Me!,Otome wa boku ni koishiteru,tvMiniSeries,2006,2006,\N,"Animation,Comedy,Drama",6.6,112,0
2921,tt1161659,Graveyard Kitaro,Hakaba kitarô,tvSeries,2008,2008,25,"Animation,Comedy,Fantasy",7.0,112,0
2922,tt11662748,Kira Kira PreCure A La Mode,Kira Kira PreCure A La Mode,tvSeries,2017,2018,25,"Action,Adventure,Animation",7.6,112,0
2923,tt1309395,Kemeko Deluxe!,Kemeko derakkusu!,tvMiniSeries,2008,2008,24,"Action,Animation,Comedy",6.1,112,0
2924,tt14489144,Build Divide: Code Black,Build Divide: Code Black,tvMiniSeries,2021,\N,\N,"Action,Animation,Sci-Fi",6.5,112,0
2925,tt1634548,Godannar!!,Shinkon gattai Godannar!!,tvSeries,2003,2004,25,"Action,Animation,Comedy",6.8,112,0
2926,tt2342748,Sasami-san@Ganbaranai,Sasami-san@Ganbaranai,tvSeries,2013,2013,\N,"Animation,Comedy,Romance",6.1,112,0
2927,tt37388613,A Hundred Scenes of Awajima,Awajima Hyakkei,tvSeries,2026,\N,\N,"Animation,Drama,Music",7.3,112,0
2928,tt5335782,Bubuki buranki,Bubuki buranki,tvSeries,2016,\N,24,"Action,Animation,Drama",6.3,112,0
2929,tt0447582,Comic Party,Komikku pâtî,tvSeries,2001,2001,23,"Animation,Comedy,Drama",6.4,111,0
2930,tt0462654,Future GPX Cyber Formula,Shinseiki GPX saibâ fômyura,tvSeries,1991,1992,\N,"Action,Adventure,Animation",7.6,111,0
2931,tt10545652,Vlad Love,Vlad Love,tvSeries,2020,2021,\N,"Animation,Comedy,Fantasy",5.8,111,0
2932,tt18246604,Delicious Party Pretty Cure,Delicious Party Precure,tvSeries,2022,2023,25,"Action,Adventure,Animation",7.1,111,0
2933,tt29604743,Pokémon: Paldean Winds,Pokémon: Paldean Winds,tvMiniSeries,2023,2023,\N,"Animation,Fantasy",6.6,111,0
2934,tt4415404,Di Gi Charat,Di Gi Charat,tvMiniSeries,1999,2003,6,"Animation,Comedy",7.3,111,0
2935,tt6356032,Chi's Sweet Adventure,Chi's Sweet Adventure,tvSeries,2016,\N,12,"Animation,Comedy,Family",7.6,111,0
2936,tt0248114,The Crown Knights,Jaja uma quartet,tvSeries,1997,\N,50,"Action,Animation,Comedy",4.7,110,0
2937,tt0421480,Virus Buster Serge,Uirusu,tvSeries,1997,1997,25,"Action,Adventure,Animation",5.6,110,0
2938,tt0443717,UFO Ultramaiden Valkyrie,UFO Princess Walkure,tvSeries,2002,2006,\N,"Animation,Comedy,Sci-Fi",6.0,110,0
2939,tt0972633,Divergence Eve,Daibajensu ivu,tvMiniSeries,2003,2003,\N,"Adventure,Animation,Comedy",6.0,110,0
2940,tt2107575,Ultra Maniac,Urutora Maniakku,tvSeries,2002,2003,\N,"Animation,Comedy,Fantasy",7.4,110,0
2941,tt30495035,Meiji Gekken: 1874,Meiji Gekken: 1874,tvSeries,2024,\N,25,"Action,Animation,History",6.1,110,0
2942,tt3207782,Cyclops Shojo Saipu,Cyclops Shojo Saipu,tvMiniSeries,2013,2013,\N,"Animation,Short",4.5,110,0
2943,tt0159843,Earthian,Âshian,tvMiniSeries,1989,1996,45,"Animation,Drama",6.2,109,0
2944,tt0224527,Angel Links,Seiho tenshi enjeru rinkusu,tvSeries,1999,1999,25,"Action,Adventure,Animation",6.0,109,0
2945,tt0407414,Tweeny Witches,Mahô shôjo tai Arusu,tvSeries,2004,\N,9,"Adventure,Animation,Family",6.8,109,0
2946,tt0477535,Samurai Gun,Samurai Gun,tvSeries,2004,2005,\N,"Action,Animation,Sci-Fi",6.0,109,0
2947,tt0813706,Gad Guard,Gad Guard,tvSeries,2003,2003,30,"Animation,Sci-Fi",7.0,109,0
2948,tt12798548,Let's Make a Mug Too,Yakunara Mug Cup mo,tvSeries,2021,\N,\N,"Animation,Comedy",6.4,109,0
2949,tt14979560,Shin Ikkitousen,Shin Ikkitousen,tvMiniSeries,2022,2022,27,"Action,Animation,Comedy",6.3,109,0
2950,tt1987179,La croisée dans un labyrinthe étranger,Ikoku Meiro no Croisée,tvSeries,2011,2011,59,"Animation,Drama",7.5,109,0
2951,tt5494078,Sekko Boys,Sekkô Boys,tvMiniSeries,2016,2016,8,"Animation,Comedy",6.0,109,0
2952,tt0295622,My My Mai,Sono ki ni sasete yo,tvSeries,1993,\N,90,"Adventure,Animation,Comedy",6.1,108,0
2953,tt0352099,Shutsugeki! Machine Robo Rescue,Shutsugeki! Machine Robo Rescue,tvSeries,2003,2004,\N,"Animation,Family,Sci-Fi",8.4,108,0
2954,tt1172149,"Yamibo: Darkness, the Hat & the Travelers of the Books",Yami to bôshi to hon no tabibito,tvSeries,2003,2003,\N,"Adventure,Animation,Fantasy",6.2,108,0
2955,tt15024322,Visual Prison,Visual Prison,tvSeries,2021,\N,\N,"Animation,Drama,Music",6.9,108,0
2956,tt2074166,Ro-Kyu-Bu!,Ro-Kyu-Bu!,tvSeries,2011,2011,\N,"Animation,Comedy,Drama",5.7,108,0
2957,tt3099708,AKB0048 Next Stage,AKB0048 Next Stage,tvMiniSeries,2013,2013,\N,Animation,7.5,108,0
2958,tt34379533,Nyan: Neko Sugar Girls,Nyan~ Neko Sugar Girls,tvSeries,2010,2012,70,"Animation,Comedy,Drama",8.8,108,0
2959,tt9353742,Gwain Saga,Gwain Saga,tvSeries,2016,\N,\N,Animation,7.0,108,0
2960,tt0156403,Super Dimension Century Orguss,Chôjikû seiki Ôgasu,tvSeries,1983,1984,25,"Action,Adventure,Animation",6.7,107,0
2961,tt0239360,Eat-Man '98,Eat-Man '98,tvSeries,1998,1998,25,"Action,Adventure,Animation",6.6,107,0
2962,tt0292846,Sôryûden,Sôryûden,tvSeries,1991,1991,45,"Animation,Drama,Mystery",7.2,107,0
2963,tt0294105,The Legend of Hikari,Hikari no densetsu,tvSeries,1986,1986,24,"Animation,Drama,Music",6.9,107,0
2964,tt0330592,Magical Circle Guru Guru,Mahôjin guru guru,tvSeries,1994,1995,25,"Animation,Comedy,Family",7.7,107,0
2965,tt0870976,Glass Fleet: La Legende du Vent de l'Univers,Garasu no kantai,tvSeries,2006,2007,24,"Adventure,Animation,Sci-Fi",6.6,107,0
2966,tt0928092,Hataraki Man,Hataraki Man,tvSeries,2006,2006,\N,"Animation,Comedy,Drama",6.8,107,0
2967,tt1223203,Ultraviolet: Code 044,Urutoravaioretto: Kôdo 044,tvSeries,2008,2008,23,"Action,Animation,Sci-Fi",6.1,107,0
2968,tt1475264,Hurricane Polimar,Hariken Porimâ,tvSeries,1974,1975,25,"Action,Animation,Sci-Fi",7.3,107,0
2969,tt2168479,Digimon Xros Wars: The Young Hunters Who Leapt Through Time,Dejimon Kurosu Wôzu Toki wo Kakeru Shounen Hantâ-tachi,tvSeries,2011,\N,\N,"Action,Adventure,Animation",6.7,107,0
2970,tt3590246,Locodol,Futsuu no Joshikousei ga [Locodol] Yatte Mita,tvSeries,2014,2016,\N,"Animation,Comedy",7.8,107,0
2971,tt0384056,Dragon Knight: Wheel of Time,Doragon naito 4,tvSeries,1998,\N,110,"Adventure,Animation,Fantasy",5.2,106,0
2972,tt10487714,Embracing Love: Cherished Spring,Haru wo Daiteita,tvMiniSeries,2005,2005,\N,"Animation,Drama,Romance",6.2,106,0
2973,tt1213889,Real Drive,RD: Sennô chôsashitsu,tvSeries,2008,\N,\N,"Action,Animation,Crime",6.3,106,0
2974,tt1452420,Thumbelina: A Magical Story,Oyayubi Hime monogatari,tvSeries,1992,\N,25,"Adventure,Animation,Fantasy",7.8,106,0
2975,tt1685412,Night Raid 1931,Senkou no naitoreido,tvSeries,2010,2010,\N,"Action,Animation,Drama",6.4,106,0
2976,tt32985844,SHIROHIYO - Reincarnated as a Neglected Noble: Raising My Baby Brother with Memories from My Past Life,Shirobuta Kizoku Desu ga Zensei no Kioku Ga Haeta Node Hiyoko na Otôto Sodatemasu,tvSeries,2025,2025,\N,"Animation,Comedy,Fantasy",6.5,106,0
2977,tt3774766,Majimoji Rurumo,Majimoji Rurumo,tvSeries,2014,\N,\N,"Animation,Comedy,Fantasy",6.8,106,0
2978,tt7033302,"Genki, the Boy Champ",Ganbare Genki,tvSeries,1980,1981,23,"Action,Animation,Sport",8.1,106,0
2979,tt8893624,Nekojiru gekijô - jirujiru Original,Nekojiru gekijô - jirujiru Original,tvSeries,1999,1999,1,"Action,Animation,Comedy",6.8,106,0
2980,tt0288993,Witch Girl Meg,Majokko Megu-chan,tvSeries,1974,1975,24,"Animation,Drama,Fantasy",7.1,105,0
2981,tt0294091,Glass Mask,Garasu no kamen,tvSeries,1984,1984,24,Animation,7.3,105,0
2982,tt1193476,Magical Witch Punie-chan,Dai mahô tôge: Mirakuru roddo de gakuen sai wa dai panikku!? Mahô no purinsesu Punie chan tôjô!! No maki,tvSeries,2006,\N,98,"Animation,Comedy,Fantasy",6.5,105,0
2983,tt1386576,Mars Daybreak,Kenran budôsai: Za mâzu deibureiku,tvSeries,2004,2004,\N,"Adventure,Animation,Sci-Fi",7.0,105,0
2984,tt15202838,Deji Meets Girl,Deji Meets Girl,tvSeries,2021,\N,2,Animation,5.7,105,0
2985,tt2334330,Tegami Bachi: Letter Bee Reverse,Tegamibachi REVERSE,tvSeries,2010,2011,22,"Action,Adventure,Animation",7.1,105,0
2986,tt2404235,Gosenzosama Banbanzai!,Gosenzosama Banbanzai!,tvSeries,1989,1990,\N,"Animation,Comedy,Drama",7.4,105,0
2987,tt5819830,Hakuouki: A Memory of Snow Flowers,Hakuouki: Sekkaroku OVA,tvSeries,2011,2012,23,"Action,Adventure,Animation",7.9,105,0
2988,tt0271911,Leo the Lion,Janguru taitei Reo,tvSeries,1966,1967,24,"Animation,Drama,Family",7.0,104,0
2989,tt0433710,Happy Lesson,Happy Lesson,tvSeries,2002,\N,25,"Animation,Comedy,Drama",6.8,104,0
2990,tt11656580,To Be Heroine,Tu Bian Ying Xiong Leaf,tvSeries,2018,2018,21,"Action,Animation",6.5,104,0
2991,tt1594952,PaRappa the Rapper,PaRappa rappa,tvSeries,2001,2002,\N,"Action,Animation,Comedy",7.9,104,0
2992,tt1802896,Chargeman Ken!,Chargeman Ken!,tvSeries,1974,1974,10,"Action,Adventure,Animation",5.1,104,0
2993,tt2230587,Suite PreCure,Suite PreCure,tvSeries,2011,2012,24,"Action,Adventure,Animation",7.7,104,0
2994,tt36290385,"Draw This, Then Die!",Kore Kaite Shine,tvSeries,2026,\N,\N,"Animation,Comedy,Drama",7.9,104,0
2995,tt3952574,Triton of the Sea,Umi no Toriton,tvSeries,1972,1972,23,"Action,Adventure,Animation",6.4,104,0
2996,tt6263302,Atom the Beginning,Atom the Beginning,tvSeries,2017,2017,25,"Action,Animation,Sci-Fi",6.5,104,0
2997,tt0377207,Heavy Metal L-Gaim,Jûsenki Erugaimu,tvSeries,1984,1985,30,"Action,Animation,Sci-Fi",5.9,103,0
2998,tt0493192,The Twins at St. Clare's,Ochame na futago: Claire Gakuin monogatari,tvSeries,1991,1991,30,"Adventure,Animation,Comedy",7.7,103,0
2999,tt11455814,Hatena Illusion,Hatena Iryûjon,tvSeries,2020,\N,24,"Animation,Comedy,Fantasy",6.0,103,0
3000,tt36074011,Turkey!,Turkey!,tvSeries,2025,2025,\N,"Animation,Drama,Sport",6.5,103,0
3001,tt3620568,Corrector Yui,Korekuta Yui,tvSeries,1999,2000,\N,"Adventure,Animation,Comedy",6.7,103,0
3002,tt4075158,Gargantia on the Verdurous Planet (OVA),"Suisei no Gargantia: Meguru Koro, Haruka",tvMiniSeries,2014,2015,\N,"Action,Adventure,Animation",7.1,103,0
3003,tt4537404,Gunslinger Stratos: The Animation,Gunslinger Stratos: The Animation,tvSeries,2015,2015,\N,"Action,Adventure,Animation",5.4,103,0
3004,tt5329084,Active Raid,Active Raid: Kidô kyôshûshitsu dai-hakkei,tvSeries,2016,2016,24,"Action,Adventure,Animation",5.1,103,0
3005,tt5432596,Pandora in the Crimson Shell: Ghost Urn,Kôkaku no Pandora,tvSeries,2016,2016,25,"Action,Animation,Comedy",5.2,103,0
3006,tt5754594,Crane Game Girls,Bishôjo yûgi unit crane gale,tvSeries,2016,\N,5,"Animation,Comedy,Sci-Fi",5.6,103,0
3007,tt6763304,Monster Hunter Stories: Ride On,Monster Hunter Stories: Ride On,tvSeries,2016,2018,24,"Action,Adventure,Animation",7.5,103,0
3008,tt8303808,Caligula,Caligula,tvSeries,2018,2018,23,"Action,Animation,Sci-Fi",5.7,103,0
3009,tt0237985,To Heart,To Heart,tvMiniSeries,1999,1999,25,"Animation,Comedy,Drama",6.9,102,0
3010,tt0425686,Gravion,Chôjûshin Gravion,tvSeries,2002,2002,23,"Adventure,Animation,Comedy",6.5,102,0
3011,tt10954084,Sakura Wars: The Animation,Sakura Taisen: The Animation,tvSeries,2020,\N,\N,"Action,Animation,Sci-Fi",6.2,102,0
3012,tt2455528,Dream Hunter Rem,Dream Hunter Rem,tvMiniSeries,1985,1987,\N,"Action,Adventure,Animation",6.7,102,0
3013,tt3895144,Celestial Method,Sora no Mesoddo,tvSeries,2014,\N,24,"Animation,Drama,Fantasy",6.4,102,0
3014,tt5321096,Haruchika: Haruta & Chika,Haruchika: Haruta to Chika wa seishun suru,tvSeries,2016,\N,24,"Animation,Mystery,Romance",5.9,102,0
3015,tt0374191,Tales of Magic,Manga sekai mukashi banashi,tvSeries,1976,1979,30,"Animation,Family,Fantasy",8.0,101,0
3016,tt13041826,Inu to Neko Docchi mo Katteru to Mainichi Tanoshii,Inu to Neko Docchi mo Katteru to Mainichi Tanoshii,tvSeries,2020,\N,\N,Animation,7.1,101,0
3017,tt1308086,Magician's Academy!,Macademi Wasshoi!,tvSeries,2008,2008,\N,"Action,Animation,Comedy",6.4,101,0
3018,tt1345472,Phantom: The Animation,Phantom: The Animation,tvMiniSeries,2004,2004,\N,"Action,Animation,Crime",6.2,101,0
3019,tt14330332,Embracing Love: A Cicada in Winter,Fuyu no semi,tvMiniSeries,2007,2007,\N,"Animation,Drama,History",7.1,101,0
3020,tt1463151,At the Mercy of the Sky,Sora no manimani,tvSeries,2009,2009,\N,"Animation,Comedy,Drama",7.1,101,0
3021,tt15128074,Legend of Mana: The Teardrop Crystal,Seiken Densetsu: Legend of Mana - The Teardrop Crystal,tvSeries,2022,\N,\N,"Adventure,Animation,Fantasy",5.8,101,0
3022,tt1584001,Hidamari Sketch X Hoshimittsu,Hidamari sukecchi hoshimittsu,tvSeries,2010,2010,24,Animation,6.6,101,0
3023,tt3002566,Transformers: Go!,Transformers: Go!,tvMiniSeries,2013,\N,\N,"Action,Adventure,Animation",6.0,101,0
3024,tt3411198,Future Card Buddyfight,Fuyuchakado badifaito,tvSeries,2014,\N,22,"Action,Animation,Sci-Fi",7.2,101,0
3025,tt3620596,HappinessCharge PreCure!,Happiness Charge PreCure!,tvSeries,2014,2015,24,"Action,Adventure,Animation",7.6,101,0
3026,tt0466200,Dai-Guard,Chikyû bôei kigyô Dai-Guard,tvSeries,1999,2000,25,"Action,Adventure,Animation",7.2,100,0
3027,tt12024510,22/7,22/7,tvSeries,2020,\N,24,"Animation,Drama,Music",6.4,100,0
3028,tt13067512,Armor Shop for Ladies and Gentlemen,Otona no Bouguya-san,tvSeries,2018,\N,\N,"Animation,Comedy,Fantasy",5.1,100,0
3029,tt13620226,Star Twinkle PreCure,Sutâ Touinkuru Purikyua,tvSeries,2019,2020,24,"Action,Adventure,Animation",7.8,100,0
3030,tt2575728,Ai Mai Mi,Ai Mai Mi,tvSeries,2013,2017,\N,"Animation,Short",5.5,100,0
3031,tt0221778,Transformers: Beast Wars Metals,Toransufômâ: Bîsuto uôzu metarusu,tvSeries,1999,\N,\N,"Action,Adventure,Animation",6.6,99,0
3032,tt0299378,Moon Mask Rider,Seigi wo ai suru mono: Gekkô kamen,tvSeries,1972,1972,24,"Action,Adventure,Animation",7.6,99,0
3033,tt0488470,Time bokan,Time bokan,tvSeries,1975,1976,25,"Animation,Family,Sci-Fi",7.3,99,0
3034,tt0881819,Ghost Slayers Ayashi,Tenpô ibun ayakashi ayashi,tvSeries,2006,2007,\N,"Animation,Fantasy,History",6.4,99,0
3035,tt1279025,Tytania,Tytania,tvSeries,2008,2009,24,"Adventure,Animation,Drama",6.8,99,0
3036,tt1773213,Tentai Senshi Sunred,Tentai Senshi Sunred,tvSeries,2008,2010,15,Animation,7.6,99,0
3037,tt2800436,The Laughing Salesman,Warau Salesman,tvSeries,1989,1993,10,"Animation,Comedy,Drama",7.2,99,0
3038,tt33310997,MOMENTARY LILY,Momentary Lily,tvSeries,2025,2025,\N,"Action,Animation,Comedy",5.5,99,0
3039,tt3435444,Senki Zessho Symphogear GX,Senki Zessho Symphogear GX,tvSeries,2015,2015,\N,"Action,Animation,Music",7.1,99,0
3040,tt5296398,Maho Tsukai PreCure!,Maho Tsukai PreCure!,tvSeries,2016,2017,24,"Action,Adventure,Animation",7.7,99,0
3041,tt5974630,There She Is,There She Is,tvSeries,2003,\N,\N,Animation,7.7,99,0
3042,tt6353054,Girlish Number,Gi(a)rlish Number,tvSeries,2016,\N,24,"Animation,Comedy,Drama",6.4,99,0
3043,tt6856790,Mikagura School Suite,Mikagura Gakuen Kumikyoku,tvSeries,2015,\N,\N,"Animation,Comedy,Fantasy",6.0,99,0
3044,tt7863986,Takunomi.,Takunomi.,tvSeries,2018,2018,12,"Animation,Comedy",6.2,99,0
3045,tt0991055,My Wife Is a High School Girl,Okusama wa joshi kousei,tvSeries,2005,\N,\N,"Animation,Comedy,Drama",6.6,98,0
3046,tt1334572,Basquash!,Basukasshu!,tvSeries,2009,\N,24,"Adventure,Animation,Sci-Fi",6.7,98,0
3047,tt13795144,Wave!!: Surfing Yappe!!,Wave!!: Surfing Yappe!!,tvSeries,2021,\N,\N,"Animation,Sport",6.3,98,0
3048,tt14648632,ArtisWitch,ArtisWitch,tvSeries,2021,\N,\N,"Animation,Fantasy",7.4,98,0
3049,tt1571105,Tamagotchi!,Tamagotchi!,tvSeries,2009,2015,10,"Animation,Comedy,Family",7.9,98,0
3050,tt5686320,Gatchaman Crowds Insight,Gatchaman Crowds Insight,tvSeries,2015,2015,24,"Action,Adventure,Animation",7.0,98,0
3051,tt6163360,Recorder and Randsell,Recorder to Randoseru,tvSeries,2012,2013,3,"Animation,Comedy",6.2,98,0
3052,tt6355700,Aooni the Blue Monster,Aooni the Blue Monster,tvSeries,2016,\N,3,"Animation,Comedy,Horror",6.1,98,0
3053,tt0158629,Gall Force: Earth Chapter,Gall Force: Chikyu sho,tvMiniSeries,1989,1990,135,"Action,Animation,Sci-Fi",6.3,97,0
3054,tt0302119,Legendary Idol Eriko,Idol densetsu Eriko,tvSeries,1989,\N,24,"Animation,Drama,Music",7.4,97,0
3055,tt0409645,Humanoid Monster Bem,Yokai ningen bem,tvSeries,1968,1969,\N,"Adventure,Animation,Family",7.1,97,0
3056,tt0439968,Transformers: Galaxy Force,Transformers: Galaxy Force,tvSeries,2005,2005,\N,"Action,Animation,Fantasy",7.6,97,0
3057,tt0991046,Best Student Council,Gokujô seitokai,tvSeries,2005,2005,629,"Animation,Comedy",6.6,97,0
3058,tt10395126,Granbelm,Granbelm,tvSeries,2019,2019,24,"Action,Animation,Sci-Fi",6.4,97,0
3059,tt1092076,Mega Man Star Force,Ryûsei no rokkuman,tvSeries,2006,2007,90,"Action,Animation,Sci-Fi",7.5,97,0
3060,tt1305638,Rental Magica,Rentaru magika,tvSeries,2007,2008,\N,"Action,Animation,Comedy",6.4,97,0
3061,tt14278890,Selection Project,Selection Project,tvSeries,2021,2021,\N,"Animation,Comedy,Drama",7.0,97,0
3062,tt1547413,Tokyo Underground,Tokyo andâguraundo,tvSeries,2002,2002,24,"Action,Adventure,Animation",6.4,97,0
3063,tt21345930,My Master Has No Tail,Uchi no Shishou wa Shippo ga Nai,tvSeries,2022,\N,23,"Animation,Comedy,Fantasy",6.2,97,0
3064,tt4046242,Ai Tenchi Muyo!,Ai Tenchi Muyo!,tvSeries,2014,2014,\N,"Animation,Comedy,Sci-Fi",6.1,97,0
3065,tt6548016,Ane Log: Moyako Neesan no Tomaranai Monologue,Ane Log: Moyako Neesan no Tomaranai Monologue,tvMiniSeries,2014,2015,23,"Animation,Comedy",5.9,97,0
3066,tt8023846,Demon Prince Enma,Demon Prince Enma,tvMiniSeries,2006,2007,\N,"Animation,Fantasy,Horror",6.4,97,0
3067,tt0158825,Gall Force: New Era,Gall Force: Shin seiki hen,tvMiniSeries,1991,1992,90,"Action,Animation,Sci-Fi",6.3,96,0
3068,tt11708996,Healin' Good PreCure,Healin' Good PreCure,tvSeries,2020,2021,25,"Action,Adventure,Animation",7.6,96,0
3069,tt12921086,Strike Witches: Road to Berlin,Dai 501 Tougou Sentou Koukuu Dan Strike Witches: Road to Berlin,tvSeries,2020,2020,\N,"Action,Animation",7.0,96,0
3070,tt32332939,Narenare -Cheer for You!-,Nanare Hananare,tvMiniSeries,2024,2024,24,"Animation,Drama,Sport",6.1,96,0
3071,tt4219164,Military!,Miritari!,tvMiniSeries,2015,2015,3,"Animation,Comedy",5.2,96,0
3072,tt8390536,Fist of the Blue Sky: Re: Genesis,Sôten no Ken Rijeneshisu,tvSeries,2018,\N,22,"Action,Animation",4.6,96,0
3073,tt12305568,Lapis Re:Lights,Lapis Re:Lights,tvSeries,2020,\N,24,"Animation,Fantasy,Music",5.9,95,0
3074,tt12317724,Zoids Wild,Zoids Wild,tvSeries,2018,2019,24,"Action,Adventure,Animation",8.1,95,0
3075,tt12486080,Major 2nd,Major 2nd,tvSeries,2018,2020,\N,"Animation,Sport",7.2,95,0
3076,tt1330612,The Irresponsible Captain Tylor: OVA,Musekinin kanchô Tairâ,tvMiniSeries,1994,1996,23,"Action,Adventure,Animation",7.4,95,0
3077,tt27117596,Yohane the Parhelion: Sunshine in the Mirror,Genjitsu No Yohane -Sunshine in the Mirror-,tvSeries,2023,2023,\N,"Animation,Comedy,Fantasy",6.4,95,0
3078,tt7062100,Genshi shônen Ryû,Genshi shônen Ryû,tvSeries,1971,1972,25,"Action,Adventure,Animation",7.1,95,0
3079,tt0258346,DinoZaurs,DinoZaurs,tvSeries,2000,2001,30,"Action,Adventure,Animation",6.5,94,0
3080,tt0981247,Oroshitate Musical Nerima Daikon Brothers,Oroshitate Musical Nerima Daikon Brothers,tvSeries,2006,\N,24,"Animation,Comedy,Music",7.0,94,0
3081,tt1162658,Demonbane,Kishin hôkô Demonbane,tvSeries,2006,2006,25,"Animation,Comedy,Romance",6.3,94,0
3082,tt30291774,Tenchi Muyo! Tenchi Universe,Tenchi Muyô!,tvSeries,1995,\N,23,"Adventure,Animation,Comedy",7.9,94,0
3083,tt7820408,Henkei Shoujo,Henkei Shoujo,tvMiniSeries,2017,2017,1,"Animation,Short",5.3,94,0
3084,tt0168376,Little Prince Cedie,Shoukoushi Sedi,tvSeries,1988,1988,24,"Animation,Drama,Family",7.5,93,0
3085,tt0294220,Dangard Ace,Wakusei robo Dangard A,tvSeries,1977,\N,30,"Action,Adventure,Animation",7.1,93,0
3086,tt0450911,E's Otherwise,Esu azawaizu,tvSeries,2003,\N,25,"Action,Animation,Fantasy",6.2,93,0
3087,tt0488448,The Clamp School,Clamp gakuen tanteidan,tvSeries,1997,1997,\N,"Action,Animation,Comedy",7.3,93,0
3088,tt0892765,Hoop Days,Dia boizu,tvSeries,2003,2003,24,"Animation,Drama,Sport",6.7,93,0
3089,tt1277981,Koihime musô,Koihime musô,tvMiniSeries,2008,2008,25,"Action,Adventure,Animation",6.3,93,0
3090,tt1642495,Jewelpet,Juerupetto,tvSeries,2009,2010,24,"Animation,Fantasy",7.8,93,0
3091,tt33503859,Grisaia Phantom Trigger,Gurizaia: Fuantomu Torigaa THE ANIMATION,tvSeries,2025,\N,30,"Action,Animation,Drama",5.6,93,0
3092,tt7062928,Little Busters! EX,Little Busters! EX,tvMiniSeries,2014,2014,24,"Animation,Comedy,Drama",7.1,93,0
3093,tt0347854,Samurai Girl: Real Bout High School,Samurai Girl: Real Bout High School,tvSeries,2001,2001,\N,"Action,Animation,Comedy",5.6,92,0
3094,tt0431506,World Fairy Tale Series,Sekai meisaku dôwa shirîzu: Wa-o! Meruhen ôkoku,tvSeries,1994,1995,24,"Adventure,Animation,Family",7.6,92,0
3095,tt14452674,Droners,Droners,tvSeries,2020,2024,22,"Action,Adventure,Animation",7.8,92,0
3096,tt19409404,Healer Girl,Hîrâ gâru,tvSeries,2022,\N,\N,"Animation,Comedy,Drama",6.7,92,0
3097,tt2387766,Submarine 707R,Submarine 707R,tvMiniSeries,2003,2004,100,"Action,Animation,Sci-Fi",5.8,92,0
3098,tt42969298,Kamui: He's Behind You,Ushiro no Shoumen Kamui-san,tvSeries,2026,\N,12,"Animation,Fantasy",7.3,92,0
3099,tt0392141,The Golden Bat,Ôgon batto,tvSeries,1967,1968,\N,"Action,Animation",7.3,91,0
3100,tt0429439,Stratos 4,Stratos 4,tvSeries,2003,2003,\N,"Action,Animation,Sci-Fi",7.0,91,0
3101,tt12311920,Gal & Dino,Gal to Kyouryuu,tvSeries,2020,2020,25,"Animation,Comedy",6.9,91,0
3102,tt13949068,Queen's Blade: Beautiful Warriors,Queen's Blade: Beautiful Warriors,tvMiniSeries,2010,2011,\N,"Adventure,Animation,Fantasy",6.3,91,0
3103,tt3367698,Shinigami no baraddo.,Shinigami no baraddo.,tvMiniSeries,2006,2006,25,"Animation,Drama,Fantasy",6.3,91,0
3104,tt8024248,Kekko Kamen,Kekko Kamen,tvMiniSeries,1991,1992,\N,"Action,Adventure,Animation",6.4,91,0
3105,tt8755254,Hangyakusei Million Arthur,Hangyakusei Million Arthur,tvSeries,2018,\N,24,"Action,Adventure,Animation",6.3,91,0
3106,tt9728290,CHRONOS RULER,Jikan no Shihaisha,tvSeries,2017,2017,24,"Action,Animation,Drama",5.9,91,0
3107,tt0303150,Shinesman,Tokumu sentai Shinesman,tvMiniSeries,1996,\N,60,"Animation,Comedy,Sci-Fi",7.2,90,0
3108,tt1216123,Kamen No Maid Guy,Kamen no meido gai,tvSeries,2008,2008,25,"Action,Animation,Comedy",6.1,90,0
3109,tt1216257,Psychic Squad,Zettai Karen Children,tvSeries,2008,2009,24,"Action,Animation,Comedy",6.7,90,0
3110,tt3198678,Galilei Donna,Galilei Donna,tvSeries,2013,2013,22,"Adventure,Animation,Sci-Fi",6.2,90,0
3111,tt5513012,JK meshi!,JK meshi!,tvSeries,2015,\N,4,"Animation,Comedy,Short",6.5,90,0
3112,tt0298677,Mon Colle Knights,Mon Colle Knights,tvSeries,2001,2002,30,"Action,Adventure,Animation",6.5,89,0
3113,tt0338661,Speed Racer X,Speed Racer X,tvSeries,1997,2002,\N,"Action,Animation,Sci-Fi",7.1,89,0
3114,tt0374472,Brave Raideen,Yûsha Raidîn,tvSeries,1975,1976,30,"Adventure,Animation,Fantasy",6.2,89,0
3115,tt13949358,Queen's Blade: Vanquished Queens,Queen's Blade: Vanquished Queens,tvMiniSeries,2013,2014,\N,"Action,Animation",6.1,89,0
3116,tt21001320,Prima Doll,Prima Doll,tvSeries,2022,\N,\N,"Animation,Drama,Sci-Fi",6.8,89,0
3117,tt39673615,Ingoku Danchi: Deviant's Apartment Complex,Ingoku Danchi,tvSeries,2026,2026,\N,"Animation,Comedy,Fantasy",5.6,89,0
3118,tt0298443,Urashiman,Mirai keisatsu urashiman,tvSeries,1983,1983,30,"Action,Animation,Comedy",7.3,88,0
3119,tt0328338,Rizelmine,Rizerumain,tvSeries,2002,2002,15,"Animation,Comedy,Romance",6.1,88,0
3120,tt0414813,All Purpose Cultural Cat Girl Nuku Nuku,Bannô bunka nekomusume TV,tvMiniSeries,1998,1998,\N,"Action,Adventure,Animation",7.0,88,0
3121,tt10135034,Gosho Aoyama's Collection of Short Stories,Gosho Aoyama's Collection of Short Stories,tvMiniSeries,1999,2019,\N,Animation,7.5,88,0
3122,tt1392017,Innocent Venus,Inosento vînasu,tvSeries,2006,\N,23,"Adventure,Animation,Drama",5.5,88,0
3123,tt1409062,Natsu no arashi!,Natsu no arashi!,tvSeries,2009,\N,\N,"Animation,Comedy,Romance",7.0,88,0
3124,tt2208539,Windy Tales,Fuujin Monogatari,tvSeries,2004,2005,25,"Animation,Drama,Fantasy",7.1,88,0
3125,tt3198674,Miss Monochrome,Miss Monochrome,tvSeries,2013,\N,5,"Animation,Comedy,Music",6.2,88,0
3126,tt3741584,Argevollen,Shirogane no Ishi: Argevollen,tvSeries,2014,2014,23,"Action,Animation,Sci-Fi",6.0,88,0
3127,tt0115162,Eagle Riders,Eagle Riders,tvSeries,1996,1997,20,"Action,Adventure,Animation",7.4,87,0
3128,tt0286648,Gestalt,Choju Densetsu Gestalt,tvMiniSeries,1997,1997,60,"Action,Adventure,Animation",5.8,87,0
3129,tt0288961,Akko's Secret,Himitsu no Akko-chan,tvSeries,1969,1970,24,"Animation,Fantasy",7.5,87,0
3130,tt0288985,Fancy Lala,Mahô no stêji fanshî Rara,tvSeries,1998,1998,24,"Animation,Comedy,Drama",6.9,87,0
3131,tt0300194,My Dear Marie,Boku no Marî,tvMiniSeries,1996,1996,29,"Animation,Fantasy",6.9,87,0
3132,tt0756269,Gokudo,Gokudô-kun man'yûki,tvMiniSeries,1999,1999,23,"Action,Adventure,Animation",7.2,87,0
3133,tt0960287,Dragon Drive,Doragon Doraibu,tvSeries,2002,\N,25,"Action,Animation,Fantasy",7.0,87,0
3134,tt1197448,Neo Angelique: Abyss,Neo anjerîku: Abisu,tvSeries,2008,\N,\N,"Action,Adventure,Animation",6.4,87,0
3135,tt13398930,Cue!,Cue!,tvSeries,2022,\N,24,"Animation,Music",7.2,87,0
3136,tt1436636,Blue Dragon: Trials of the Seven Shadows,Blue dragon: Tenkai no shichiryû,tvSeries,2008,2009,\N,"Adventure,Animation,Comedy",7.5,87,0
3137,tt6543300,elDLIVE,elDLIVE,tvSeries,2017,\N,24,"Action,Animation,Crime",6.1,87,0
3138,tt0096840,Assemble Insert,Assenburu insâto,tvSeries,1989,1990,28,"Action,Animation,Comedy",6.9,86,0
3139,tt0114030,Ogre Slayer,Onikirimaru,tvMiniSeries,1995,1995,60,"Animation,Fantasy,Horror",6.3,86,0
3140,tt0159198,Magical Project S,Mahô shôjo Pretty Sammy,tvSeries,1996,1998,25,"Animation,Comedy,Family",7.5,86,0
3141,tt3314202,The Miyakawa Family's Hunger,Miyakawa ke no kuufuku,tvSeries,2013,2013,\N,"Animation,Comedy",6.1,86,0
3142,tt38037470,SI-VIS: The Sound of Heroes,SI-VIS: The Sound of Heroes,tvSeries,2025,\N,\N,"Animation,Music",6.6,86,0
3143,tt5079104,Re-Kan!,Re-Kan!,tvSeries,2015,2015,\N,"Animation,Comedy,Fantasy",5.0,86,0
3144,tt6840424,Saiyuki Reload,Saiyuki Reload,tvSeries,2003,2004,24,"Action,Animation,Comedy",7.2,86,0
3145,tt0137288,Armored Fleet Dairugger XV,Kikô Kantai dairugger XV,tvSeries,1982,1983,25,"Action,Adventure,Animation",5.7,85,0
3146,tt0203226,Samurai Troopers Gaiden,Yoroi-den samurai torupa gaiden,tvMiniSeries,1989,1989,50,"Action,Animation,Fantasy",6.9,85,0
3147,tt11033998,Outburst Dreamer Boys,Chuubyou Gekihatsu Boy,tvSeries,2019,2019,23,"Animation,Comedy",6.6,85,0
3148,tt1192876,Mai otome zwei,Mai otome zwei,tvSeries,2006,2007,116,"Animation,Comedy,Fantasy",6.9,85,0
3149,tt1301842,Hyakko,Hyakko,tvSeries,2008,2009,24,"Animation,Comedy",6.8,85,0
3150,tt1516229,Genji Monogatari Sennenki,Genji Monogatari Sennenki,tvSeries,2009,2009,22,"Animation,Drama,History",6.1,85,0
3151,tt2369810,BeyWheelz,BeyWheelz,tvSeries,2012,2012,\N,"Action,Adventure,Animation",6.5,85,0
3152,tt0159887,Lightspeed Electroid Albegas,Kosoku Denjin Albegas,tvSeries,1983,1984,25,"Action,Animation,Sci-Fi",7.3,84,0
3153,tt0295495,Mighty Space Miners,Oira uchû no tankôfu,tvMiniSeries,1994,1995,60,"Adventure,Animation,Sci-Fi",6.6,84,0
3154,tt0769997,Jinki: Extend,Jinki: Extend,tvMiniSeries,2005,2006,\N,"Animation,Drama,Sci-Fi",6.2,84,0
3155,tt0983973,Mamotte! Lollipop,Mamotte! Lollipop,tvSeries,2006,\N,\N,"Animation,Comedy,Fantasy",6.7,84,0
3156,tt11455784,Show by Rock!! Mashumairesh!!,Show by Rock!! Mashumairesh!!,tvSeries,2020,\N,23,"Animation,Comedy,Music",7.9,84,0
3157,tt4046802,Mysterious Joker,Kâito jôkâ,tvSeries,2014,2016,\N,"Adventure,Animation,Comedy",7.7,84,0
3158,tt4060956,Hakugei: Legend of the Moby Dick,Hakugei densetsu,tvSeries,1997,1999,25,"Adventure,Animation,Sci-Fi",7.3,84,0
3159,tt0192943,Knight Hunters,Weißkreuz,tvSeries,1998,2003,\N,"Action,Animation,Drama",7.5,83,0
3160,tt0256548,Brigadoon: Marin to Melan,Brigadoon: Marin to Melan,tvSeries,2000,2001,\N,"Action,Adventure,Animation",7.3,83,0
3161,tt0864942,The Legend of Condor Hero,Shin chou kyou ryo: Condor Hero,tvSeries,2001,2008,\N,"Action,Animation,Drama",7.2,83,0
3162,tt1216157,Monokurômu fakutâ,Monokurômu fakutâ,tvSeries,2008,2009,\N,"Action,Animation,Mystery",6.5,83,0
3163,tt18573684,You0 DECO,Yurei Deco,tvSeries,2022,2022,\N,"Animation,Mystery,Sci-Fi",5.6,83,0
3164,tt21101866,Smile of the Arsnotoria the Animation,Warau Arsnotoria Sun!,tvSeries,2022,\N,23,"Action,Animation,Comedy",6.1,83,0
3165,tt2359708,Hayate the Combat Butler: Can't Take My Eyes Off You,Hayate no Gotoku! Can't Take My Eyes Off You,tvSeries,2012,2012,\N,"Animation,Comedy,Romance",7.0,83,0
3166,tt2549054,Scan2Go,Scan2Go,tvSeries,2012,\N,24,"Animation,Family,Sci-Fi",7.1,83,0
3167,tt34621563,Sorairo Utility,Sorairo Utility,tvSeries,2025,\N,\N,"Animation,Comedy,Sport",6.5,83,0
3168,tt34754926,Frieren: Beyond Journey's End Original Mini-Anime - Magic of ??,Frieren: Beyond Journey's End Original Mini-Anime - Magic of ??,tvMiniSeries,2023,2026,1,"Animation,Comedy,Fantasy",6.6,83,0
3169,tt3588306,Dai Shogun - Great Revolution,Fuun Ishin Dai Shogun,tvSeries,2014,\N,\N,"Animation,History",5.6,83,0
3170,tt0288988,"Persia, the Magic Fairy",Mahô no yousei Persia,tvSeries,1984,1985,24,"Animation,Comedy,Family",6.9,82,0
3171,tt0377237,Overman King Gainer,Overman King-Gainer,tvSeries,2002,2003,30,"Adventure,Animation,Sci-Fi",6.9,82,0
3172,tt12044608,Dropout Idol Fruit Tart,Ochikobore Fruit Tart,tvSeries,2020,\N,\N,"Animation,Comedy,Drama",6.3,82,0
3173,tt14443540,Night World,Yoru no kuni,tvSeries,2021,2021,\N,"Animation,Fantasy,Music",7.4,82,0
3174,tt2298577,Agatha Christie's Great Detectives Poirot and Marple,Agasa Kurisutî no meitantei Powaro to Mâpuru,tvSeries,2004,2005,24,"Adventure,Animation,Crime",7.6,82,0
3175,tt5821698,Rainy Cocoa,Ame-iro cocoa,tvSeries,2015,2019,2,"Animation,Comedy",4.2,82,0
3176,tt0110464,Maps,Maps densetsu no fukkatsu,tvMiniSeries,1994,\N,\N,"Adventure,Animation,Sci-Fi",6.4,81,0
3177,tt0203227,Ronin Warriors: New Adventures OVA - Legend of the Inferno Armor,Yoroi-den samurai torupa kikotei densetsu,tvMiniSeries,1989,1990,30,"Action,Animation,Fantasy",6.9,81,0
3178,tt10257002,Million Doll,Million Doll,tvSeries,2015,2015,\N,"Animation,Drama,Music",7.5,81,0
3179,tt1092560,Potemayo,Potemayo,tvSeries,2007,2007,24,"Animation,Comedy,Drama",7.8,81,0
3180,tt1206627,Mister Ajikko,Misutâ ajikko,tvSeries,1987,1989,25,"Animation,Comedy",7.0,81,0
3181,tt1216232,Our Home's Fox Deity,Wagaya no oinari sama.,tvSeries,2008,2008,24,"Animation,Comedy,Fantasy",6.4,81,0
3182,tt6559968,Gokujo.: Gokurakuin Joshikou Ryou Monogatari,Gokujo.: Gokurakuin Joshikou Ryou Monogatari,tvMiniSeries,2012,2012,\N,"Animation,Comedy",5.5,81,0
3183,tt9585568,Grimms Notes the Animation,Grimms Notes The Animation,tvSeries,2019,\N,\N,"Action,Adventure,Animation",5.5,81,0
3184,tt0099159,Blue Sonnet,Akai kiba Blue Sonnet,tvMiniSeries,1989,\N,\N,"Animation,Drama,Sci-Fi",6.6,80,0
3185,tt0159363,Cleopatra D.C.,Cleopatra D.C.,tvSeries,1989,1989,110,"Action,Animation,Mystery",6.0,80,0
3186,tt0301373,Guy: Double Target,Gai yoma kakusei,tvMiniSeries,1990,1990,35,"Action,Animation,Comedy",6.0,80,0
3187,tt0802914,Wild ARMs: Twilight Venom,Wild ARMs: Twilight Venom,tvSeries,1999,2000,\N,"Action,Adventure,Animation",6.2,80,0
3188,tt0872302,The Melody of Oblivion,Bôkyaku no senritsu,tvSeries,2004,2004,25,"Animation,Horror,Sci-Fi",5.7,80,0
3189,tt25816576,Ippon Again!,Mou Ippon!,tvMiniSeries,2023,2023,\N,"Action,Animation,Drama",6.9,80,0
3190,tt0159714,Dragon Century,Ryû seiki,tvSeries,1988,\N,30,"Animation,Fantasy,Horror",6.8,79,0
3191,tt0288984,Magical Idol Pastel Yumi,Mahô no idol Pastel Yumi,tvSeries,1986,\N,24,"Animation,Comedy,Family",6.4,79,0
3192,tt0305053,The Yearling,Kojika monogatari,tvSeries,1983,1985,24,"Animation,Drama",7.2,79,0
3193,tt0461109,Time Trouble Tondekeman,Time Trouble Tondekeman,tvSeries,1989,1990,25,"Adventure,Animation,Comedy",7.7,79,0
3194,tt0856794,Gundam Evolve,Kidô senshi Gundam Evolve,tvSeries,2001,2007,7,"Animation,Comedy,Drama",5.8,79,0
3195,tt0879090,Kujibiki Unbalance,Kujibiki anbaransu,tvSeries,2004,2006,\N,"Animation,Comedy,Romance",5.7,79,0
3196,tt10787030,Anime de Wakaru Shinryounaika,Anime de Wakaru Shinryounaika,tvMiniSeries,2015,2015,\N,"Animation,Comedy",6.2,79,0
3197,tt1118543,Sketchbook: Full Colors,Sukecchi bukku: Furu karâzu,tvMiniSeries,2007,2007,24,"Animation,Comedy,Drama",7.3,79,0
3198,tt11587812,Oda Cinnamon Nobunaga,Oda Cinnamon Nobunaga,tvSeries,2020,2020,25,"Animation,Comedy,History",6.2,79,0
3199,tt13819192,Saiyuki Reload: Zeroin,Saiyuki Reload: Zeroin,tvSeries,2022,2022,24,"Action,Adventure,Animation",6.7,79,0
3200,tt14043600,Blue Reflection Ray,Blue Reflection Ray,tvSeries,2021,2021,24,"Action,Animation,Drama",5.8,79,0
3201,tt1659949,Mûmin,Mûmin,tvSeries,1969,1970,30,"Adventure,Animation,Fantasy",7.2,79,0
3202,tt2033910,Viper's Creed,Viper's Creed,tvSeries,2009,2009,\N,"Action,Animation,Sci-Fi",6.5,79,0
3203,tt3804720,Wonder Momo,Wonder Momo,tvMiniSeries,2014,2014,7,Animation,4.6,79,0
3204,tt7684436,Sengoku Basara: End of Judgement,Sengoku Basara: End of Judgement,tvSeries,2014,\N,\N,"Action,Animation",6.9,79,0
3205,tt0110103,Iczer gal: Iczelion,Iczer gal: Iczelion,tvMiniSeries,1995,1995,\N,"Animation,Sci-Fi",6.6,78,0
3206,tt0113169,Galaxy Fraulein Yuna,Ginga ojousama densetsu Yuna,tvMiniSeries,1995,\N,30,"Animation,Comedy",6.7,78,0
3207,tt0294022,Captain Harlock and the Queen of a Thousand Years,Captain Harlock and the Queen of a Thousand Years,tvSeries,1985,1986,30,"Action,Adventure,Animation",7.6,78,0
3208,tt0296415,New Maple Town Story,Shin Maple Town monogatari,tvSeries,1987,1987,24,"Adventure,Animation,Family",7.5,78,0
3209,tt1148224,Shining Tears X Wind,Shainingu tiâzu kurosu windo,tvSeries,2007,2007,\N,"Adventure,Animation,Fantasy",5.5,78,0
3210,tt1179815,Sister Princess,Shisutâ purinsesu,tvSeries,2001,2001,\N,"Animation,Comedy,Drama",5.3,78,0
3211,tt15783416,Shine Post,Shine Post,tvSeries,2022,\N,\N,"Animation,Music",8.0,78,0
3212,tt31811111,HIGHSPEED Étoile,Haisupîdo Etowâru,tvSeries,2024,\N,\N,"Animation,Sport",6.0,78,0
3213,tt38572776,I Saved Myself with a Potion!: Life in Another World,"Potion, Wagami wo Tasukeru",tvSeries,2025,\N,\N,"Animation,Fantasy",6.2,78,0
3214,tt39122722,"Kujima: Why Sing, When You Can Warble?",Kujima Utaeba Ie Hororo,tvSeries,2026,\N,\N,"Animation,Comedy",7.1,78,0
3215,tt0180345,Dancouga: Super Beast Machine God,Chôjû kishin Dancouga,tvSeries,1985,1985,25,"Action,Animation,Sci-Fi",7.0,77,0
3216,tt0294184,GoShogun,Sengoku majin Go-Shogun,tvSeries,1981,1981,30,"Action,Animation,Sci-Fi",6.8,77,0
3217,tt0331167,Cyber Team in Akihabara,Akihabara dennô gumi,tvSeries,1998,1998,22,"Action,Adventure,Animation",6.4,77,0
3218,tt0343250,Transformers: Myclone Legend,Chô robot seimeitai Transformer: Micron densetsu,tvSeries,2003,\N,\N,"Animation,Family",7.3,77,0
3219,tt0468607,Miami Guns,Maiami ganzu,tvSeries,2000,2000,\N,"Animation,Comedy,Crime",6.8,77,0
3220,tt0878633,Brighter Than the Dawning Blue,Yoake mae yori ruri iro na: Crescent love,tvSeries,2006,2006,\N,"Animation,Comedy,Drama",7.2,77,0
3221,tt10958280,Stop!! Hibari-kun!,Stop!! Hibari-kun!,tvSeries,1983,1984,25,"Animation,Comedy,Romance",7.1,77,0
3222,tt1986394,Fresh PreCure!,Furesshu Purikyua!,tvSeries,2009,2010,25,"Action,Adventure,Animation",8.2,77,0
3223,tt4691568,Aria the Avvenire,Aria the Avvenire,tvSeries,2015,2015,60,"Animation,Drama,Fantasy",7.4,77,0
3224,tt5340982,Digimon Xros Wars: The Evil Death Generals and the Seven Kingdoms,Dejimon Kurosu Wôzu: Aku no Desu Jeneraru to Nanajin no Oukoku,tvSeries,2011,\N,\N,"Action,Adventure,Animation",7.4,77,0
3225,tt0106066,Miracle Girls,Mirakuru gâruzu,tvSeries,1993,1993,24,"Animation,Drama,Family",7.4,76,0
3226,tt0248620,The King of the Braves GaoGaiGar Final,Yûsha ô Gaogaigar: Fainaru,tvSeries,2000,2003,\N,"Action,Animation,Sci-Fi",7.6,76,0
3227,tt0495361,Kidô senshi Gundam Seed MSV Astray,Kidô senshi Gundam Seed MSV Astray,tvMiniSeries,2004,2004,6,"Action,Adventure,Animation",5.8,76,0
3228,tt10707854,Chidori RSC,Rifle is Beautiful,tvMiniSeries,2019,2020,23,"Animation,Comedy,Sport",5.7,76,0
3229,tt12584900,Rail Romanesque,Rail Romanesque,tvSeries,2020,\N,\N,"Animation,Comedy",5.5,76,0
3230,tt3399788,Strange+,Strange+,tvMiniSeries,2014,\N,\N,"Animation,Comedy,Short",5.1,76,0
3231,tt5086972,Starmyu,Starmyu,tvSeries,2015,2017,24,"Animation,Comedy,Music",6.8,76,0
3232,tt5674066,Pan De Peace!,Pan De Peace!,tvSeries,2016,2016,3,"Animation,Comedy,Short",5.3,76,0
3233,tt7839458,Mahôjin guru guru,Mahôjin guru guru,tvSeries,2017,2017,24,"Action,Adventure,Animation",7.4,76,0
3234,tt9314454,The Magnificent Kotobuki,Koya no Kotobuki Hikotai,tvMiniSeries,2019,2019,\N,"Action,Animation",6.3,76,0
3235,tt9406726,Kiss in the Dark,Kiss in the Dark,tvMiniSeries,2005,2005,26,"Animation,Comedy,Romance",6.1,76,0
3236,tt0189268,Spooky Kitaro,Gegege no Kitarô,tvSeries,1968,1969,\N,"Action,Animation,Comedy",7.1,75,0
3237,tt0818349,Diamond Daydreams,Kita e...: Diamond Dust Drops,tvMiniSeries,2004,2004,\N,Animation,6.7,75,0
3238,tt0994694,Yomigaeru sora: Rescue Wings,Yomigaeru sora: Rescue Wings,tvSeries,2006,\N,\N,"Animation,Drama,Romance",6.4,75,0
3239,tt10955388,In The Beginning: The Bible Stories,Tezuka Osamu no Kyûyaku Seisho Monogatari,tvSeries,1992,1997,\N,"Adventure,Animation,Biography",7.6,75,0
3240,tt1116638,Tetsujin 28,Tetsujin nijûhachi-gô,tvSeries,2004,2004,22,"Action,Adventure,Animation",6.8,75,0
3241,tt1262009,Ramen Fighter Miki,Muteki kanban musume,tvSeries,2006,2006,\N,"Action,Animation,Comedy",7.7,75,0
3242,tt13628864,Puraore! Pride of Orange,Puraore! Pride of Orange,tvSeries,2021,\N,\N,"Animation,Sport",6.0,75,0
3243,tt14489160,Kaginado,Kaginado,tvSeries,2021,2022,\N,"Animation,Comedy,Drama",6.7,75,0
3244,tt15432108,Kidou Senshi Gundam: Tekketsu no Orphans - Urdr Hunt,Kidou Senshi Gundam: Tekketsu no Orphans - Urdr Hunt,tvSeries,2022,\N,\N,"Action,Adventure,Animation",7.7,75,0
3245,tt1582777,Chu-Bra!!,Chûbura!!,tvMiniSeries,2010,2010,30,"Animation,Comedy",5.8,75,0
3246,tt2001705,Interlude,Interlude,tvSeries,2003,\N,\N,"Adventure,Animation,Horror",6.4,75,0
3247,tt2703716,Muromi-san,Namiuchigiwa no Muromi-san,tvSeries,2013,2013,12,"Animation,Comedy,Fantasy",6.4,75,0
3248,tt29476307,Bullbuster,Bullbuster,tvSeries,2023,2023,23,"Action,Animation,Sci-Fi",6.0,75,0
3249,tt8422138,Makura no Danshi,Makura no Danshi,tvMiniSeries,2015,2015,4,"Animation,Short",3.5,75,0
3250,tt0203228,Yoroiden Samurai Troopers: Message,Yoroi-den samurai torupa: Message,tvMiniSeries,1991,1991,125,"Action,Animation,Fantasy",6.5,74,0
3251,tt0264281,Nazca,Jikû Tenshô Nasuka,tvSeries,1998,1998,\N,"Action,Animation,Drama",6.6,74,0
3252,tt0407533,Arcade Gamer Fubuki,Arcade Gamer Fubuki,tvSeries,2002,2003,140,"Animation,Comedy",6.4,74,0
3253,tt0857298,Pita-Ten,Pita-Ten,tvSeries,2002,\N,\N,"Animation,Comedy,Drama",7.0,74,0
3254,tt11329358,Vampire Holmes,Vampire Holmes,tvSeries,2015,2015,3,Animation,3.6,74,0
3255,tt15128000,180 Byou de Kimi no Mimi wo Shiawase ni Dekiru ka?,180 Byou de Kimi no Mimi wo Shiawase ni Dekiru ka?,tvSeries,2021,\N,\N,"Animation,Comedy",5.2,74,0
3256,tt2596090,Mangirl!,Mangirl!,tvSeries,2013,2013,\N,"Animation,Comedy,Short",5.0,74,0
3257,tt3633660,Legend of Crystania: The Chaos Ring,Legend of Crystania: The Chaos Ring,tvMiniSeries,1996,1997,135,"Action,Animation,Fantasy",6.5,74,0
3258,tt6350614,Scorching Ping Pong Girls,Shakunetsu no takkyû musume,tvSeries,2016,2016,24,"Action,Animation,Comedy",6.5,74,0
3259,tt0109658,End of Summer,Dôkyûsei,tvMiniSeries,1994,1995,29,"Animation,Comedy,Drama",6.9,73,0
3260,tt0158455,Iczer Reborn,Bôken! Iczer-3,tvSeries,1990,1991,30,"Animation,Sci-Fi",6.1,73,0
3261,tt1132207,Moetan,Moetan,tvSeries,2007,\N,24,"Animation,Comedy,Fantasy",6.4,73,0
3262,tt1169180,Kaiketsu zorori,Kaiketsu zorori,tvSeries,2004,2005,25,"Adventure,Animation,Comedy",7.6,73,0
3263,tt1238333,Azuki-chan,Azuki-chan,tvSeries,1995,1998,25,"Animation,Comedy,Drama",7.4,73,0
3264,tt14563172,Sanrio Danshi,Sanrio Danshi,tvSeries,2018,2018,24,Animation,6.8,73,0
3265,tt1464470,Taisho Baseball Girls,Taishô yakyû musume.,tvSeries,2009,2009,\N,"Animation,Comedy,Drama",6.6,73,0
3266,tt1804031,Isamu the Wilderness Boy,Kôya no Shônen Isamu,tvSeries,1973,1974,30,"Animation,Western",6.6,73,0
3267,tt21421752,Utawarerumono Mask of Truth,Utawarerumono: Futari no Hakuoro,tvSeries,2022,\N,25,"Action,Adventure,Animation",6.8,73,0
3268,tt2629754,Tamayura: Hitotose,Tamayura: Hitotose,tvMiniSeries,2011,2013,24,"Animation,Comedy,Drama",6.8,73,0
3269,tt3578678,Minami-ke: Tadaima,Minami-ke: Tadaima,tvSeries,2013,2013,24,"Animation,Comedy,Drama",7.4,73,0
3270,tt4109966,Maryuu Senki,Maryuu Senki,tvMiniSeries,1987,1989,\N,"Action,Animation,Fantasy",5.5,73,0
3271,tt5175246,Banner of the Stars III,Seikai no senki III,tvSeries,2005,\N,30,"Action,Animation,Drama",7.4,73,0
3272,tt0189269,Kitaro second work,Gegege no Kitarô,tvSeries,1971,1972,\N,"Action,Animation,Fantasy",6.7,72,0
3273,tt0462653,Xabungle,Sentô mecha Xabungle,tvSeries,1982,1983,30,"Action,Adventure,Animation",6.9,72,0
3274,tt1206165,D.I.C.E.,D.I.C.E.,tvSeries,2005,2005,\N,"Action,Animation,Sci-Fi",7.6,72,0
3275,tt12100946,Shadowverse,Shadowverse,tvSeries,2020,\N,25,"Action,Animation,Drama",6.2,72,0
3276,tt1345978,IDOLM@STER: Xenoglossia,Aidorumasutâ: Xenoglossia,tvSeries,2007,2007,24,"Action,Animation,Comedy",5.0,72,0
3277,tt6343554,Long Riders!,Long Riders!,tvSeries,2016,2017,24,"Animation,Comedy,Sport",7.2,72,0
3278,tt6436436,Minami Kamakura High School Girls Cycling Club,Minami Kamakura Kôkô Joshi Jitensha-bu,tvSeries,2017,2017,24,"Animation,Drama,Sport",6.4,72,0
3279,tt0294181,Star Musketeer Bismark,Sei jûshi Bisumaruku,tvSeries,1984,1985,30,"Action,Adventure,Animation",6.5,71,0
3280,tt0304995,Free Kick Toward Tomorrow,Ashita e furî kikku,tvSeries,1992,\N,25,"Animation,Sport",6.6,71,0
3281,tt0326226,Tokyo Pig,Hare Tokidoki buta,tvSeries,1997,1998,24,"Action,Animation,Comedy",7.6,71,0
3282,tt0419826,New Hurricane Polymar,Shin Hurricane Polymar,tvMiniSeries,1996,1997,30,"Action,Animation,Sci-Fi",5.9,71,0
3283,tt0425677,Gravion Zwei,Chôjûshin Gravion Zwei,tvSeries,2004,2004,\N,"Animation,Comedy,Sci-Fi",6.8,71,0
3284,tt15447298,Holo no Graffiti,Holo no Graffiti,tvSeries,2019,\N,\N,"Animation,Comedy,Short",8.0,71,0
3285,tt32863895,The Stories of Girls Who Couldn't Be Magicians,Mahôtsukai ni Narenakatta Onnanoko no Hanashi.,tvSeries,2024,\N,\N,"Animation,Drama,Fantasy",6.2,71,0
3286,tt35351289,Maebashi Witches,Maebashi Witches,tvSeries,2025,\N,\N,"Animation,Family,Fantasy",6.1,71,0
3287,tt6477282,Tenshi no 3P!,Tenshi no 3P!,tvSeries,2017,2017,23,"Animation,Music",6.3,71,0
3288,tt7150338,Black Jack,Black Jack,tvSeries,2004,2006,24,"Adventure,Animation,Comedy",7.7,71,0
3289,tt0107345,Mask of Zeguy,Unkai no meikyû zegai,tvSeries,1993,\N,70,"Adventure,Animation,Fantasy",5.7,70,0
3290,tt0168378,"Bush Baby, Little Angel of the Grasslands",Daisougen no Chiisana Tenshi Busshubeibii,tvSeries,1992,1992,24,Animation,7.3,70,0
3291,tt11834788,BanG Dream! Girls Band Party! PICO,BanG Dream! Girls Band Party! PICO,tvMiniSeries,2018,2022,\N,"Animation,Comedy,Music",8.0,70,0
3292,tt14979584,Rumble Garanndoll,Gyakuten Sekai no Denchi Shoujo,tvSeries,2021,2021,\N,"Action,Animation,Sci-Fi",5.5,70,0
3293,tt3336822,Amada Anime Series: Super Mario,Amada Anime Series: Super Mario,tvSeries,1989,1989,13,"Adventure,Animation,Comedy",6.1,70,0
3294,tt3618122,M3 that Dark Metal,M3: Sono Kuroki Hagane,tvSeries,2014,2014,24,"Animation,Fantasy,Horror",6.6,70,0
3295,tt4808010,Etotama,Etotama,tvSeries,2015,2015,\N,"Action,Animation,Comedy",6.5,70,0
3296,tt0188359,Cyborg 009,Saibôgu 009,tvSeries,1968,1968,25,"Action,Adventure,Animation",5.9,69,0
3297,tt0460384,Uta kata,Uta kata,tvSeries,2004,\N,\N,"Animation,Drama,Fantasy",6.4,69,0
3298,tt0981248,Renkin Sankyû Magical? Pokân,Renkin Sankyû Magical? Pokân,tvMiniSeries,2006,2006,\N,"Animation,Comedy,Fantasy",7.2,69,0
3299,tt1051924,Blue Comet SPT Layzner,Aoki ryûsei SPT Reizunâ,tvSeries,1985,1986,24,"Action,Adventure,Animation",6.9,69,0
3300,tt1429175,Living for the Day After Tomorrow,Asatte no hôkô.,tvSeries,2006,2006,24,Animation,6.8,69,0
3301,tt27531662,Chibi Godzilla Raids Again,Chibi Godzilla no Gyakushuu,tvSeries,2023,2026,3,"Animation,Comedy,Fantasy",8.0,69,0
3302,tt38267477,BanG Dream! YUME∞MITA,BanG Dream! YumeMita,tvSeries,2026,2026,\N,"Animation,Comedy,Drama",7.2,69,0
3303,tt39047437,Star Detective Precure!,Meitantei Purikyua!,tvSeries,2026,2027,23,"Action,Adventure,Animation",7.7,69,0
3304,tt3947646,Bite Me! Chameleon,Kamereon,tvMiniSeries,1992,1996,\N,"Action,Animation,Comedy",8.2,69,0
3305,tt9836798,Cinderella Nine,Hachigatsu no Cinderella Nine,tvSeries,2019,\N,\N,"Animation,Drama,Sport",5.3,69,0
3306,tt0142908,Tetsujin nijûhachi-go,Tetsujin nijûhachi-go,tvSeries,1963,1965,30,"Action,Adventure,Animation",6.4,68,0
3307,tt0160397,Y's II: Castle in the Heavens,Îsu II: Tenkû no shinden,tvMiniSeries,1992,\N,30,"Adventure,Animation,Drama",6.7,68,0
3308,tt0207152,I'm Gonna Be an Angel,Tenshi ni narumon,tvSeries,1999,\N,\N,"Animation,Comedy,Fantasy",7.0,68,0
3309,tt11601916,Chibi Devi!,Chibi Devi!,tvSeries,2011,2014,\N,Animation,7.7,68,0
3310,tt3803820,PriPara,PuriPara,tvSeries,2014,2017,23,"Animation,Comedy,Drama",7.7,68,0
3311,tt3967966,Mahou Shoujo Lyrical Nanoha ViVid,Mahou Shoujo Lyrical Nanoha ViVid,tvSeries,2015,2016,\N,"Action,Animation,Fantasy",6.6,68,0
3312,tt41398126,Ichijyoma Mankitsu Gurashi!,Ichijyoma Mankitsu Gurashi!,tvSeries,2026,\N,\N,"Animation,Comedy",6.4,68,0
3313,tt4291128,Yatterman Night,Yoru no Yatterman,tvSeries,2015,2015,\N,"Action,Adventure,Animation",6.4,68,0
3314,tt8806872,Fate/Zero Remix,Fate/Zero Remix,tvSeries,2012,2012,24,"Action,Animation,Fantasy",7.2,68,0
3315,tt0106046,Alien Defender Geo-Armor: Kishin Corps,Kishin Heidan,tvMiniSeries,1993,1994,30,"Adventure,Animation,Sci-Fi",6.9,67,0
3316,tt0293987,Eitoman,Eitoman,tvSeries,1963,1964,30,"Action,Adventure,Animation",6.2,67,0
3317,tt0454348,Giant Gorg,Jaianto Gôgu,tvSeries,1984,1984,30,"Action,Animation,War",6.9,67,0
3318,tt1160475,Legend of Duo,Rejendo obu duo,tvSeries,2004,\N,\N,"Animation,Drama,Fantasy",4.5,67,0
3319,tt1196655,My-Otome 0: S.ifr,Mai-Otome 0~S.ifr~,tvSeries,2008,2008,\N,"Animation,Fantasy,Sci-Fi",7.2,67,0
3320,tt14430690,Good Day for Gag Manga,Gag Manga Biyori,tvSeries,2005,2025,5,"Animation,Comedy",7.1,67,0
3321,tt1876331,Hen Semi,Hen Semi,tvMiniSeries,2010,2011,\N,"Animation,Comedy",5.2,67,0
3322,tt26699386,THE IDOLM@STER CINDERELLA GIRLS U149,Aidoru Masutâ Shindereragâruzu U149,tvSeries,2023,2023,24,"Animation,Comedy,Drama",6.9,67,0
3323,tt2942188,Chronicles of the Going Home Club,Kitakubu katsudô kiroku,tvSeries,2013,\N,\N,"Animation,Comedy",6.9,67,0
3324,tt5591262,Wakaba Girl,Wakaba Girl,tvSeries,2015,2015,8,"Animation,Comedy",6.4,67,0
3325,tt6350902,Magic of Stella,Stella no mahô,tvSeries,2016,\N,24,"Animation,Comedy",6.9,67,0
3326,tt8278732,Alice or Alice: Siscon Niisan to Futago no Imouto,Alice or Alice: Siscon Niisan to Futago no Imouto,tvSeries,2018,\N,3,"Animation,Comedy",4.7,67,0
3327,tt9073902,The Girl in Twilight,Akanesasu shoujo,tvSeries,2018,2018,24,"Action,Animation,Fantasy",6.3,67,0
3328,tt0162467,Maze: The Mega-Burst Space,Maze bakunetsu jikû,tvSeries,1997,1997,25,"Adventure,Animation,Comedy",6.6,66,0
3329,tt0774082,Fang of the Sun Dougram,Taiyô no kiba dougram,tvSeries,1981,1983,25,"Action,Adventure,Animation",7.4,66,0
3330,tt0988816,Futakoi Alternative,Futakoi Alternative,tvSeries,2005,2005,24,"Action,Animation,Comedy",6.0,66,0
3331,tt13417144,Getter Robo Ark,Getter Robo Ark,tvSeries,2021,\N,\N,"Action,Adventure,Animation",6.2,66,0
3332,tt2286879,Ozuma,Ozuma,tvSeries,2012,2012,\N,"Action,Adventure,Animation",6.0,66,0
3333,tt27197973,Power of Hope: Precure Full Bloom,Kibô no Chikara: Otona Precure 23,tvSeries,2023,2023,25,"Action,Adventure,Animation",6.2,66,0
3334,tt5287462,DNA²: Dokokade nakushita aitsu no aitsu,DNA²: Dokokade nakushita aitsu no aitsu,tvMiniSeries,1995,1995,30,"Action,Animation,Comedy",6.2,66,0
3335,tt0370220,VS. Knight Ramune & 40 Fresh,VS. Knight Ramune & 40 Fresh,tvMiniSeries,1997,1998,180,"Adventure,Animation,Comedy",6.6,65,0
3336,tt0834546,Cinderella Boy,Cinderella Boy,tvSeries,2003,\N,25,"Action,Animation,Comedy",6.1,65,0
3337,tt0997313,Sasami mahô shôjo kurabu,Sasami mahô shôjo kurabu,tvSeries,2006,\N,\N,"Animation,Fantasy",5.6,65,0
3338,tt0997406,Mahoraba: Heartful Days,Mahoraba: Heartful Days,tvSeries,2005,2005,\N,"Animation,Comedy,Drama",7.1,65,0
3339,tt10662504,"RErideD - Derrida, who leaps through time",Riraideddo Tokigoe no Derida,tvSeries,2018,2018,23,"Action,Animation,Drama",5.9,65,0
3340,tt1177056,Dojin Work,Dôjin wâku,tvSeries,2007,\N,14,"Animation,Comedy",6.6,65,0
3341,tt12826646,Obotchamakun,Obotchamakun,tvSeries,1989,1992,\N,Animation,7.9,65,0
3342,tt13815676,Itsuka Tenma no Kuro Usagi,Itsuka Tenma no Kuro Usagi,tvSeries,2011,2012,25,"Action,Animation,Comedy",5.3,65,0
3343,tt2109422,Kamichama Karin,Kamichama Karin,tvSeries,2007,2007,24,"Animation,Comedy,Fantasy",7.0,65,0
3344,tt3651546,Spirit of Wonder: Scientific Boys Club,Spirit of Wonder: Shônen kagaku kurabu,tvMiniSeries,2001,2001,60,"Adventure,Animation,Sci-Fi",6.6,65,0
3345,tt7742090,HAKYU HOSHIN ENGI,Hakyû Hôshin Engi,tvSeries,2018,\N,24,"Action,Adventure,Animation",5.5,65,0
3346,tt0216876,Lensman: Galactic Patrol,Lensman: Galactic Patrol,tvSeries,1984,1985,25,"Action,Animation,Sci-Fi",6.4,64,0
3347,tt0305070,Miyuki,Miyuki,tvSeries,1983,1984,24,"Animation,Comedy,Drama",7.3,64,0
3348,tt0994186,Twin Princess of Wonder Planet,Fushigi boshi no futago hime,tvSeries,2005,2006,24,Animation,6.1,64,0
3349,tt0997284,Ohedo Rocket,Ôedo roketto,tvSeries,2007,\N,\N,"Animation,Comedy,Drama",6.9,64,0
3350,tt1325701,Over Drive,Ôbâdoraibu,tvSeries,2007,\N,\N,"Animation,Comedy,Romance",6.8,64,0
3351,tt13316792,K: Seven Stories,K: Seven Stories,tvMiniSeries,2018,2018,\N,Animation,7.4,64,0
3352,tt1346189,The Girl Who Leapt Through Space,Sora o kakeru shôjo,tvSeries,2009,\N,\N,"Adventure,Animation,Comedy",6.5,64,0
3353,tt15372356,Encouragement of Climb: Next Summit,Yama no Susume: Next Summit,tvSeries,2022,\N,\N,"Adventure,Animation,Comedy",7.6,64,0
3354,tt2339005,A Summer-Colored Miracle,Natsuiro kiseki,tvSeries,2012,2012,24,Animation,6.9,64,0
3355,tt2904622,"Stella Women's Academy, High School Division Class C³",Stella Jogakuin Koutou-ka C³-bu,tvMiniSeries,2013,2013,\N,"Animation,Comedy,Fantasy",6.3,64,0
3356,tt3124918,God Mars,Rokushin gattai Goddomazu,tvSeries,1981,1982,30,"Action,Adventure,Animation",6.1,64,0
3357,tt4006060,Mujaki No Rakuen,Mujaki no Rakuen,tvMiniSeries,2014,2016,\N,"Animation,Comedy,Fantasy",4.6,64,0
3358,tt4297116,Goddamn,Goddamn,tvMiniSeries,1990,1990,64,"Adventure,Animation,Sport",6.9,64,0
3359,tt6114698,Nobunaga No Shinobi,Nobunaga No Shinobi,tvSeries,2016,2018,4,"Animation,Comedy",7.3,64,0
3360,tt0113792,Megami Paradise,Megami Tengoku,tvSeries,1995,\N,60,"Animation,Comedy,Fantasy",7.0,63,0
3361,tt0299398,Tama of Third Street: Have You Seen My Tama?,Tama of Third Street: Have You Seen My Tama?,tvSeries,1993,\N,\N,"Animation,Family",7.0,63,0
3362,tt0318232,A Christmas Adventure,Mori no tonto tachi,tvSeries,1984,1985,30,"Adventure,Animation,Fantasy",7.0,63,0
3363,tt0488473,UFO senshi Diapolon,UFO senshi Diapolon,tvSeries,1976,1977,25,"Action,Animation,Sci-Fi",6.6,63,0
3364,tt0933425,Bottle Fairy,Binzume Yôsei,tvSeries,2003,2003,\N,"Animation,Comedy,Fantasy",6.5,63,0
3365,tt1485405,Moonlight Mile,Moonlight Mile 2nd shîzun: Touch down,tvSeries,2007,\N,\N,"Adventure,Animation,Drama",6.8,63,0
3366,tt16254906,Phantom of the Idol,Kami Kuzu Idol,tvMiniSeries,2022,2022,25,"Animation,Comedy,Music",6.6,63,0
3367,tt18183882,Extreme Hearts,Extreme Hearts,tvSeries,2022,2022,\N,"Animation,Music,Sport",6.8,63,0
3368,tt3037954,Leviathan: The Last Defense,Zettai Bouei Leviathan,tvSeries,2013,2013,20,"Adventure,Animation,Comedy",6.0,63,0
3369,tt3759640,Momo Kyun Sword,Momo Kyun Sword,tvSeries,2014,\N,\N,"Animation,Comedy,Fantasy",6.1,63,0
3370,tt5914168,Angel's Feather,Enjeruzu feza,tvSeries,2006,\N,\N,"Animation,Drama,Romance",4.8,63,0
3371,tt6532184,Spirit Warrior,Kujaku ô,tvMiniSeries,1988,1994,55,"Adventure,Animation,Fantasy",6.2,63,0
3372,tt8014790,Shuten Douji,Shuten Douji,tvMiniSeries,1989,1991,\N,"Animation,Horror",6.0,63,0
3373,tt0159891,Magical Princess Minky Momo: Hold on to Your Dreams,Mahô no purinsesu Minkî Momo,tvSeries,1991,1992,24,"Animation,Family,Fantasy",7.3,62,0
3374,tt0496193,D.C.S.S: Da Capo Second Season,D.C.S.S: Da Capo Second Season,tvSeries,2005,2005,\N,"Animation,Comedy,Drama",6.2,62,0
3375,tt0983969,Guardian Ninja Mamoru!,Kage kara mamoru!,tvSeries,2006,\N,\N,"Animation,Comedy,Romance",6.3,62,0
3376,tt1160834,Hatenkô yûgi,Hatenkô yûgi,tvSeries,2008,\N,24,"Action,Adventure,Animation",6.4,62,0
3377,tt13807542,Fairy Ranmaru: Anata no Kokoro Otasuke Shimasu,Fairy Ranmaru: Anata no Kokoro Otasuke Shimasu,tvSeries,2021,\N,\N,"Action,Animation,Fantasy",5.8,62,0
3378,tt1381179,Genma taisen - Shinwa zenya no shou,Genma taisen - Shinwa zenya no shou,tvSeries,2002,\N,25,"Adventure,Animation,Fantasy",3.4,62,0
3379,tt1862157,The Adventures of the Mini-Goddess,Adventures of the Mini Goddesses,tvSeries,1998,1999,\N,"Animation,Comedy",6.7,62,0
3380,tt21244528,Yoru wa Neko to Issho,Yoru wa Neko to Issho,tvSeries,2022,\N,\N,"Animation,Comedy,Short",7.1,62,0
3381,tt2320799,Shining Hearts,Shining Hearts: Shiawase no Pan,tvSeries,2012,\N,\N,"Animation,Fantasy",6.4,62,0
3382,tt27191819,Me & Roboco,Boku to Roboko,tvSeries,2022,\N,3,"Animation,Comedy,Fantasy",6.6,62,0
3383,tt28740765,Kidou Senshi Gundam Unicorn RE:0096,Kidou Senshi Gundam Unicorn RE:0096,tvSeries,2016,2016,23,"Action,Animation,Drama",8.1,62,0
3384,tt3294146,Z/X: Ignition,Z/X: Ignition,tvSeries,2014,\N,\N,"Adventure,Animation,Fantasy",6.0,62,0
3385,tt3828998,Himitsu: Top Secret - The Revelation,Himitsu: Top Secret - The Revelation,tvSeries,2008,2008,22,"Animation,Crime,Drama",6.4,62,0
3386,tt0305020,The Gutsy Frog,Dokonjô gaeru,tvSeries,1972,\N,30,"Animation,Comedy,Family",7.1,61,0
3387,tt0449721,Haikara-san ga tôru,Haikara-san ga tôru,tvSeries,1978,1979,25,"Animation,Drama,Romance",7.4,61,0
3388,tt0866579,Eden's Bowy,Eden's Bowy,tvSeries,1999,1999,24,"Action,Adventure,Animation",6.5,61,0
3389,tt0988817,Futakoi,Futakoi,tvSeries,2004,2004,24,"Animation,Comedy,Romance",5.8,61,0
3390,tt0996255,Soul Link,Soul Link,tvSeries,2006,2006,\N,"Adventure,Animation,Comedy",5.5,61,0
3391,tt11764320,Yatogame-chan Kansatsu Nikki,Yatogame-chan Kansatsu Nikki,tvSeries,2019,\N,4,"Animation,Comedy",5.8,61,0
3392,tt12415562,LBX Girls,Soukou Musume Senki,tvSeries,2021,\N,\N,"Action,Animation,Sci-Fi",6.7,61,0
3393,tt1933701,Babel nisei,Babel nisei,tvSeries,1973,\N,\N,"Action,Adventure,Animation",6.0,61,0
3394,tt2160688,The Legend of Ninja Kamui,Ninpû Kamui gaiden,tvSeries,1969,1969,24,"Action,Adventure,Animation",7.3,61,0
3395,tt2718686,Miracle Giants Dome-kun,Miracle Giants Dome-kun,tvSeries,1989,1990,\N,"Animation,Comedy,Drama",7.5,61,0
3396,tt27418288,Stella of the Theater: World Dai Star,World Dai Star,tvSeries,2023,\N,\N,"Animation,Drama,Music",6.8,61,0
3397,tt29474142,Snack Basue,Snack Basue,tvSeries,2024,2024,\N,"Animation,Comedy",5.9,61,0
3398,tt5161512,Yugo the Negotiator,Yugo the Negotiator,tvSeries,2004,\N,\N,"Action,Animation,Drama",6.3,61,0
3399,tt5419170,Hacka Doll the Animation,Hacka Doll the Animation,tvSeries,2015,\N,7,"Animation,Comedy,Short",5.8,61,0
3400,tt6126874,Barangay 143,Barangay 143,tvSeries,2018,2021,21,"Animation,Sport",6.1,61,0
3401,tt0302215,Yume no Hoshi no Button Nose,Yume no Hoshi no Button Nose,tvSeries,1985,1986,24,"Adventure,Animation,Family",7.4,60,0
3402,tt0421351,God Mazinger,Goddo Majingâ,tvSeries,1984,1984,30,"Action,Animation,Fantasy",6.8,60,0
3403,tt1073234,Shingu: Secret of the Stellar Wars,Gakuen senki Muryô,tvSeries,2001,2001,25,"Action,Adventure,Animation",7.1,60,0
3404,tt14146904,Queen's Blade Unlimited,Queen's Blade Unlimited,tvSeries,2018,2020,\N,"Action,Animation,Fantasy",6.1,60,0
3405,tt1836435,Wish Upon the Pleiades,Hokago no Pleiades,tvMiniSeries,2011,2011,6,"Animation,Comedy,Fantasy",5.7,60,0
3406,tt2019541,Pretty Rhythm: Aurora Dream,Pretty Rhythm Aurora Dream,tvSeries,2011,2012,30,"Animation,Family,Music",7.3,60,0
3407,tt2317757,Ippatsu Kiki Musume,Ippatsu Kiki Musume,tvSeries,1999,1999,4,"Action,Animation,Comedy",6.4,60,0
3408,tt31309480,The Way of Pon,Pon no Michi,tvSeries,2024,\N,25,"Animation,Comedy",5.7,60,0
3409,tt32832433,Tôhai ~Ura Rêto Mâjan Tôhai Roku~,Tôhai ~Ura Rêto Mâjan Tôhai Roku~,tvSeries,2024,\N,\N,"Animation,Drama,Sport",6.8,60,0
3410,tt3422000,Saber Marionette R,SM Girls Saber Marionette R Saber Marionette R,tvMiniSeries,1995,1995,96,"Animation,Comedy,Sci-Fi",6.3,60,0
3411,tt35504715,Hikari: Be My Light,Hikari: Be My Light,tvMiniSeries,2019,2022,40,"Animation,Drama,Romance",7.8,60,0
3412,tt37674481,My Stepmother and Stepsisters Aren't Wicked,Ibitte Konai Gibo to Gishi,tvSeries,2026,\N,\N,"Animation,Comedy",7.2,60,0
3413,tt4323930,The One and Only Step Up Love Story,Futari Ecchi,tvMiniSeries,2014,2014,30,"Animation,Drama,Romance",5.3,60,0
3414,tt5647272,Hayate the Combat Butler: Cuties,Hayate No Gotoku! Cuties,tvSeries,2013,2013,24,"Animation,Comedy,Romance",7.0,60,0
3415,tt5915166,B-Project,B-Project: Kodô Ambitious,tvSeries,2016,2016,24,"Animation,Drama,Music",6.2,60,0
3416,tt0110049,Homeroom Affairs,Tanin no kankei,tvMiniSeries,1994,1994,44,"Animation,Comedy,Romance",6.7,59,0
3417,tt0183848,Armored Trooper Votoms: Brilliantly Shining Heresy,Armored Trooper VOTOMS: Shining Heresy,tvMiniSeries,1994,1994,\N,"Action,Animation,Drama",6.7,59,0
3418,tt0292823,Nana the Supergirl,Nanako essu-ô-essu,tvSeries,1983,1983,23,"Animation,Comedy,Family",6.2,59,0
3419,tt0416379,The Kabocha Wine,The Kabocha Wine,tvSeries,1982,1984,\N,"Animation,Comedy,Romance",7.4,59,0
3420,tt0458215,Di Gi Charat Nyo,Di Gi Charat Nyo,tvSeries,2003,2004,13,"Animation,Comedy,Family",6.6,59,0
3421,tt1116911,Kum Kum,Wanpaku omukashi kum kum,tvSeries,1975,1976,25,Animation,7.2,59,0
3422,tt1175172,Zettai Shonen,Zettai shônen,tvSeries,2005,2005,25,"Animation,Drama,Fantasy",6.9,59,0
3423,tt19037400,Estab Life: Great Escape,Esutabu Raifu Gureito Eukepu,tvSeries,2022,\N,\N,"Action,Animation,Sci-Fi",6.2,59,0
3424,tt2211702,Miss Machiko,Maitchingu Machiko-sensei,tvSeries,1981,1983,24,"Animation,Comedy",7.1,59,0
3425,tt2390022,Busou Shinki,Busô shinki,tvSeries,2012,2013,\N,"Action,Animation,Comedy",6.0,59,0
3426,tt2572150,Kyoro-chan,Kyoro-chan,tvSeries,1999,2001,\N,Animation,7.6,59,0
3427,tt27427810,Kizuna No Allele,Kizuna no Ariru,tvSeries,2023,\N,24,Animation,5.5,59,0
3428,tt30291840,Tenchi in Tokyo,Shin Tenchi Muyo!,tvSeries,1997,1997,23,"Animation,Comedy,Drama",7.1,59,0
3429,tt30494894,Delusional Monthly Magazine,Gekkan Mousou Kagaku,tvSeries,2024,\N,24,"Animation,Comedy,Fantasy",5.2,59,0
3430,tt4563516,DD Fist of the North Star,Dî Dî Hokuto no Ken,tvSeries,2013,\N,15,"Action,Animation,Comedy",6.0,59,0
3431,tt0388700,All Purpose Cultural Cat Girl Nuku Nuku DASH!,Bannô bunka nekomusume Dash,tvMiniSeries,1998,1998,24,"Action,Animation,Sci-Fi",6.9,58,0
3432,tt0421354,Groizer X,Groizer X,tvSeries,1976,1977,28,"Animation,Sci-Fi",7.4,58,0
3433,tt1094233,Sky Girls,Sukai gâruzu,tvSeries,2007,\N,\N,"Action,Animation,Sci-Fi",6.6,58,0
3434,tt1234602,Tide-Line Blue,Taido rain burû,tvSeries,2005,2006,\N,"Action,Adventure,Animation",6.5,58,0
3435,tt13549930,Strike Witches: 501st Joint Fighter Wing Take Off!,Strike Witches: 501 Butai Hasshin Shimasu!,tvSeries,2019,2019,15,Animation,6.1,58,0
3436,tt1463155,Modern Magic Made Simple,Yokuwakaru gendai mahô,tvSeries,2009,\N,\N,"Action,Animation,Comedy",6.0,58,0
3437,tt15215660,Code Geass: Hangyaku no Lelouch R2 Picture Drama,Code Geass: Hangyaku no Lelouch R2 Picture Drama,tvMiniSeries,2008,2009,\N,Animation,6.3,58,0
3438,tt2609072,Puchimas!: Petit Idolm@ster,Puchimas!: Petit Idolm@ster,tvSeries,2013,2014,3,Animation,5.6,58,0
3439,tt33613782,Kinokoinu: Mushroom Pup,Kinoko Inu,tvSeries,2024,\N,23,"Animation,Comedy,Drama",6.3,58,0
3440,tt3677006,Super Mashin Hero Wataru,Chô mashin eiyûden Wataru,tvSeries,1997,1998,24,"Adventure,Animation,Comedy",7.8,58,0
3441,tt38691315,Style of Hiroshi Nohara's Lunch,Nohara Hiroshi Hirumeshi no Ryûgi,tvSeries,2025,\N,24,"Animation,Comedy",6.5,58,0
3442,tt4009874,Beyond the Heavens,Sôten Kôro,tvMiniSeries,2009,2009,23,"Action,Adventure,Animation",6.6,58,0
3443,tt5826266,Wagamama High Spec,Wagamama High Spec,tvSeries,2016,2016,3,"Animation,Comedy,Drama",4.3,58,0
3444,tt6096708,After School in the Teacher's Lounge,Houkago no Shokuinshitsu,tvMiniSeries,1994,1995,\N,"Animation,Drama,Romance",4.6,58,0
3445,tt7033160,Animated Travels: Marco Polo's Adventures,Animation Kikô Marco Polo no Bôken,tvSeries,1979,1980,\N,"Adventure,Animation,History",7.5,58,0
3446,tt7545002,Two Car,Two Car,tvMiniSeries,2017,2017,23,"Action,Animation,Comedy",4.7,58,0
3447,tt9792946,Bomber Bikers of Shonan,Shônan Bakusôzoku,tvSeries,1986,1999,55,"Action,Animation,Comedy",8.0,58,0
3448,tt0331285,Madara,Moryo Senki Madara,tvMiniSeries,1991,1991,60,"Action,Adventure,Animation",6.4,57,0
3449,tt0876211,Happiness!,Hapinesu!,tvSeries,2006,2007,24,"Animation,Comedy,Romance",5.8,57,0
3450,tt0989769,Comic Party: Revolution,Comic Party: Revolution,tvSeries,2005,\N,\N,"Animation,Comedy,Drama",6.5,57,0
3451,tt0991061,Ramune,Ramune,tvSeries,2005,\N,\N,"Animation,Drama,Romance",6.3,57,0
3452,tt1130144,Da Capo II,D.C. II: Da Capo II,tvSeries,2007,2008,\N,"Animation,Comedy,Drama",6.4,57,0
3453,tt1190618,Buzzer Beater,Buzâ bîtâ,tvSeries,2005,\N,\N,"Animation,Sport",6.5,57,0
3454,tt1556099,Yes! Pretty Cure 5 GoGo!,Yes! Purikyua 5 go go!,tvSeries,2008,2009,25,"Action,Adventure,Animation",8.1,57,0
3455,tt1584985,Bubu Chacha,Bubu Chacha,tvSeries,1996,\N,\N,"Adventure,Animation,Family",7.4,57,0
3456,tt21867530,Aru Asa Dummy Head Mic ni Natteita Ore-kun no Jinsei,Aru Asa Dummy Head Mic ni Natteita Ore-kun no Jinsei,tvSeries,2022,\N,\N,"Animation,Comedy,Romance",4.7,57,0
3457,tt2293882,Chitose Get You!!,Chitose Get You!!,tvSeries,2012,\N,3,"Animation,Comedy,Short",5.5,57,0
3458,tt2575176,Mega Man: Wish Upon a Star,Mega Man: Upon a Star,tvMiniSeries,1993,\N,29,"Action,Adventure,Animation",7.4,57,0
3459,tt27429868,Umayuru,Umayuru,tvMiniSeries,2022,2023,3,"Animation,Comedy,Short",7.6,57,0
3460,tt3756868,Ajimu - Kaigan Monogatari,Ajimu - Kaigan Monogatari,tvMiniSeries,2001,\N,120,"Animation,Comedy,Drama",6.8,57,0
3461,tt4926606,Jetter Mars,Jettaa marusu,tvSeries,1977,1977,25,"Action,Adventure,Animation",7.1,57,0
3462,tt9532342,Layton Mystery Tanteisha: Katori no Nazotoki File,Layton Mystery Tanteisha: Katori no Nazotoki File,tvSeries,2018,2019,\N,Animation,7.2,57,0
3463,tt0189283,Mach Go Go Go,Mach Go Go Go,tvSeries,1997,\N,30,Animation,6.4,56,0
3464,tt0288989,Magical Girl Lalabelle,Mahô shôjo Lalabelle,tvSeries,1980,1981,24,"Animation,Comedy,Family",7.0,56,0
3465,tt0289018,Ecchan the Ninja,Sarutobi ecchan,tvSeries,1971,1972,24,"Animation,Comedy,Family",6.8,56,0
3466,tt0330899,Slow Step,Slow Step,tvMiniSeries,1991,1991,45,"Animation,Comedy,Drama",7.7,56,0
3467,tt13043866,Ascendance of a Bookworm: Side Story,Honzuki no Gekokujou: Shisho ni Naru Tame ni wa Shudan wo Erandeiraremasen OVA,tvMiniSeries,2020,2020,24,"Adventure,Animation,Fantasy",7.2,56,0
3468,tt1916847,B'T X Neo,Bito ekkusu neo,tvSeries,1997,\N,\N,"Action,Adventure,Animation",6.8,56,0
3469,tt1920505,Tales of Eternia: The Animation,Tales of Eternia: The Animation,tvSeries,2001,2001,22,"Action,Adventure,Animation",5.4,56,0
3470,tt2006485,Shin Jeeg,Kotetsushin Jeeg,tvSeries,2007,\N,23,"Action,Animation,Sci-Fi",6.8,56,0
3471,tt2035145,Mix Master,Mix Master,tvSeries,2006,2011,\N,Animation,7.8,56,0
3472,tt5616582,Onigiri,Onigiri,tvSeries,2016,2016,4,"Action,Adventure,Animation",5.5,56,0
3473,tt9331376,The Young Innkeeper Is a Grade Schooler!,Waka okami wa shôgakusei!,tvSeries,2018,2018,12,"Animation,Family,Fantasy",6.7,56,0
3474,tt0434660,Ayatsuri Sakon,Ayatsuri Sakon,tvSeries,1999,2000,\N,"Animation,Mystery,Thriller",6.9,55,0
3475,tt0435972,Licensed by Royalty,L/R: Licensed by Royal,tvSeries,2003,2004,\N,"Action,Adventure,Animation",6.4,55,0
3476,tt0480861,Jarinko Chie,Jarinko Chie,tvSeries,1981,1992,26,"Animation,Comedy,Drama",6.5,55,0
3477,tt1077186,Osomatsu-kun,Osomatsu-kun,tvSeries,1966,1967,30,"Animation,Comedy",7.2,55,0
3478,tt1160471,Mokke,Mokke,tvSeries,2007,2008,\N,"Animation,Comedy,Drama",6.6,55,0
3479,tt13117166,Gekidol,Gekidol,tvSeries,2021,2021,\N,"Animation,Drama,Music",5.5,55,0
3480,tt13872472,CARDFIGHT!! VANGUARD overDress,Cardfight!! Vanguard overDress,tvSeries,2021,2021,\N,"Action,Animation,Drama",5.7,55,0
3481,tt1568836,Ice,Ice,tvMiniSeries,2007,2007,103,"Animation,Drama,Fantasy",5.2,55,0
3482,tt1659950,Mûmin,Mûmin,tvSeries,1972,1972,30,Animation,7.4,55,0
3483,tt2011083,Katteni Kaizô,Katteni Kaizô,tvSeries,2011,2011,\N,"Animation,Comedy,Short",6.4,55,0
3484,tt2038118,Soar High! Isami,Tobe! Isami,tvSeries,1995,1996,\N,"Action,Adventure,Animation",7.3,55,0
3485,tt2223998,Hanaukyo Maid Team: La Verite,Hanaukyô meido-tai: La Verite,tvSeries,2004,2004,23,"Animation,Comedy,Romance",6.3,55,0
3486,tt23749170,Tom and Jerry Gokko,Tomu to jeri,tvSeries,2022,\N,1,"Animation,Comedy,Family",7.1,55,0
3487,tt3389064,Whistle!,Hoissuru!,tvSeries,2002,2003,\N,"Action,Animation,Drama",7.9,55,0
3488,tt6278620,Fafner Exodus,Fafner Exodus,tvSeries,2015,2015,24,"Action,Animation,Drama",7.4,55,0
3489,tt8975220,Super Yo-Yo,Chosoku supina,tvSeries,1998,1999,24,"Action,Animation,Family",7.2,55,0
3490,tt0244868,Tales of Seduction,U-Jin Brand,tvMiniSeries,1991,1991,45,"Animation,Comedy,Short",5.1,54,0
3491,tt0285506,Dark Warrior,Makyû senjô,tvSeries,1991,\N,95,"Action,Adventure,Animation",5.4,54,0
3492,tt0409596,Ken the Wolf Boy,Okami shônen Ken,tvSeries,1963,1965,25,"Adventure,Animation,Family",6.1,54,0
3493,tt11535764,Actors: Songs Connection,Actors: Songs Connection,tvSeries,2019,2020,\N,Animation,6.0,54,0
3494,tt1499872,Tenamonya Voyagers,Tenamonya Voyagers,tvMiniSeries,1999,1999,\N,"Adventure,Animation,Comedy",6.0,54,0
3495,tt1515994,Shin Koihime musô,Shin Koihime musô,tvMiniSeries,2009,2009,\N,"Action,Adventure,Animation",6.4,54,0
3496,tt2106179,Space Warrior Baldios,Uchû senshi Baldios,tvSeries,1980,1981,25,"Action,Adventure,Animation",7.3,54,0
3497,tt2147522,Magic User's Club! TV,Mahô tsukai tai!,tvSeries,1999,1999,25,"Animation,Comedy,Romance",6.2,54,0
3498,tt2531918,Ray the Animation,Ray the Animation,tvSeries,2006,2006,25,"Animation,Drama",6.8,54,0
3499,tt32832424,Haigakura,Haigakura,tvSeries,2024,\N,24,"Action,Adventure,Animation",6.2,54,0
3500,tt3377984,Seven of Seven,Shichinin no Nana,tvSeries,2002,\N,22,"Animation,Comedy,Family",7.1,54,0
3501,tt4140864,Magical Girl Pretty Sammy,Maho shojo puriti Sami,tvSeries,1995,1997,\N,"Animation,Comedy,Fantasy",6.7,54,0
3502,tt4694304,Shin Atashinchi,Shin Atashinchi,tvSeries,2015,2016,23,"Animation,Comedy",8.0,54,0
3503,tt5240656,Sushi Police,Sushi Police,tvMiniSeries,2016,\N,5,Animation,4.4,54,0
3504,tt5503288,Hen Zemi,Hen Zemi,tvMiniSeries,2011,2011,12,"Animation,Comedy",5.6,54,0
3505,tt5669064,I've Had Enough of Being a Magical Girl,Mahô shôjo nante môiidesukara,tvSeries,2016,\N,4,"Animation,Comedy,Fantasy",6.0,54,0
3506,tt5829254,Usakame,Usakame,tvSeries,2016,2016,4,"Animation,Comedy,Sport",5.0,54,0
3507,tt0104582,K.O. Beast,K.O. Beast,tvMiniSeries,1992,1993,90,"Animation,Comedy",7.0,53,0
3508,tt0279553,Bakuen Campus Guardress,Bakuen Campus Guardress,tvSeries,1994,1994,30,"Action,Animation,Comedy",7.1,53,0
3509,tt0294101,Sunny Ryoko,Hiatari Ryôkô!,tvSeries,1987,1988,30,"Animation,Comedy,Drama",7.2,53,0
3510,tt0439969,Space Symphony Maetel,Uchû kôkyôshi Mater: Ginga tetsudô Three-Nine gaiden,tvSeries,2004,2004,25,"Animation,Sci-Fi",7.0,53,0
3511,tt0485066,Round Vernian Vifam,Ginga hyôryû Baifamu,tvSeries,1983,1984,30,"Action,Adventure,Animation",6.7,53,0
3512,tt10395156,Re: Stage! Dream Days,Risutêji Dorîmudeizu,tvSeries,2019,\N,\N,"Animation,Drama,Music",7.7,53,0
3513,tt13508828,Strike Witches: Operation Victory Arrow,Strike Witches: Operation Victory Arrow,tvMiniSeries,2014,2015,\N,"Action,Animation",7.1,53,0
3514,tt2312134,Ninja Cadets!,Ninja Mono,tvMiniSeries,1996,\N,58,"Action,Adventure,Animation",5.7,53,0
3515,tt25808792,UniteUp!,UniteUp!,tvSeries,2023,\N,\N,"Animation,Music,Musical",6.5,53,0
3516,tt27617338,Hyakusho Kizoku-the Farmer's Days,Hyakushô Kizoku,tvSeries,2023,\N,4,"Animation,Comedy,Short",6.8,53,0
3517,tt3420978,Kampfer: Fur Die Liebe,Kampfer: Fur Die Liebe,tvMiniSeries,2011,2011,\N,"Action,Animation",6.3,53,0
3518,tt3755768,Ninku,Ninku,tvSeries,1994,1996,30,"Action,Adventure,Animation",7.5,53,0
3519,tt3815928,JINSEI - Life Consulting,Jinsei,tvSeries,2014,\N,\N,"Animation,Comedy,Drama",5.6,53,0
3520,tt4372186,Burn-Up Scramble,Burn-Up Scramble,tvSeries,2004,2004,\N,"Action,Animation,Comedy",5.7,53,0
3521,tt5258698,Aquarion Logos,Aquarion Logos,tvSeries,2015,2015,\N,"Action,Animation,Fantasy",5.9,53,0
3522,tt6998248,Saiyuki Reload Gunlock,Saiyuki Reload Gunlock,tvSeries,2004,2004,24,"Action,Adventure,Animation",7.3,53,0
3523,tt7505892,Winter Sonata,Fuyu no Sonata,tvSeries,2009,2010,25,"Animation,Drama,Romance",7.3,53,0
3524,tt0100759,The Enemy's the Pirates!: The Cats' Banquet,Teki wa Kaizoku: Neko no Kyôen,tvMiniSeries,1989,1990,26,"Animation,Sci-Fi",7.1,52,0
3525,tt0460353,Hans Christian Andersen,Andersen monogatari,tvSeries,1971,1971,25,"Animation,Fantasy",7.3,52,0
3526,tt0989787,Reideen,Reideen,tvSeries,2007,2007,24,"Action,Animation,Sci-Fi",6.9,52,0
3527,tt1210338,Immortal Grand Prix,Immortal Grand Prix,tvMiniSeries,2003,2003,23,"Adventure,Animation,Sci-Fi",7.3,52,0
3528,tt1308085,Today in Class 5-2,Kyô no 5 no 2,tvSeries,2008,\N,\N,"Animation,Comedy,Drama",6.7,52,0
3529,tt13104352,Warau Salesman NEW,Warau Salesman NEW,tvSeries,2017,2017,\N,"Animation,Fantasy,Horror",6.4,52,0
3530,tt1333699,Princess Comet,Cosmic Baton Girl Comet-san,tvSeries,2001,2002,\N,"Adventure,Animation,Comedy",6.9,52,0
3531,tt14095038,Queen's Blade: Grimoire,Queen's Blade: Grimoire,tvMiniSeries,2016,2016,\N,"Action,Animation,Fantasy",5.0,52,0
3532,tt1441411,Someday's Dreamers II: Sora,Mahô tsukai ni taisetsu na koto: Natsu no sora,tvSeries,2008,\N,23,"Animation,Drama,Romance",6.9,52,0
3533,tt22171506,Nijiyon Animation,Nijiyon Animation,tvSeries,2023,2024,3,"Animation,Comedy,Short",6.3,52,0
3534,tt2336252,Psychic Force,Saikikku Fosu,tvMiniSeries,1998,1998,64,"Action,Adventure,Animation",4.8,52,0
3535,tt2615692,Hidamari Sketch × Honeycomb,Hidamari Suketchi x Hanikamu,tvSeries,2012,2012,\N,"Animation,Comedy",7.4,52,0
3536,tt27724196,Kuromi's Pretty Journey,Kuromi's Pretty Journey,tvSeries,2023,2024,2,"Adventure,Animation,Comedy",7.5,52,0
3537,tt2907028,Day Break Illusion,Gen'ei o kakeru taiyô,tvSeries,2013,\N,\N,"Animation,Family,Fantasy",6.2,52,0
3538,tt32475746,Maho Tsukai PreCure!! Mirai Days,Maho Tsukai PreCure!! MIRAI DAYS,tvSeries,2025,2025,25,"Action,Adventure,Animation",7.2,52,0
3539,tt9442120,Shikizakura,Shikizakura,tvSeries,2021,2021,24,"Action,Adventure,Animation",5.2,52,0
3540,tt0296401,Reporter Blues,Reporter Blues,tvSeries,1991,\N,24,"Adventure,Animation,Crime",7.3,51,0
3541,tt0813396,Guardian of Darkness,Ankoku Shinden Takegami,tvMiniSeries,1990,\N,45,"Animation,Drama,Horror",6.1,51,0
3542,tt0848960,Mr. Stain on Junk Alley,Garakuta-dori no Stain,tvMiniSeries,2003,\N,98,"Animation,Comedy,Fantasy",7.8,51,0
3543,tt0983951,Canvas 2: Rainbow Colored Sketch,Canvas2: Niji iro no sukecchi,tvSeries,2005,2006,24,Animation,6.3,51,0
3544,tt10718334,SD Gundam World Sangoku Soketsuden,SD Gundam World Sangoku Soketsuden,tvSeries,2019,\N,15,"Action,Animation,Fantasy",6.0,51,0
3545,tt11388900,Iketeru futari,Iketeru futari,tvSeries,1999,1999,\N,"Animation,Comedy,Romance",6.3,51,0
3546,tt13022808,Ryoko's Case File,Yakushiji Ryouko no Kaiki Jikenbo,tvSeries,2008,2008,\N,"Animation,Mystery",7.4,51,0
3547,tt13080792,Ah! My Goddess: Together Forever,Aa! Megami Sama,tvMiniSeries,2011,2013,\N,"Animation,Comedy,Drama",7.5,51,0
3548,tt5225534,Kyatto Ninden Teyandee,Kyattô ninden teyandee,tvSeries,1990,1991,30,"Action,Adventure,Animation",7.0,51,0
3549,tt7778442,Giant Robo: GinRei Special,Giant Robo: Ginrei Special,tvMiniSeries,1994,1995,\N,"Action,Animation,Comedy",6.3,51,0
3550,tt0080217,Hana no mahoutsukai Mary Bell,Hana no mahoutsukai Mary Bell,tvSeries,1992,\N,24,"Adventure,Animation,Comedy",7.0,50,0
3551,tt0112071,Metal Fighter Miku,Metal Fighter Miku,tvSeries,1994,1994,25,"Animation,Comedy,Sci-Fi",6.6,50,0
3552,tt0997194,Code-E,Code-E,tvSeries,2007,\N,30,"Animation,Comedy,Romance",6.1,50,0
3553,tt1934655,"Gordian, the Warrior",Gordian,tvSeries,1979,1981,24,"Animation,Sci-Fi",6.8,50,0
3554,tt3816198,I''s,I''s,tvMiniSeries,2002,2003,30,"Adventure,Animation,Drama",4.7,50,0
3555,tt4069234,SaiKano: Another Love Song,"She, the Ultimate Weapon: Another Love Song",tvSeries,2005,2005,64,"Action,Animation,Drama",6.9,50,0
3556,tt5179178,Supercar Gattiger,Cho Supercar Gattiger,tvSeries,1977,1978,22,"Action,Adventure,Animation",4.9,50,0
3557,tt8964354,Armored Trooper VOTOMS: Pailsen Files,Armored Trooper VOTOMS: Pailsen Files,tvSeries,2007,2008,25,"Animation,Sci-Fi,War",7.0,50,0
3558,tt0120920,Wonder 3,Wandâ surî,tvSeries,1965,1966,25,"Animation,Sci-Fi",7.2,49,0
3559,tt0144719,Karasu Tengu Kabuto,Karasu Tengu Kabuto,tvSeries,1990,\N,25,"Action,Adventure,Animation",6.4,49,0
3560,tt0204338,Gall Force: The Revolution,Gall Force: The Revolution,tvMiniSeries,1996,1997,29,"Action,Animation,Drama",6.5,49,0
3561,tt0305125,Tensai Bakabon,Tensai Bakabon,tvSeries,1971,1972,30,"Animation,Comedy",7.3,49,0
3562,tt0338579,Baby Felix,Baby Felix,tvSeries,2000,\N,5,"Animation,Family",6.7,49,0
3563,tt0406463,Doki Doki School Hours,Sensei no o-jikan - Doki doki school hours,tvSeries,2004,\N,24,"Animation,Comedy",6.6,49,0
3564,tt0889540,Tsuyokiss: Cool×Sweet,Tsuyokiss: Cool×Sweet,tvSeries,2006,2006,\N,"Animation,Comedy,Romance",6.0,49,0
3565,tt0990310,Sisters of Wellber,Wellber no monogatari,tvSeries,2007,2008,24,"Adventure,Animation,Comedy",5.8,49,0
3566,tt10399638,Dash! Yonkuro,Dash! Yonkuro,tvSeries,1989,1990,\N,"Action,Animation,Sport",6.8,49,0
3567,tt13597412,Shin Hakkenden,Shin Hakkenden,tvSeries,1999,1999,\N,"Action,Adventure,Animation",7.8,49,0
3568,tt1404654,Umi Monogatari,Umi monogatari: Anata ga itekureta koto,tvSeries,2009,\N,\N,"Animation,Drama,Fantasy",6.2,49,0
3569,tt15176722,Gensou Sangokushi: Tengen Reishinki,Gensou Sangokushi: Tengen Reishinki,tvSeries,2021,\N,\N,"Animation,Fantasy",5.0,49,0
3570,tt1542813,Mahoromatic: I'm Home!,Mahoromatikku Tokubetsuhen: Tadaima okaeri,tvMiniSeries,2009,2009,\N,"Action,Animation,Comedy",7.0,49,0
3571,tt1566467,Yume no crayon oukoku,Yume no crayon oukoku,tvSeries,1997,1999,30,"Adventure,Animation,Comedy",7.6,49,0
3572,tt20835112,BanG Dream! Morfonication,Bandori! Morufonikeshon,tvMiniSeries,2022,2022,\N,"Animation,Music",6.9,49,0
3573,tt2091114,Rumiko Takahashi Anthology,Takahashi Rumiko gekijô,tvSeries,2003,\N,25,"Animation,Drama",6.8,49,0
3574,tt21211428,Bestiale,Bestiale,tvSeries,2025,2025,12,"Action,Adventure,Animation",8.0,49,0
3575,tt2673862,Angel Tales,Otogi sutôrî tenshi no shippo,tvMiniSeries,2001,2003,\N,"Animation,Comedy,Fantasy",7.0,49,0
3576,tt4663952,Hello Kitty's Paradise,Kitizu paradaisu,tvSeries,1993,2011,\N,"Animation,Family",7.5,49,0
3577,tt5796988,Go Nagai World,CB Kyara nagaigo warudo,tvMiniSeries,1991,1991,40,"Animation,Comedy,Sci-Fi",6.7,49,0
3578,tt7927422,Prologue of Blame!,Prologue of Blame!,tvMiniSeries,2007,2007,4,"Action,Animation,Sci-Fi",3.9,49,0
3579,tt0193514,Starship Girl Yamamoto Yohko,Soreyuke! Uchû senkan Yamamoto Yôko,tvMiniSeries,1996,1996,29,"Adventure,Animation,Comedy",6.2,48,0
3580,tt0255108,De: vadasy,Sosei seiki devu adashi,tvMiniSeries,2000,2001,75,"Action,Animation,Sci-Fi",4.5,48,0
3581,tt0294103,Hâi sureppu Jun,Hâi sureppu Jun,tvSeries,1985,1986,30,"Action,Animation,Romance",6.8,48,0
3582,tt0431524,Venger Robo,Gettâ robo Gô,tvSeries,1991,1992,30,"Action,Adventure,Animation",6.9,48,0
3583,tt0853200,Sensual Phrase,Kaikan furêzu,tvSeries,1999,2000,24,"Animation,Drama,Music",6.7,48,0
3584,tt10675070,Uchitama?! Have you seen my Tama?,Uchi Tama?! Uchi no Tama Shirimasen ka?,tvSeries,2020,\N,\N,"Animation,Comedy",6.2,48,0
3585,tt12623320,Ushio & Tora,Ushio & Tora,tvSeries,1992,1993,30,"Action,Animation,Fantasy",6.8,48,0
3586,tt13032878,League of Nations Air Force Aviation Magic Band Luminous Witches,Renmei Kuugun Koukuu Mahou Ongakutai Luminous Witches,tvSeries,2022,\N,\N,"Animation,Music,Sci-Fi",6.2,48,0
3587,tt4730606,Osomatsu-kun,Osomatsu-kun,tvSeries,1988,1989,30,"Animation,Comedy",7.3,48,0
3588,tt5506866,Onsen yôsei Hakone-chan,Onsen yôsei Hakone-chan,tvSeries,2015,\N,4,Animation,5.3,48,0
3589,tt6234680,ClassicaLoid,ClassicaLoid,tvSeries,2016,\N,22,"Animation,Comedy,Music",6.8,48,0
3590,tt6323354,Bakusô Kyôdai Let's & Go MAX,Bakusô Kyôdai Let's & Go MAX,tvSeries,1998,1998,\N,"Animation,Sport",6.5,48,0
3591,tt6523816,Olympus Guardian,Olympus Guardian,tvSeries,2002,2003,\N,Animation,7.8,48,0
3592,tt0888959,Seton Animal Chronicles,Seton dôbutsuki,tvSeries,1989,1990,25,Animation,7.5,47,0
3593,tt1112799,Rocket Girls,Roketto gâru,tvSeries,2007,2007,\N,"Adventure,Animation,Sci-Fi",6.8,47,0
3594,tt1234589,Bomberman Jetters,Bomberman Jetters,tvSeries,2002,2003,30,Animation,7.1,47,0
3595,tt1529737,Mirai shônen Konan 2 - Taiga daibôken,Mirai shônen Konan 2 - Taiga daibôken,tvSeries,1999,2000,30,"Adventure,Animation,Sci-Fi",7.4,47,0
3596,tt15893716,Technoroid: Overmind,Technoroid: Overmind,tvSeries,2023,\N,24,"Animation,Music,Mystery",5.4,47,0
3597,tt2238049,Dokkoida!?,Sumeba Miyako no Cosmos-sô suttoko taisen Dokkoidâ,tvSeries,2003,2003,25,"Action,Adventure,Animation",6.9,47,0
3598,tt32463887,9-nine- Ruler's Crown,9-nine- Ruler's Crown,tvSeries,2025,\N,\N,"Adventure,Animation,Fantasy",6.2,47,0
3599,tt4146020,Cosplay Complex,Cosplay Complex,tvMiniSeries,2002,2004,\N,"Animation,Comedy",5.6,47,0
3600,tt5173790,Lance N' Masques,Lance N' Masques,tvSeries,2015,2015,25,"Animation,Fantasy",5.0,47,0
3601,tt5317270,Yotoden: Chronicle of the Warlord Period,Sengoku Kitan Yotoden,tvMiniSeries,1987,1988,45,"Animation,Drama,Fantasy",7.1,47,0
3602,tt5791166,Saiyuki Gaiden,Saiyuki Gaiden,tvMiniSeries,2011,\N,30,"Action,Animation,Comedy",7.5,47,0
3603,tt6215124,Bad Teacher's Equation,Kusatta kyoshi no hoteishiki,tvMiniSeries,1994,1995,30,"Animation,Comedy,Romance",5.7,47,0
3604,tt7049526,Battle Girl High School,Battle Girl High School,tvSeries,2017,2017,23,"Action,Animation,Family",5.4,47,0
3605,tt0096832,Ariel,Eriaru visual,tvMiniSeries,1989,1989,150,"Action,Animation,Comedy",5.8,46,0
3606,tt0121306,Marvelous Melmo,Fushigi na Melmo,tvSeries,1971,1972,23,"Animation,Comedy,Fantasy",6.8,46,0
3607,tt0291610,Mami the Esper,Esupâ Mami,tvSeries,1987,1989,24,"Animation,Comedy,Family",7.5,46,0
3608,tt0430840,Mahô shôjo neko Taruto,Mahô shôjo neko Taruto,tvSeries,2001,2001,\N,"Animation,Comedy",6.9,46,0
3609,tt12857530,Gundam vs Hello Kitty,Gandamu vs Harô Kiti,tvMiniSeries,2019,2020,\N,"Action,Animation,Short",6.3,46,0
3610,tt1333622,Wonder Beat S,Wonder Beat S,tvSeries,1986,\N,22,"Action,Adventure,Animation",7.4,46,0
3611,tt16088380,Fanfare of Adolescence,Gunjou no Fanfare,tvSeries,2022,\N,\N,"Animation,Sport",5.9,46,0
3612,tt1876229,6 Angels,6 Angels,tvMiniSeries,2001,2002,100,"Action,Animation,Sci-Fi",4.4,46,0
3613,tt18939874,Teppen-!!!!!!!!!!!!!!!,Teppen-!!!!!!!!!!!!!!!,tvSeries,2022,2022,\N,"Animation,Comedy",5.8,46,0
3614,tt2329226,One Off,Wan Ofu -one off-,tvMiniSeries,2012,2012,15,Animation,5.9,46,0
3615,tt3677710,Mashin Hero Wataru 2,Mashin eiyûden Wataru 2,tvSeries,1990,1991,24,"Action,Adventure,Animation",7.4,46,0
3616,tt7167986,Akakichi no irebun,Akakichi no irebun,tvSeries,1970,1971,\N,"Animation,Sport",7.1,46,0
3617,tt7834654,Dream Dimension Hunter Fandora,Dream Dimension Hunter Fandora,tvMiniSeries,1985,1986,102,"Adventure,Animation,Fantasy",6.2,46,0
3618,tt0250248,Battle Skipper,Bishôjo yûgeki-tai battle skipper,tvMiniSeries,1995,\N,\N,"Action,Animation,Comedy",6.1,45,0
3619,tt0296462,Dream Fighter Wingman,Yume senshi Wingman,tvSeries,1984,1985,24,"Action,Animation,Comedy",6.3,45,0
3620,tt0322990,The Adventures of Kotetsu,Kotetsu no daiboken,tvMiniSeries,1996,1997,30,"Action,Animation,Comedy",6.1,45,0
3621,tt10534058,Indian Summer,Koharu Biyori,tvMiniSeries,2007,2008,\N,"Animation,Comedy,Romance",5.8,45,0
3622,tt1311112,Koi Koi Seven,Koi koi 7,tvSeries,2005,2005,\N,"Animation,Comedy,Drama",5.6,45,0
3623,tt1356888,Sora o miageru shôjo no hitomi ni utsuru sekai,Sora o miageru shôjo no hitomi ni utsuru sekai,tvSeries,2009,2009,24,"Action,Animation,Fantasy",5.6,45,0
3624,tt2266688,Sengoku Collection,Sengoku Collection,tvSeries,2012,2012,\N,"Animation,Comedy,Fantasy",6.2,45,0
3625,tt2340966,Nurse Witch Komugi,Nurse Witch Komugi Magikarte,tvSeries,2002,\N,25,"Animation,Comedy",6.5,45,0
3626,tt2629076,Chocotto Sister,Chocotto Sister,tvSeries,2006,\N,24,"Animation,Comedy,Drama",6.0,45,0
3627,tt4661770,The Super Milk Show,Supa Miruku Chan,tvSeries,1998,1998,8,"Animation,Comedy,Sci-Fi",7.2,45,0
3628,tt6895186,Kaze no Naka no Shojo: Kinpatsu no Jeni,Kaze no Naka no Shojo: Kinpatsu no Jeni,tvSeries,1992,1993,26,"Adventure,Animation,Drama",7.2,45,0
3629,tt0098886,The Wonderful Galaxy of Oz,Supêsu Ozu no bôken,tvMiniSeries,1992,\N,\N,"Adventure,Animation,Fantasy",6.7,44,0
3630,tt0143004,Brave Police J-Decker,Yûsha keisatsu Jei-Decker,tvSeries,1994,1995,\N,"Action,Animation,Sci-Fi",7.7,44,0
3631,tt0294200,Tekkaman: The Space Knight,Tekkaman: The Space Knight,tvSeries,1984,1984,30,"Action,Adventure,Animation",6.8,44,0
3632,tt0303022,Virgin Fleet,Seishodo kantai bajin furito,tvMiniSeries,1998,1998,90,"Action,Animation",4.5,44,0
3633,tt0421426,Panda Zetto: The Robonimation,Panda Zetto: The Robonimation,tvSeries,2004,2004,5,"Animation,Comedy,Sci-Fi",6.8,44,0
3634,tt0907604,Damekko dôbutsu,Damekko dôbutsu,tvSeries,2005,\N,7,"Animation,Comedy",7.0,44,0
3635,tt0997021,Goku's Great Adventures,Goku no daiboken,tvSeries,1967,1967,23,"Animation,Comedy,Fantasy",6.8,44,0
3636,tt1437044,Polyphonica,Shinkyoku sôkai Porifonika,tvMiniSeries,2007,2007,\N,"Animation,Comedy,Drama",6.2,44,0
3637,tt1441408,Gallery Fake,Gyararî feiku,tvSeries,2005,2005,\N,"Action,Animation,Mystery",6.8,44,0
3638,tt1491857,Twin Spica,Futatsu no supika,tvSeries,2003,2004,25,"Animation,Drama,Sci-Fi",6.9,44,0
3639,tt1661592,Star of the Giants,Kyojin no hoshi,tvSeries,1968,1971,30,"Animation,Drama,Sport",7.0,44,0
3640,tt2325891,"Jing, King of Bandits: Seventh Heaven",Ou Dorobou Jing in Seventh Heaven,tvMiniSeries,2004,\N,\N,"Action,Animation,Crime",6.8,44,0
3641,tt2456420,Poor Sisters Story,Binbô shimai monogatari,tvMiniSeries,2006,2006,24,"Animation,Comedy,Drama",6.4,44,0
3642,tt2657330,Ultimate Girls,UG Arutimetto Gâru: Ultimate Girls,tvSeries,2005,\N,13,"Action,Animation,Comedy",6.5,44,0
3643,tt30469646,Unbelievable Space Love,Unbelievable Space Love,tvMiniSeries,2018,\N,\N,"Animation,Fantasy,Romance",6.4,44,0
3644,tt32643661,Gravitation: Lyrics of Love,Gurabiteshon,tvMiniSeries,1999,1999,\N,"Animation,Comedy,Music",6.2,44,0
3645,tt4046936,Grander Musashi RV,Grander Musashi RV,tvSeries,1998,1998,30,"Adventure,Animation,Sport",6.7,44,0
3646,tt0159926,Space Emperor God Sigma,Uchû taitei Godsigma,tvSeries,1980,1981,25,"Animation,Sci-Fi",6.7,43,0
3647,tt0287060,Twin Signal,Tsuin shigunaru,tvSeries,1996,\N,30,"Action,Adventure,Animation",6.4,43,0
3648,tt0288983,"Mako, the Mermaid",Mahô no Mako-chan,tvSeries,1970,1971,24,"Animation,Drama,Fantasy",6.3,43,0
3649,tt0421376,Jushin Liger,Jushin Riger,tvSeries,1989,1990,30,"Action,Animation,Sci-Fi",7.0,43,0
3650,tt0791204,Cluster Edge,Cluster Edge,tvSeries,2005,\N,\N,"Action,Animation,Sci-Fi",6.7,43,0
3651,tt0963017,Onmyô taisenki,Onmyô taisenki,tvSeries,2004,2005,30,"Action,Adventure,Animation",6.8,43,0
3652,tt0978046,Hitohira,Hitohira,tvSeries,2007,\N,\N,"Animation,Drama,Romance",6.5,43,0
3653,tt0991052,Steel Angel Kurumi 2,Kôtetsu tenshi Kurumi: Ni shiki,tvSeries,2001,2001,15,"Action,Animation,Comedy",7.0,43,0
3654,tt10540612,Blazing Transfer Student,Honoo no Tenkousei,tvMiniSeries,1991,1991,46,"Action,Animation,Comedy",5.9,43,0
3655,tt1071154,Shrine of the Morning Mist,Asagiri no miko,tvSeries,2002,2005,12,"Action,Animation,Comedy",5.9,43,0
3656,tt10934012,Animal Detectives Kiruminzoo,Anyamaru Tantei Kiruminzuu,tvSeries,2009,2010,\N,"Animation,Family",8.1,43,0
3657,tt11922812,Lady Jewelpet,Lady Jewelpet,tvSeries,2014,2015,25,"Animation,Fantasy",7.9,43,0
3658,tt1216132,Glass Maiden,Kurisutaru bureizu,tvSeries,2008,\N,24,"Action,Animation,Mystery",6.1,43,0
3659,tt12826588,Yo-kai Watch Shadowside,Yo-kai Watch Shadowside,tvSeries,2018,2019,\N,"Action,Animation,Comedy",7.6,43,0
3660,tt13009154,Battle Athletess Daiundoukai Restart!,Battle Athletess Daiundoukai Restart!,tvSeries,2021,\N,\N,"Animation,Comedy,Sci-Fi",5.1,43,0
3661,tt14675322,Baldr Force EXE,Barudo fosu eguze resoryushon,tvMiniSeries,2006,2007,\N,"Action,Animation,Drama",5.4,43,0
3662,tt15358806,Kizuna,Kizuna,tvMiniSeries,1994,1995,30,"Animation,Drama,Romance",5.0,43,0
3663,tt18562090,Tekken Chinmi,Tekken Chinmi,tvSeries,1988,1988,\N,"Adventure,Animation,Comedy",7.4,43,0
3664,tt1997205,Trouble Chocolate,Toraburu chokorêto,tvSeries,1999,2000,\N,"Action,Animation,Comedy",6.7,43,0
3665,tt2291137,Folktales from Japan,Furusato saisei: Nihon no mukashi banashi,tvSeries,2012,\N,30,"Animation,Family,Fantasy",7.4,43,0
3666,tt2401248,Legend of Himiko,Himiko-den,tvMiniSeries,1999,1999,\N,"Action,Adventure,Animation",6.5,43,0
3667,tt2665410,Kiddy Girl-and,Kiddy Girl-and,tvSeries,2009,2010,24,"Action,Adventure,Animation",7.0,43,0
3668,tt30414322,Star Blazers: Space Battleship Yamato 3199,"Yamato yo, Towa ni: Rebel 3199",tvSeries,2024,\N,\N,"Action,Animation,Drama",7.6,43,0
3669,tt30644518,AQUARION Myth of Emotions,Sôsei no Akuerion: Myth of Emotions,tvSeries,2024,\N,\N,"Action,Animation,Fantasy",3.4,43,0
3670,tt3577510,Yozakura Quartet: Hoshi No Umi,Yozakura Quartet: Hoshi No Umi,tvMiniSeries,2010,2011,28,"Action,Animation,Comedy",7.0,43,0
3671,tt6501292,Go Astro Boy Go!,Go! Go! Atomu,tvSeries,2019,2020,12,"Action,Adventure,Animation",7.5,43,0
3672,tt0140325,Leina: Wolf Sword Legend,Reina kenrô densetsu,tvSeries,1988,\N,\N,"Animation,Sci-Fi",3.8,42,0
3673,tt0143003,Brave Fighter Exkizer,Yûsha Exkaiser,tvSeries,1990,1991,24,"Action,Animation,Sci-Fi",6.2,42,0
3674,tt0189270,Spooky Kitaro,Gegege no Kitarô,tvSeries,1985,1988,23,"Action,Animation,Comedy",7.1,42,0
3675,tt0208647,Special Powered Armor Troop Dorvack,Tokusô kihei Dorvack,tvSeries,1983,1984,24,"Animation,Sci-Fi",7.1,42,0
3676,tt0249692,Princess Rouge: The Legend of the Last Labyrinth,Legend of the Last Labyrinth,tvMiniSeries,1997,1997,60,"Animation,Drama,Fantasy",6.2,42,0
3677,tt0294182,Animated Classics of Japanese Literature,Seishun anime zenshû,tvSeries,1986,\N,30,"Animation,Drama,History",6.8,42,0
3678,tt0296351,Flaming Alpine Rose: Jeudi & Lundi,Hono no Arupen Rôzu,tvSeries,1985,1985,24,"Adventure,Animation,Drama",6.8,42,0
3679,tt0813977,Z-Squad,Z-Squad,tvSeries,2006,2007,24,"Adventure,Animation,Family",7.3,42,0
3680,tt1227541,Metal Armor Dragonar,Kikô senki Doragunâ,tvSeries,1987,1988,25,"Action,Adventure,Animation",6.7,42,0
3681,tt1471851,Gôru FH,Gôru FH,tvSeries,1994,1994,30,"Action,Animation,Sport",6.8,42,0
3682,tt15686610,Let's Nupu Nupu,Let's Nupu Nupu,tvMiniSeries,1998,1998,6,"Animation,Comedy",6.7,42,0
3683,tt1636704,Shin Koihime musô: Otome tairan,Shin Koihime musô: Otome tairan,tvMiniSeries,2010,2010,30,"Adventure,Animation,Comedy",7.0,42,0
3684,tt1685415,Blessing of the Campanella,Shukufuku no Campanella,tvSeries,2010,\N,\N,Animation,5.4,42,0
3685,tt1750905,Moshi koukou yakyuu no joshi manêjâ ga Dorakkâ no 'Manejimento' wo yondara,Moshi koukou yakyuu no joshi manêjâ ga Dorakkâ no 'Manejimento' wo yondara,tvSeries,2011,2011,\N,"Animation,Drama,Sport",6.3,42,0
3686,tt1945851,Panzer World Galient,Kikô Kai Garian,tvSeries,1984,1985,24,"Action,Animation,Fantasy",7.1,42,0
3687,tt2595492,Wooser's Hand-to-Mouth Life,Wooser no Sono Higurashi,tvSeries,2012,2015,4,"Animation,Comedy,Fantasy",5.4,42,0
3688,tt2843470,Glass Reflection,Glass Reflection,tvSeries,2009,\N,\N,Animation,7.9,42,0
3689,tt4266894,Babel II: Beyond Infinity,Babel nisei,tvSeries,2001,\N,25,"Action,Adventure,Animation",5.4,42,0
3690,tt4388130,Divergence Eve: Misaki Chronicles,Daibajensu ivu: Misaki kuronikuru,tvMiniSeries,2004,2004,24,"Animation,Drama,Horror",6.3,42,0
3691,tt9845246,Sûpâ Shiro,Sûpâ Shiro,tvSeries,2019,\N,6,"Animation,Comedy,Family",6.3,42,0
3692,tt0140346,Machine Robo: Revenge of Cronos,Machine Robo: Cronos no dai Gyakushû,tvSeries,1986,1987,24,"Action,Adventure,Animation",6.3,41,0
3693,tt0291633,Witch Girl Tickle,Majokko tikkeru,tvSeries,1978,1979,24,"Animation,Comedy,Family",6.0,41,0
3694,tt0409580,Magical Play,Mahô Yûgi,tvMiniSeries,2001,\N,5,"Animation,Fantasy",6.2,41,0
3695,tt0415429,Honey Honey's Wonderful Adventures,Honey Honey no sutekina bôken,tvSeries,1981,1982,24,"Adventure,Animation,History",6.7,41,0
3696,tt0972651,Gift: Eternal Rainbow,Gift: Eternal Rainbow,tvSeries,2006,\N,\N,"Animation,Comedy,Drama",5.0,41,0
3697,tt0988930,To Heart 2,To Heart 2,tvMiniSeries,2005,2006,\N,"Animation,Comedy,Drama",6.0,41,0
3698,tt0994187,Fushigi boshi no futago hime: Gyu!,Fushigi boshi no futago hime: Gyu!,tvSeries,2006,2007,24,Animation,7.7,41,0
3699,tt1086235,Nanaka 6/17,Nanaka juu-nanabun no roku,tvSeries,2003,\N,23,"Animation,Comedy,Romance",6.8,41,0
3700,tt11884906,Zenonzard: The Animation,Zenonzard: The Animation,tvSeries,2019,2020,15,Animation,7.0,41,0
3701,tt1194637,Omer et le fils de l'étoile,Omer et le fils de l'étoile,tvSeries,1992,1993,25,"Adventure,Animation,Comedy",7.4,41,0
3702,tt31543920,The Idolm@ster: Shiny Colors,Aidoru Masutâ Shainî Karâzu,tvSeries,2024,\N,\N,Animation,6.2,41,0
3703,tt3488994,Gate Keepers 21,Gêto Kîpâzu 21,tvMiniSeries,2002,2003,30,"Action,Animation,Drama",6.2,41,0
3704,tt5031412,Jungle King Taa-chan,Jungle no ôja Tâ-chan,tvSeries,1993,1994,30,"Action,Animation,Comedy",6.9,41,0
3705,tt6862076,Sexy Commando Side Story: That's Amazing!! Mr. Masaru,Sexy Commando,tvSeries,1998,1998,8,"Action,Animation,Comedy",6.7,41,0
3706,tt7013036,The Irresponsible Galaxy Tylor,Musekinin Galaxy Tylor,tvSeries,2017,\N,3,"Adventure,Animation,Comedy",3.3,41,0
3707,tt7768578,Shin Chan,Shin Chan,tvSeries,2003,2003,\N,"Animation,Comedy",7.9,41,0
3708,tt8393838,Pokémon Ranger: Guardian Signs,Pokémon Ranger: Guardian Signs,tvMiniSeries,2010,2010,\N,Animation,5.4,41,0
3709,tt0373625,Submarine Super 99,Submarine Super 99,tvSeries,2003,2003,\N,"Action,Adventure,Animation",5.8,40,0
3710,tt0433669,Ground Defense Force Mao-chan,Rikujô Bôei-tai Mao-chan,tvSeries,2002,\N,12,"Animation,Family,Sci-Fi",6.7,40,0
3711,tt10948552,Dino Adventure Jurassic Tripper,Kyôryû bôken jura tripper,tvSeries,1995,1995,25,"Adventure,Animation,Sci-Fi",7.7,40,0
3712,tt11779066,Legend of Basara,Legend of Basara,tvSeries,1998,1998,24,"Adventure,Animation,Drama",7.3,40,0
3713,tt1216160,Net Ghost PiPoPa,Netto gôsuto Pipopa,tvSeries,2008,\N,\N,"Action,Adventure,Animation",7.4,40,0
3714,tt12373578,Maesetsu!,Maesetsu!,tvSeries,2020,2020,\N,"Animation,Comedy",5.2,40,0
3715,tt12998152,Mirage of Blaze: Rebels of the River Edge,Hono no mirage: Minagiwa no hangyakusha,tvMiniSeries,2004,2004,\N,"Animation,Drama,History",6.1,40,0
3716,tt13049890,True Cooking Master Boy,Shin Chuuka Ichiban!,tvSeries,2019,\N,\N,Animation,6.5,40,0
3717,tt13332914,World Witches Take Off!,World Witches Hasshin Shimasu!,tvSeries,2021,2021,15,Animation,5.5,40,0
3718,tt17066860,Petit Sekai,Petit Sekai,tvMiniSeries,2022,2022,3,"Animation,Comedy,Music",8.1,40,0
3719,tt3337196,Sci-Fi Harry,Sci-Fi Harry,tvSeries,2000,2001,\N,"Animation,Drama,Horror",5.7,40,0
3720,tt34510579,The Prince of Tennis II: U-17 WORLD CUP SEMIFINAL,Shin Tenisu No Ôjisama: U-17 World Cup Semifinal,tvSeries,2024,\N,\N,"Animation,Sport",7.1,40,0
3721,tt4014116,HisCoool! Seha Girls,HisCoool! Seha Girls,tvSeries,2014,\N,11,"Animation,Comedy",6.4,40,0
3722,tt4164662,You're Under Arrest: Mini Specials,Taiho Shichauzo Specials,tvMiniSeries,1997,\N,\N,"Action,Animation,Comedy",6.4,40,0
3723,tt5527088,Tabimachi Late Show,Tabimachi Late Show,tvMiniSeries,2016,\N,\N,"Animation,Drama,Short",6.0,40,0
3724,tt7657174,Ah! My Goddess: Bad Goddess The Anime Video Comic,Ah! My Goddess: Bad Goddess The Anime Video Comic,tvSeries,2017,2021,\N,"Adventure,Animation,Comedy",6.2,40,0
3725,tt0142214,Brave of the Legend Da・Garn,Densetsu no yûsha Da Garn,tvSeries,1992,1993,\N,"Action,Animation,Sci-Fi",7.1,39,0
3726,tt0189302,Sabu & Ichi's Arrest Note,Sabu to Ichi torimono hikae,tvSeries,1968,1969,\N,"Action,Animation,Drama",7.0,39,0
3727,tt0429368,Hoero! Bunbun,Hoero! Bunbun,tvSeries,1980,1981,15,Animation,6.3,39,0
3728,tt1132210,Prism Ark,Purizumu âku,tvSeries,2007,2007,24,"Action,Animation,Comedy",5.8,39,0
3729,tt13567416,Alice in Deadly School,Alice in Deadly School,tvSeries,2021,\N,\N,"Animation,Horror",5.1,39,0
3730,tt15011762,Dame x Prince Anime Caravan,Dame x Prince Anime Caravan,tvSeries,2018,2018,23,"Adventure,Animation,Comedy",5.8,39,0
3731,tt2599758,Sadamitsu the Destroyer,Sadamitsu the Destroyer,tvSeries,2001,2001,22,"Action,Animation,Sci-Fi",6.5,39,0
3732,tt26246858,Uchida Shungiku no Noroi no One-Piece,Uchida Shungiku no Noroi no One-Piece,tvMiniSeries,1992,1992,23,"Animation,Horror,Romance",5.9,39,0
3733,tt3682068,Tattoon Master,Tatoun masuta,tvSeries,1996,\N,30,"Adventure,Animation,Comedy",6.3,39,0
3734,tt4145978,Araiso Private High School Student Council Executive Committee,Araiso Private High School Student Council Executive Committee,tvMiniSeries,2002,2002,25,"Animation,Comedy,Romance",5.9,39,0
3735,tt5879522,Gdgd Fairies,Gdgd Fairies,tvSeries,2011,2011,13,"Animation,Comedy,Fantasy",8.1,39,0
3736,tt8367910,Shinkansen Henkei Robo Shinkarion,Shinkansen Henkei Robo Shinkarion,tvSeries,2018,2019,\N,"Action,Adventure,Animation",7.1,39,0
3737,tt0107506,Ambassador Magma,Maguma taishi,tvSeries,1993,\N,25,"Action,Animation,Sci-Fi",6.1,38,0
3738,tt0291632,Magical Angel Sweet Mint,Mahô no angel Sweet Mint,tvSeries,1990,1991,24,"Animation,Comedy,Family",6.3,38,0
3739,tt0303492,Maeterlinck's Blue Bird: Tyltyl and Mytyl's Adventurous Journey,Maeterlinck no aoi tori: Tyltyl Mytyl no bôken ryokô,tvSeries,1980,1980,24,"Adventure,Animation,Fantasy",7.0,38,0
3740,tt0315071,Strange Dawn,Strange Dawn,tvSeries,2000,2000,20,"Action,Adventure,Animation",5.6,38,0
3741,tt0377235,Omishi mahou gekijou Risky Safety,Omishi mahou gekijou Risky Safety,tvSeries,1999,2000,10,"Animation,Comedy",6.5,38,0
3742,tt10102816,Kimi ga Nozomu Eien: Next Season,Kimi ga Nozomu Eien: Next Season,tvMiniSeries,2007,2008,\N,"Animation,Comedy,Drama",6.1,38,0
3743,tt12648404,THE IDOLM@STER Million Live!,Aidoru Masutâ Mirion Raibu!,tvSeries,2023,2023,25,"Animation,Music,Musical",7.3,38,0
3744,tt16360606,Cobra the Animation: The Psychogun,Cobra the Animation: The Psychogun,tvMiniSeries,2008,2009,\N,"Action,Adventure,Animation",6.2,38,0
3745,tt20601618,Mahou Shoujo? Naria Girls,Mahou Shoujo? Naria Girls,tvSeries,2016,2016,8,"Animation,Comedy,Fantasy",3.5,38,0
3746,tt2641210,GEAR Fighter Dendoh,GEAR senshi Dendô,tvSeries,2000,2001,\N,"Action,Adventure,Animation",7.2,38,0
3747,tt32482998,Duel Masters LOST ~Crystal of Remembrance~,Duel Masters LOST: Crystal of Remembrance,tvMiniSeries,2024,2024,\N,"Adventure,Animation,Fantasy",7.7,38,0
3748,tt3355356,Love Love?,Love Love?,tvMiniSeries,2004,2004,15,"Animation,Comedy,Romance",4.7,38,0
3749,tt3624626,Voogie's Angel,Voogie's Angel,tvSeries,1997,1998,\N,"Action,Animation,Short",5.9,38,0
3750,tt37483753,Umayuru: Pretty Gray,Umayuru: Pretty Gray,tvMiniSeries,2025,2025,\N,"Animation,Comedy,Short",7.6,38,0
3751,tt39381614,The Share House's Secret Rule,1-funkan Dake Iretemo Ii yo,tvMiniSeries,2025,2025,25,"Animation,Romance",6.4,38,0
3752,tt9913686,Kidou Senshi Gundam AGE: Memory of Eden,Kidou Senshi Gundam AGE: Memory of Eden,tvSeries,2013,2013,75,"Action,Animation,Drama",6.0,38,0
3753,tt0142997,Yamato 2520,Yamato 2520,tvMiniSeries,1994,1996,\N,"Action,Adventure,Animation",6.6,37,0
3754,tt0467724,The Daichis: Earth's Defense Family,Chikyû bôei kazoku,tvSeries,2001,2001,\N,"Animation,Comedy,Sci-Fi",6.9,37,0
3755,tt10696020,Over Drive Girl 1/6 - Amazing Stranger,Over Drive Girl 1/6 - Amazing Stranger,tvSeries,2019,\N,12,"Animation,Comedy,Romance",6.1,37,0
3756,tt10814346,Phantasy Star Online 2: Episode Oracle,Phantasy Star Online 2: Episode Oracle,tvSeries,2019,2020,\N,"Action,Animation,Fantasy",6.6,37,0
3757,tt1172097,Spooky Kitaro,Gegege no Kitarô,tvSeries,2007,2009,\N,"Adventure,Animation,Comedy",6.8,37,0
3758,tt1468259,GA: Geijutsuka âto dezain kurasu,GA: Geijutsuka âto dezain kurasu,tvSeries,2009,2010,\N,"Animation,Comedy",6.3,37,0
3759,tt16385180,Cobra the Animation: Time Drive,Cobra the Animation: Time Drive,tvMiniSeries,2009,2009,\N,"Action,Adventure,Animation",6.5,37,0
3760,tt2275406,Psychic Academy,Psychic Academy,tvSeries,2002,\N,9,"Animation,Comedy,Romance",6.2,37,0
3761,tt2632022,Bakumatsu Gijinden Roman,Bakumatsu Gijinden Roman,tvSeries,2013,\N,\N,"Animation,Fantasy,History",5.1,37,0
3762,tt29796288,DOG SIGNAL,Dog Signal,tvSeries,2023,\N,25,Animation,6.8,37,0
3763,tt3105446,Meganebu!,Meganebu!,tvSeries,2013,\N,23,"Animation,Comedy",5.6,37,0
3764,tt5891552,Regalia: The Three Sacred Stars,Regalia: The Three Sacred Stars,tvSeries,2016,2016,\N,"Action,Animation,Sci-Fi",6.1,37,0
3765,tt8964432,Armored Trooper VOTOMS: Phantom Chapter,Armored Trooper VOTOMS: Phantom Chapter,tvMiniSeries,2010,2010,\N,"Action,Animation,Sci-Fi",6.1,37,0
3766,tt0112105,Nurse Angel Ririka SOS,Nâsu enjeru Ririka SOS,tvSeries,1995,1996,24,"Animation,Drama,Fantasy",7.1,36,0
3767,tt0288992,"Sally, the Witch",Mahô tsukai Sarî,tvSeries,1989,\N,\N,"Animation,Comedy,Fantasy",6.2,36,0
3768,tt0962742,Steam Detectives,Kaiketsu jôki tanteidan,tvSeries,1998,1999,30,"Action,Adventure,Animation",6.4,36,0
3769,tt0991059,Lime-iro Senkitan,Raimuiro Senkitan,tvMiniSeries,2003,2003,\N,"Animation,Romance",5.2,36,0
3770,tt1141684,Shin Megami Tensei Devil Children,Shin megami tensei debichiru,tvSeries,2000,2001,23,"Action,Adventure,Animation",5.5,36,0
3771,tt1188295,Kisudamu,Kisudamu,tvSeries,2007,\N,\N,"Action,Animation,Drama",5.9,36,0
3772,tt1227808,Adventures of Puss-in-Boots,Nagagutsu o haita neko no bôken,tvSeries,1992,1992,30,"Adventure,Animation,Fantasy",7.6,36,0
3773,tt1425000,The Podcats,Les Podcats,tvSeries,2009,2011,7,Animation,8.0,36,0
3774,tt1437145,Toka Gettan: The Moonlight Lady Returns,Tôka gettan,tvSeries,2007,2007,\N,"Animation,Comedy,Drama",4.9,36,0
3775,tt17163876,Ninjala the Animation,Ninjara,tvSeries,2022,\N,\N,"Action,Adventure,Animation",7.7,36,0
3776,tt23137320,The Super Milk Chan Show,The Super Milk Chan Show,tvSeries,2004,2005,\N,"Animation,Comedy,Sci-Fi",6.8,36,0
3777,tt2901342,Sailor Victory,Seira vuikutori,tvMiniSeries,1995,1995,60,"Animation,Comedy,Sci-Fi",6.3,36,0
3778,tt3123886,Beet the Vandel Buster,Beet the Vandel Buster,tvSeries,2004,2006,\N,"Action,Adventure,Animation",6.8,36,0
3779,tt31957487,Rinkai!,Rinkai!,tvSeries,2024,\N,\N,"Animation,Sport",4.4,36,0
3780,tt32272445,Enter the Garden,Enter the Garden,tvMiniSeries,2024,\N,\N,"Animation,Fantasy",6.5,36,0
3781,tt3476730,F-Zero: The Legend of Falcon,F-Zero: Farukon densetsu,tvSeries,2003,2004,23,"Animation,Sport",6.8,36,0
3782,tt4145914,Kizuoibito,Kizuoibito,tvMiniSeries,1986,1988,175,"Action,Adventure,Animation",3.4,36,0
3783,tt5347634,Nurse Witch Komugi-chan R,Nurse Witch Komugi-chan R,tvSeries,2016,\N,23,"Animation,Comedy,Fantasy",5.7,36,0
3784,tt0189271,Spooky Kitaro,Gegege no Kitarô,tvSeries,1996,1998,25,"Action,Animation,Comedy",7.2,35,0
3785,tt0305030,The Genius Bakabon,Ganso tensai Bakabon,tvSeries,1975,1977,25,"Animation,Comedy",6.8,35,0
3786,tt0816222,Efu,Efu,tvSeries,1988,1988,30,"Action,Animation,Sport",7.2,35,0
3787,tt1132208,Nanatsuiro Drops,Nanatsu iro doroppusu,tvSeries,2007,\N,\N,"Action,Animation,Comedy",6.5,35,0
3788,tt1143944,Night Wizard the Animation,Naito wizâdo za animêshon,tvSeries,2007,\N,\N,"Animation,Fantasy",5.5,35,0
3789,tt11557724,MiniPato,MiniPato,tvMiniSeries,2002,2002,12,"Action,Animation,Comedy",5.0,35,0
3790,tt14874074,Poyopoyo Kansatsu Nikki,Poyopoyo Kansatsu Nikki,tvSeries,2012,2012,3,"Animation,Comedy,Short",7.3,35,0
3791,tt1986705,Matchless Raijin-Oh,Zettai Muteki Raijin-Oh,tvSeries,1991,1993,23,"Action,Adventure,Animation",7.0,35,0
3792,tt2670864,Ten Tokyo Warriors,Tokyo jushoden,tvMiniSeries,1999,\N,27,"Action,Animation,Fantasy",4.8,35,0
3793,tt3704860,Kyoryu Tankentai Born Free,Kyoryu Tankentai Born Free,tvSeries,1976,1977,24,"Adventure,Animation,Mystery",6.7,35,0
3794,tt38752562,Magical Sisters LuluttoLilly,Mahô no Shimai Lulutto Lily,tvSeries,2026,\N,22,"Animation,Comedy,Family",6.5,35,0
3795,tt4431126,W Wish,W Wish,tvMiniSeries,2004,2004,12,"Animation,Drama,Fantasy",4.0,35,0
3796,tt7179032,Sora to umi no aida,Sora to umi no aida,tvSeries,2018,\N,\N,"Animation,Sci-Fi",5.1,35,0
3797,tt9104644,Tokyo Tribe 2,Tokyo Tribe 2,tvSeries,2006,2007,21,"Action,Animation,Crime",5.8,35,0
3798,tt0143006,Brave Express Mightgaine,Yûsha tokkyû Might Gaine,tvSeries,1993,1994,\N,"Action,Animation,Sci-Fi",6.8,34,0
3799,tt0426746,Melty Lancer,Merutiransâ,tvMiniSeries,1999,2000,180,"Adventure,Animation,Comedy",5.4,34,0
3800,tt10519754,Godzilland,Boken! Gojirando,tvSeries,1992,1993,\N,"Animation,Comedy,Game-Show",6.7,34,0
3801,tt13004300,Null & Peta,Null & Peta,tvMiniSeries,2019,2020,5,"Animation,Comedy,Sci-Fi",5.6,34,0
3802,tt15070970,Legend of Heroes ~ Trails in the Sky,Eiyû Densetsu Sora no Kiseki THE ANIMATION,tvMiniSeries,2011,2012,43,"Action,Adventure,Animation",6.5,34,0
3803,tt18634390,Onipan!,Onipan!,tvSeries,2022,2022,\N,"Animation,Comedy",6.2,34,0
3804,tt2505510,Gakuen Utopia Manabi Straight!,Gakuen yûtopia Manabi sutorêto!,tvSeries,2007,2007,\N,"Animation,Comedy",6.3,34,0
3805,tt3747852,Spectral Force,Spectral Force,tvMiniSeries,1998,\N,50,"Action,Animation,Fantasy",2.6,34,0
3806,tt4672342,Akuma-kun,Akuma-kun,tvSeries,1989,1990,25,"Adventure,Animation,Family",6.5,34,0
3807,tt0101105,Genji Tsûshin Agedama,Genji Tsûshin Agedama,tvSeries,1991,\N,30,"Action,Animation,Comedy",7.2,33,0
3808,tt0101137,Luna Varga,Majû senshi Luna Varuga,tvSeries,1991,\N,\N,"Adventure,Animation,Comedy",5.8,33,0
3809,tt0142895,Brave of the Sun Fighbird,Taiyô no yûsha Fighbird,tvSeries,1991,1992,\N,"Action,Adventure,Animation",6.7,33,0
3810,tt0290047,Robby the Rascal,Cybot Robotchi,tvSeries,1982,1983,25,"Animation,Comedy,Family",6.2,33,0
3811,tt0338651,The Superior Reideen,Chôsha Raidîn,tvSeries,1996,1997,25,"Action,Adventure,Animation",6.0,33,0
3812,tt0363903,Power Dolls,Power Dolls,tvMiniSeries,1996,1998,\N,"Action,Animation,Comedy",5.4,33,0
3813,tt0413600,Ring ni kakero,Ring ni kakero,tvSeries,2003,\N,25,"Animation,Sport",7.6,33,0
3814,tt0972644,Galaxy Angel Rune,Gyarakushî enjerûn,tvSeries,2006,\N,\N,"Animation,Comedy,Sci-Fi",6.6,33,0
3815,tt1055696,Kono Aozora Ni Yakusoku Wo,Kono aozora ni yakusoku wô: Yôkoso tsugumi ryô he,tvSeries,2007,\N,26,"Animation,Romance",4.9,33,0
3816,tt1157975,Mushiking: The Guardians of the Forest,Kôchû ôja mushikingu: Mori no tami no densetsu,tvSeries,2005,2006,\N,"Adventure,Animation,Comedy",7.4,33,0
3817,tt1233851,Twin Hawks,Futari Taka,tvSeries,1984,1985,25,"Animation,Sport",6.2,33,0
3818,tt13799316,Try Knights,Try Knights,tvSeries,2019,2019,\N,"Animation,Sport",4.9,33,0
3819,tt1425020,Wandaba Style,Mousou Kagaku Series Wandaba Style,tvSeries,2003,\N,\N,"Animation,Comedy,Sci-Fi",6.2,33,0
3820,tt1515986,Mushiuta,Mushiuta,tvSeries,2007,\N,\N,"Action,Animation,Fantasy",5.6,33,0
3821,tt1851597,Seraphim Call,Serafimu kôru,tvSeries,1999,1999,23,"Animation,Drama,Romance",6.7,33,0
3822,tt2193617,Galaxy Cyclone Braiger,Ginga senpû Braiger,tvSeries,1981,1982,25,"Action,Animation,Crime",6.0,33,0
3823,tt2455490,Sonic Soldier Borgman,Chôon senshi Borgman,tvSeries,1988,1988,30,"Action,Animation,Drama",7.0,33,0
3824,tt2498430,Detatoko Princess,Detatoko Princess,tvSeries,1997,\N,\N,"Animation,Comedy",5.4,33,0
3825,tt25051156,Lee's Detective Agency,Lee Shi Zhentan Shiwusuo,tvMiniSeries,2022,\N,10,"Action,Animation,Comedy",7.5,33,0
3826,tt32903600,0-Saiji Start Dash Monogatari,0-Saiji Start Dash Monogatari,tvMiniSeries,2024,\N,\N,"Adventure,Animation,Fantasy",4.1,33,0
3827,tt3302964,B-Daman Fireblast,Cross Fight B-Daman ES,tvSeries,2012,2013,22,"Action,Adventure,Animation",7.2,33,0
3828,tt3425232,Gaiking: Legend of Daikû Maryû,Gaiking: Legend of Daikû Maryû,tvSeries,2005,2006,25,"Adventure,Animation,Sci-Fi",6.8,33,0
3829,tt3466844,Blocker Gundan IV Machine Blaster,Blocker Gundan IV Machine Blaster,tvSeries,1976,1977,30,Animation,5.8,33,0
3830,tt4087202,Sorcerer on the Rocks,Sorcerer on the Rocks: A Bastard for the Ages,tvMiniSeries,1999,\N,\N,"Animation,Comedy,Fantasy",4.9,33,0
3831,tt4146068,Aura Battler Dunbine: The Tale of Neo Byston Well,Aura Battle Dunbine,tvMiniSeries,1988,1988,\N,"Adventure,Animation,Sci-Fi",7.0,33,0
3832,tt5502130,Magical Somera-chan,Fushigi na Somera-chan,tvSeries,2015,2015,4,"Animation,Comedy",5.0,33,0
3833,tt8736734,Hidamari Sketch: Sae & Hiro's Graduation Arc,Hidamari Sketch: Sae Hiro Sotsugyou-hen,tvMiniSeries,2013,2013,46,"Animation,Comedy,Drama",7.5,33,0
3834,tt9868848,Alice in Cyberland,Alice in Cyberland,tvMiniSeries,1996,1996,25,"Action,Animation,Sci-Fi",4.8,33,0
3835,tt0099521,Mainichi ga nichiyoubi,Mainichi ga nichiyoubi,tvMiniSeries,1990,1992,160,"Action,Animation,Romance",6.8,32,0
3836,tt0288565,Samurai: Hunt for the Sword,Hunt for the Sword Samurai,tvMiniSeries,1999,\N,30,Animation,5.0,32,0
3837,tt0303508,Isabelle of Paris,Paris no Isabelle,tvSeries,1979,1979,24,"Animation,Drama",5.7,32,0
3838,tt10245818,Urawa no Usagi-chan,Urawa no Usagi-chan,tvMiniSeries,2015,2022,\N,"Animation,Comedy",4.8,32,0
3839,tt1034915,Kabatotto,Kabatotto,tvSeries,1971,1972,3,"Animation,Comedy",6.6,32,0
3840,tt11724248,Wish Upon the Pleiades,Houkago no Pleiades,tvSeries,2015,2015,23,"Animation,Fantasy,Sci-Fi",6.2,32,0
3841,tt1193110,Papillon Rose,Papiyon rôze: Nyû shîjin,tvMiniSeries,2006,2006,\N,"Animation,Comedy",4.8,32,0
3842,tt12052708,W'z,W'z,tvSeries,2019,2019,23,"Action,Adventure,Animation",5.4,32,0
3843,tt1281953,The Galaxy Railways: A Letter from the Abandoned Planet,Ginga tetsudô monogatari: Wasurerareta toki no wakusei,tvMiniSeries,2006,2007,\N,"Animation,Drama,Sci-Fi",6.0,32,0
3844,tt16118326,Kaidan Restaurant,Kaidan Resutoran,tvSeries,2009,2010,\N,"Animation,Fantasy,Horror",7.2,32,0
3845,tt1990559,Mina,Getsumento Heiki Mina,tvSeries,2007,2007,24,"Animation,Comedy,Fantasy",5.8,32,0
3846,tt2284001,Tree in the Sun,Hidamari no ki,tvSeries,2000,2000,30,"Animation,Drama,History",7.3,32,0
3847,tt3099326,Hyper Speed GranDoll,Cho kosoku guran doru,tvMiniSeries,1997,\N,90,"Action,Animation,Comedy",5.1,32,0
3848,tt31108359,Gundam Build Metaverse,Gundam Build Metaverse,tvMiniSeries,2023,2023,\N,"Animation,Sci-Fi",5.7,32,0
3849,tt32201743,Touken Ranbu Kai: Kyoden Moyuru Honnouji,Touken Ranbu Kai: Kyoden Moyuru Honnouji,tvMiniSeries,2024,2024,24,"Action,Animation,Fantasy",6.3,32,0
3850,tt34853325,Princession Orchestra,Purinsesshon Ôkesutora,tvSeries,2025,2026,22,"Action,Adventure,Animation",6.3,32,0
3851,tt3638066,Wild 7,Wairudo 7,tvMiniSeries,1994,\N,50,"Action,Animation",6.1,32,0
3852,tt3980892,Insufficient Direction,Kantoku Fuyuki Todoki,tvSeries,2014,2014,3,"Animation,Biography,Comedy",5.2,32,0
3853,tt4146000,The Cosmopolitan Prayers,The Cosmopolitan Prayers,tvMiniSeries,2004,\N,12,"Adventure,Animation,Comedy",2.7,32,0
3854,tt4428652,Saiyuki,Saiyuki,tvMiniSeries,1999,\N,30,"Action,Adventure,Animation",7.6,32,0
3855,tt4746218,Chu-2 Byo demo Koi ga Shitai! Lite,Chu-2 Byo demo Koi ga Shitai! Lite,tvMiniSeries,2012,\N,6,"Animation,Comedy,Short",7.2,32,0
3856,tt6478640,Schoolgirl Strikers: Animation Channel,Sukûrugâru sutoraikâzu: Animation Channel,tvSeries,2017,2017,\N,"Action,Animation,Sci-Fi",5.8,32,0
3857,tt6860824,Tondemo Senshi Muteking,Tondemo Senshi Muteking,tvSeries,1980,1981,25,"Animation,Comedy,Sci-Fi",6.4,32,0
3858,tt7150470,Black Jack 21,Black Jack 21,tvMiniSeries,2006,2006,24,"Animation,Drama",6.5,32,0
3859,tt0288990,"Chappie, the Witch",Mahô tsukai Chappy,tvSeries,1972,1972,24,"Animation,Comedy,Family",6.0,31,0
3860,tt1038935,Q-Taro the Ghost,Obake no Q-taro,tvSeries,1965,1967,30,"Animation,Comedy",6.6,31,0
3861,tt12169666,Argonavis from Bang Dream! Animation,Argonavis from Bang Dream! Animation,tvSeries,2020,\N,\N,"Animation,Drama,Music",6.7,31,0
3862,tt1305809,Goldfish Warning!,Kingyo chûihô!,tvSeries,1991,1992,24,"Animation,Comedy",7.3,31,0
3863,tt13359508,Mobile Suit Gundam Wing: Operation Meteor,Mobile Suit Gundam Wing: Operation Meteor,tvMiniSeries,1996,1996,60,"Action,Animation,Sci-Fi",7.0,31,0
3864,tt13507782,Fafner THE BEYOND,Soukyuu no Fafner Dead Agressor: The Beyond,tvSeries,2019,2021,\N,"Action,Animation,Drama",7.6,31,0
3865,tt1356879,Vampire,Banpaiya,tvSeries,1968,1969,30,"Adventure,Animation,Mystery",4.4,31,0
3866,tt14442258,I Am Takamiya Nasuno!,Takamiya Nasuno Desu!,tvSeries,2015,2015,2,"Animation,Comedy",5.1,31,0
3867,tt3004580,Element Hunters,Element Hunters,tvSeries,2009,2010,24,"Adventure,Animation,Sci-Fi",7.5,31,0
3868,tt32898183,Egumi Legacy,Egumi Legacy,tvSeries,2024,2024,\N,"Animation,Comedy",7.9,31,0
3869,tt33613789,Lockdown Zone: Lv. X,Kankin Kuiki Reberu X,tvMiniSeries,2024,\N,13,"Animation,Horror,Mystery",5.9,31,0
3870,tt4058350,Samurai Giants,Samurai jaiantsu,tvSeries,1973,1974,30,"Animation,Sport",6.9,31,0
3871,tt4110092,Sprite: Between Two Worlds,Manami & Nami Sprite,tvMiniSeries,1996,1997,20,"Animation,Comedy,Drama",5.6,31,0
3872,tt6382544,Dream Festival,Dream Festival,tvSeries,2016,2017,\N,"Animation,Music",6.6,31,0
3873,tt0294147,Misutenaide Daisy,Misutenaide Daisy,tvSeries,1997,1997,300,"Animation,Comedy,Romance",6.0,30,0
3874,tt0465860,Récré A2,Récré A2,tvSeries,1978,1988,\N,"Animation,Comedy,Family",7.4,30,0
3875,tt0846454,Musashi: The Way of the Gun,Gun-dou Musashi,tvSeries,2006,\N,\N,"Action,Animation,Fantasy",5.2,30,0
3876,tt0880283,Fairy Musketeers,Otogi-jushi Akazukin,tvSeries,2006,\N,24,"Adventure,Animation,Comedy",6.0,30,0
3877,tt11808432,Tai Chi Chasers,Taichi Senjimon,tvSeries,2007,2020,24,"Action,Adventure,Animation",7.5,30,0
3878,tt13567428,Future GPX Cyber Formula 11,Future GPX Cyber Formula 11,tvMiniSeries,1992,1993,30,"Action,Adventure,Animation",7.8,30,0
3879,tt1394148,Yumetsukai,Yumetsukai,tvSeries,2006,\N,\N,"Animation,Fantasy",5.9,30,0
3880,tt14068416,Near Death!! Ekoda-chan,Rinshi!! Ekoda-chan,tvMiniSeries,2019,2019,4,"Animation,Comedy",6.0,30,0
3881,tt1523392,Miracle Train: Oedo-sen E Youkoso,Mirakuru torein: Ôedosen e yôkoso,tvSeries,2009,\N,\N,"Animation,Comedy,Drama",6.4,30,0
3882,tt31450619,Senki Zessho Symphogear XV,Senki Zessho Symphogear XV,tvSeries,2019,2019,\N,"Action,Animation",8.0,30,0
3883,tt4056832,Genki Bakuhatsu Ganbaruger,Genki bakuhatsu Ganbaruger,tvSeries,1992,1993,30,"Adventure,Animation,Comedy",7.5,30,0
3884,tt4837190,Super Robot Wars OG: The Inspector,Supa Robotto Taisen Oji Ji Insupekta,tvSeries,2010,2011,23,"Action,Adventure,Animation",7.0,30,0
3885,tt5726570,Three Little Ghosts,"Chiisana obake Acchi, Kocchi, Socchi",tvSeries,1991,1992,26,"Animation,Comedy,Family",6.4,30,0
3886,tt7676862,Dangaizer 3,Choushin Hime Dangaizer 3,tvMiniSeries,1999,2001,\N,"Action,Animation,Comedy",6.3,30,0
3887,tt8256136,Puzzle & Dragons X,Puzzle & Dragons X,tvSeries,2016,2018,\N,"Adventure,Animation,Fantasy",6.8,30,0
3888,tt8773498,Ongaku shoujo,Ongaku shoujo,tvSeries,2018,\N,24,"Animation,Music",5.5,30,0
3889,tt9889352,Detective Opera Milky Holmes,Detective Opera Milky Holmes,tvSeries,2010,2012,\N,"Adventure,Animation,Comedy",6.2,30,0
3890,tt11070000,Z/X: Code Reunion,Z/X: Code Reunion,tvSeries,2019,\N,25,"Action,Animation,Sci-Fi",6.0,29,0
3891,tt1161683,Porufi no nagai tabi,Porufi no nagai tabi,tvSeries,2008,2008,\N,"Animation,War",6.3,29,0
3892,tt1246990,Aqua Age,Mizuiro jidai,tvSeries,1996,1997,25,"Animation,Drama,Romance",6.8,29,0
3893,tt1253091,Môretsu atarô,Môretsu atarô,tvSeries,1969,1970,25,"Animation,Comedy",4.6,29,0
3894,tt13567496,Future GPX Cyber Formula Sin,Future GPX Cyber Formula Sin,tvMiniSeries,1998,2000,30,"Action,Adventure,Animation",7.8,29,0
3895,tt1377255,What's Up Mechadoc,Yoroshiku meka dokku,tvSeries,1984,1985,25,"Action,Animation,Comedy",6.4,29,0
3896,tt15830626,Irodorimidori,Irodorimidori,tvSeries,2022,\N,\N,"Animation,Music,Short",5.4,29,0
3897,tt2038185,Yadamon,Yadamon,tvSeries,1992,1993,10,"Adventure,Animation,Comedy",7.7,29,0
3898,tt2414994,Chô Soku Henkei Gyrozetter,Chô Soku Henkei Gyrozetter,tvSeries,2012,\N,\N,"Action,Animation,Sci-Fi",5.9,29,0
3899,tt2508792,The Wings of Rean,The Wings of Rean,tvMiniSeries,2005,2006,25,"Action,Animation,Drama",5.6,29,0
3900,tt27028526,Battle Spirits: Shounen Gekiha Dan,Batorusupirittsu Shônen Gekiha Dan,tvSeries,2009,2010,24,"Action,Adventure,Animation",5.3,29,0
3901,tt3065358,Gambler Densetsu Tetsuya,Gambler Densetsu Tetsuya,tvSeries,2000,2001,\N,"Animation,Mystery",6.3,29,0
3902,tt3367862,Yat! Budget! Space Tours,YAT Anshin! Uchu Ryokou,tvSeries,1996,1998,22,"Adventure,Animation,Comedy",6.6,29,0
3903,tt3396174,Magical Kanan,Majikaru Kanan,tvSeries,2005,2005,24,"Animation,Fantasy",5.5,29,0
3904,tt3644300,Majin Bone,Majin Bone,tvSeries,2014,\N,\N,"Action,Adventure,Animation",7.0,29,0
3905,tt6644364,Panyo Panyo Di Gi Charat,Panyo Panyo Di Gi Charat,tvSeries,2002,2002,5,"Animation,Comedy",7.3,29,0
3906,tt6754718,Ore wa Teppei,Ore wa Teppei,tvSeries,1977,1978,24,"Animation,Comedy,Sport",4.4,29,0
3907,tt8394246,Heroes: Legend of the Battle Disks,Heroes: Legend of the Battle Disks,tvSeries,2015,2015,22,Animation,7.3,29,0
3908,tt8798306,Fate/Zero Cafe,Fate/Zero Cafe,tvSeries,2013,2016,1,"Animation,Comedy,Short",5.6,29,0
3909,tt9173738,Wild Knights Gulkeeva,Jûsenshi Gulkeeva,tvSeries,1995,1995,25,"Action,Adventure,Animation",7.1,29,0
3910,tt9520752,Pastel Memories,Pastel Memories,tvSeries,2019,\N,\N,"Adventure,Animation",4.3,29,0
3911,tt0105084,OZ,Ozzu,tvSeries,1992,\N,70,"Animation,Sci-Fi",6.1,28,0
3912,tt0305100,Wandering Sun,Sasurai no taiyo,tvSeries,1971,1971,24,"Animation,Drama,Music",6.5,28,0
3913,tt0392981,La noiraude,La noiraude,tvSeries,1976,\N,1,"Animation,Family,Short",7.4,28,0
3914,tt0498584,Triangle Heart: Sweet Songs Forever,Triangle Heart: Sweet Songs Forever,tvMiniSeries,2003,2003,30,"Action,Adventure,Animation",4.3,28,0
3915,tt0950730,Clockwork Fighters Hiwou's War,Karakuri kiden hiuô senki,tvSeries,2000,2001,\N,"Action,Adventure,Animation",6.1,28,0
3916,tt0988938,Gargoyle of Yoshinaga House,Yoshinaga san chi no Gargoyle,tvSeries,2006,2006,\N,"Animation,Comedy,Fantasy",7.5,28,0
3917,tt1180327,Spider Riders: Resurrected Sun,Spider Riders: Yomigaeru taiyou,tvSeries,2007,2007,\N,"Action,Adventure,Animation",6.8,28,0
3918,tt1272032,Legendz: Tale of the Dragon Kings,Rejienzu: Yomigaeru ryuuou densetsu,tvSeries,2004,2005,25,"Action,Adventure,Animation",7.8,28,0
3919,tt14470008,The Everyday Tales of a Cat God,Nekogami Yaoyorozu,tvSeries,2011,\N,23,"Animation,Comedy,Fantasy",6.0,28,0
3920,tt15802804,Atasha Kawashiri Kodama dayo: Dangerous Lifehacker no tadareta seikatsu,Atasha Kawashiri Kodama dayo: Dangerous Lifehacker no tadareta seikatsu,tvSeries,2022,\N,\N,"Animation,Comedy,Short",5.0,28,0
3921,tt30783686,Ori Princess,Tian Xin Ge Ge,tvSeries,2011,\N,\N,"Animation,Comedy,Family",7.9,28,0
3922,tt34773190,.hack//Liminality,.hack//Liminality,tvMiniSeries,2002,2003,\N,"Animation,Mystery,Sci-Fi",5.9,28,0
3923,tt4792482,Hermit Village,Sennin Buraku,tvSeries,1963,1964,\N,"Animation,Comedy",5.6,28,0
3924,tt7571676,Nyanbo!,Nyanbo!,tvSeries,2016,2016,5,"Animation,Family",5.5,28,0
3925,tt9264908,Human Crossing,Ningen kousaten,tvSeries,2003,2003,\N,"Animation,Drama",7.2,28,0
3926,tt0143024,Goldran the Brave of Gold,Ôgon yûsha Goldran,tvSeries,1995,1996,\N,"Action,Animation,Fantasy",7.3,27,0
3927,tt0251729,Akko's Secret,Himitsu no Akko-chan,tvSeries,1998,1999,24,"Animation,Comedy,Family",6.8,27,0
3928,tt0289000,Miracle Girl Limit,Mirakuru shôjo Rimitto-chan,tvSeries,1973,1974,24,"Adventure,Animation,Comedy",6.6,27,0
3929,tt0388657,What's Michael,What's Michael,tvSeries,1988,1989,\N,"Animation,Comedy",6.8,27,0
3930,tt0881691,Koisuru tenshi Angelique: Kokoro no mezameru toki,Koisuru tenshi Angelique: Kokoro no mezameru toki,tvSeries,2006,2007,25,"Animation,Drama,Fantasy",5.9,27,0
3931,tt12627766,Natsuki Crisis,Natsuki Crisis,tvSeries,1994,\N,\N,"Action,Animation",7.2,27,0
3932,tt12837062,H2,H2,tvSeries,1995,1996,24,"Animation,Comedy,Romance",6.8,27,0
3933,tt13142936,Wixoss Diva(A)Live,Wixoss Diva(A)Live,tvSeries,2021,\N,\N,"Animation,Music,Sci-Fi",5.6,27,0
3934,tt13635902,Kasei Yakyoku,Kasei Yakyoku,tvMiniSeries,1989,1989,28,"Animation,Romance",6.4,27,0
3935,tt13871228,Frame Arms Girl,Frame Arms Girl,tvSeries,2017,2017,23,"Animation,Sci-Fi",5.4,27,0
3936,tt1449004,Polyphonica Crimson S,Shinkyoku sôkai Porifonika: Kurimuzon S,tvSeries,2009,\N,\N,"Animation,Drama,Fantasy",6.5,27,0
3937,tt16319160,Humanoid Monster Bem,Yôkai ningen Bem,tvSeries,2006,2006,25,"Action,Animation,Fantasy",6.7,27,0
3938,tt1820943,Happy Lesson OVA Series,Happy Lesson OVA Series,tvSeries,2001,\N,\N,"Animation,Comedy,Romance",6.0,27,0
3939,tt1978828,Gasshin Sentai Mekandaa Robo,Gasshin Sentai Mekandaa Robo,tvSeries,1977,1977,25,"Action,Animation,Sci-Fi",5.0,27,0
3940,tt26765296,Yo-kai Watch: Reborn,Yôkai Wotchi,tvSeries,2021,\N,\N,"Action,Adventure,Animation",7.2,27,0
3941,tt28400589,Miru,Miru: Watashi no Mirai,tvMiniSeries,2025,\N,24,"Action,Adventure,Animation",6.2,27,0
3942,tt3179154,Beyraiderz Shogun,Beyraiderz Shogun,tvSeries,2013,\N,\N,"Action,Adventure,Animation",7.3,27,0
3943,tt3341618,Wild Adapter,Wild Adapter,tvSeries,2014,2015,\N,"Action,Animation,Comedy",6.0,27,0
3944,tt3477110,Majikaru Tarurûto-kun,Majikaru Tarurûto-kun,tvSeries,1990,1992,50,"Adventure,Animation,Comedy",6.0,27,0
3945,tt36414919,Gurren Lagann: Parallel Works,Gurren Lagann: Parallel Works,tvSeries,2008,2008,\N,"Animation,Music,Sci-Fi",7.1,27,0
3946,tt4038636,Akadô Suzunosuke,Akadô Suzunosuke,tvSeries,1972,1973,30,"Adventure,Animation,History",5.9,27,0
3947,tt5870832,Tesagure! Bukatsu-mono,Tesagure! Bukatsu-mono,tvSeries,2013,2015,\N,"Animation,Comedy",7.7,27,0
3948,tt6015408,Karate Master,Karate baka ichidai,tvSeries,1973,1974,30,"Action,Animation,Comedy",6.8,27,0
3949,tt8393964,Hoopa's Surprise Ring Adventures,Hoopa's Appear Plan!!,tvMiniSeries,2015,2015,\N,"Adventure,Animation,Comedy",7.2,27,0
3950,tt0113517,First Loves,Kakyûsei,tvMiniSeries,1995,1995,28,"Animation,Romance",6.4,26,0
3951,tt0294521,Deluxe Ariel,Deluxe Ariel,tvMiniSeries,1991,\N,90,"Animation,Comedy,Sci-Fi",6.1,26,0
3952,tt0375337,Violinist of Hameln,Hâmerun no baiorin hiki,tvSeries,1996,1997,25,"Adventure,Animation,Drama",7.0,26,0
3953,tt0846499,Katsudou dai shashin: Mankatsu,Katsudou dai shashin: Mankatsu,tvSeries,2004,2005,\N,"Action,Animation,Comedy",6.5,26,0
3954,tt0996289,To Heart: Remember My Memories,To Heart: Remember My Memories,tvMiniSeries,2004,2004,\N,"Animation,Comedy,Drama",5.1,26,0
3955,tt13567454,Future GPX Cyber Formula Zero,Future GPX Cyber Formula Zero,tvMiniSeries,1994,1995,30,"Action,Adventure,Animation",7.7,26,0
3956,tt13988168,D4DJ Petit Mix,D4DJ Petit Mix,tvMiniSeries,2021,\N,\N,"Animation,Comedy,Music",5.9,26,0
3957,tt1653982,Tentomushi no uta,Tentomushi no uta,tvSeries,1974,1976,30,"Animation,Comedy,Drama",6.8,26,0
3958,tt1794143,Great Dangaioh,Haja Kyosei Gureito Dangaioh,tvSeries,2001,2001,25,"Action,Adventure,Animation",5.4,26,0
3959,tt21250022,Karada Sagashi,Karada Sagashi,tvSeries,2017,2017,\N,"Animation,Drama,Horror",5.1,26,0
3960,tt21369972,Eternal Boys,Eternal Boys,tvSeries,2022,2023,\N,"Animation,Music",6.8,26,0
3961,tt2296350,Izumo: Flash of a Brave Sword,Izumo: Takeki Tsurugi no Senki,tvSeries,2005,\N,25,"Animation,Fantasy",5.7,26,0
3962,tt28298503,Ikki tousen dragon destiny,Ikki tousen dragon destiny,tvMiniSeries,2007,\N,\N,Animation,7.4,26,0
3963,tt31077971,Air in Summer,Air in Summer,tvMiniSeries,2005,2005,\N,"Animation,Drama",6.0,26,0
3964,tt3208068,Eight Clouds Rising,Yakumo tatsu,tvMiniSeries,1997,1997,29,"Adventure,Animation,History",5.2,26,0
3965,tt34821547,.hack//Quantum,.hack//Quantum,tvMiniSeries,2010,2011,\N,"Action,Adventure,Animation",5.2,26,0
3966,tt3776900,Locke the Superman: Lord Leon,Chojin Locke: Lord Leon,tvMiniSeries,1989,\N,30,"Animation,Drama,Sci-Fi",5.5,26,0
3967,tt3916760,Asatte dansu,Asatte dansu,tvMiniSeries,1991,\N,45,"Animation,Comedy,Romance",6.3,26,0
3968,tt4109918,A Spirit of the Sun,Taiyô no Mokushiroku,tvMiniSeries,2006,\N,77,"Animation,Drama,Sci-Fi",6.7,26,0
3969,tt4295746,Mikan Enikki,Mikan Enikki,tvSeries,1992,1993,\N,"Animation,Comedy,Romance",7.2,26,0
3970,tt5424240,One Stormy Night: Secret Friends,Arashi no yoru ni: Himitsu no tomodachi,tvSeries,2012,\N,23,"Animation,Family",6.2,26,0
3971,tt8721248,Little Astro Boy,Little Astro Boy,tvMiniSeries,2014,2019,12,"Animation,Comedy,Family",6.4,26,0
3972,tt8922630,Ozanari Dungeon,Ozanari Dungeon: Kaze no Tou,tvMiniSeries,1991,1991,26,"Action,Adventure,Animation",5.9,26,0
3973,tt0098828,Idol Angel Yokoso Yoko,Aidoru tenshi yôkoso Yôko,tvSeries,1990,1991,20,"Animation,Comedy,Drama",5.5,25,0
3974,tt0168349,Meiken rasshî,Meiken rasshî,tvSeries,1996,1996,24,"Animation,Drama,Family",6.5,25,0
3975,tt0320896,Nangoku shônen Papuwa-kun,Nangoku shônen Papuwa-kun,tvSeries,1992,\N,25,"Adventure,Animation,Comedy",6.1,25,0
3976,tt0972665,Lemon Angel Project,Lemon Angel Project,tvSeries,2006,2006,\N,"Animation,Drama,Music",5.3,25,0
3977,tt1179368,Key Princess Story Eternal Alice Rondo,Kagihime monogatari: Eikyû arisu rondo,tvSeries,2006,\N,\N,"Action,Animation,Fantasy",5.6,25,0
3978,tt1233544,Joe vs. Joe,Futari no Joe,tvMiniSeries,2003,2003,84,"Action,Animation,Sport",6.1,25,0
3979,tt13450886,SD Gundam World Heroes,SD Gundam World Heroes,tvSeries,2021,\N,\N,"Action,Animation,Comedy",6.8,25,0
3980,tt13469436,Gurazeni,Gurazeni,tvSeries,2018,\N,\N,"Animation,Sport",6.6,25,0
3981,tt13562014,"Umi no Yami, Tsuki no Kage","Umi no Yami, Tsuki no Kage",tvMiniSeries,1989,1989,30,"Animation,Drama,Horror",5.5,25,0
3982,tt13567394,Cute Executive Officer,Youjo Shachou,tvSeries,2021,\N,\N,"Animation,Comedy",6.6,25,0
3983,tt18567756,BanG Dream! 5th Anniversary Animation: CiRCLE Thanks Party!,BanG Dream! 5th Anniversary Animation: CiRCLE Thanks Party!,tvMiniSeries,2022,2022,\N,"Animation,Music",7.0,25,0
3984,tt31450590,Senki Zessho Symphogear AXZ,Senki Zessho Symphogear AXZ,tvSeries,2017,2017,\N,"Action,Animation,Drama",7.5,25,0
3985,tt3207686,Ebiten,Ebiten: Koritsu Ebisugawa Koko Tenmonbu,tvMiniSeries,2012,2013,22,"Animation,Comedy",5.6,25,0
3986,tt32083183,CARDFIGHT!! VANGUARD Divinez,Cardfight!! Vanguard Divinez,tvSeries,2024,2026,24,"Action,Adventure,Animation",6.2,25,0
3987,tt33059996,New Dream Hunter Rem,New Dream Hunter Rem,tvMiniSeries,1990,1992,\N,"Action,Animation,Fantasy",6.5,25,0
3988,tt3391638,Smash Hit!,Hit Wo Nerae! Smash Hit!,tvMiniSeries,2004,2004,13,"Animation,Comedy",5.2,25,0
3989,tt3448296,Magica Wars,Mahou shoujo taisen,tvSeries,2014,\N,4,"Action,Animation,Fantasy",5.5,25,0
3990,tt3847404,Arad Senki: Slap Up Party,Arad Senki: Slap Up Party,tvSeries,2009,\N,\N,"Action,Adventure,Animation",5.3,25,0
3991,tt6395566,Mechakko Dotakon,Mechakko Dotakon,tvSeries,1981,1981,30,"Adventure,Animation,Comedy",6.1,25,0
3992,tt8947808,Snack World,Snack World,tvSeries,2017,\N,25,"Action,Adventure,Animation",5.2,25,0
3993,tt0202753,Starship Girl Yamamoto Yohko,Soreyuke! Uchû senkan Yamamoto Yôko,tvSeries,1999,\N,26,Animation,6.3,24,0
3994,tt0293995,Mission Outer Space Srungle,Akû daisakusen Srungle,tvSeries,1983,1984,30,"Action,Animation,Sci-Fi",6.7,24,0
3995,tt0431563,Psycho Armor Govarian,Saiko ama Gobarian,tvSeries,1983,1983,30,"Action,Adventure,Animation",6.0,24,0
3996,tt0872175,G-on Riders,G-on Riders,tvSeries,2002,\N,25,"Action,Animation,Comedy",6.3,24,0
3997,tt0982094,Lord of Lords Ryu Knight,Haô taiki ryû knight,tvSeries,1994,1995,30,"Action,Adventure,Animation",5.9,24,0
3998,tt12522530,Zo Zo Zombie,Zo Zo Zombie,tvSeries,2020,\N,12,Animation,6.9,24,0
3999,tt13027536,Softenni! The Animation,Softenni!,tvMiniSeries,2011,2011,\N,"Animation,Comedy,Sport",5.8,24,0
4000,tt1321971,Ask Dr. Rin!,Dr. Rin ni kiitemite!,tvSeries,2001,2002,\N,"Animation,Comedy,Fantasy",6.1,24,0
4001,tt15612980,Amagi Brilliant Park: Wakuwaku Mini Theater - Rakugaki Backstage,Amagi Brilliant Park: Wakuwaku Mini Theater - Rakugaki Backstage,tvMiniSeries,2014,2015,\N,"Animation,Comedy,Fantasy",6.4,24,0
4002,tt15809636,Gundam Build Fighters: Battlogue,Gundam Build Fighters: Battlogue,tvMiniSeries,2017,2017,\N,"Action,Animation,Sci-Fi",7.1,24,0
4003,tt1653972,Inakappe taisho,Inakappe taisho,tvSeries,1970,1972,30,"Animation,Comedy",5.1,24,0
4004,tt1653973,Homerun Kanta,Ippatsu Kanta-kun,tvSeries,1977,1978,30,"Animation,Comedy,Drama",5.5,24,0
4005,tt22207136,Human Bug Daigaku,Human Bug Daigaku,tvSeries,2022,\N,\N,Animation,5.9,24,0
4006,tt29908328,Kawagoe Boys Sing,Kawagoe Boys Sing,tvSeries,2023,\N,\N,"Animation,Comedy,Music",5.2,24,0
4007,tt3897210,21 Emon,21 Emon,tvSeries,1991,1992,25,"Animation,Comedy,Sci-Fi",5.8,24,0
4008,tt6699282,Black Jack Final,Black Jack Final,tvMiniSeries,2011,2011,100,"Animation,Drama,Fantasy",5.7,24,0
4009,tt7722438,Moeru! Onisan,Moeru! Onisan,tvSeries,1988,1988,30,"Animation,Comedy",6.7,24,0
4010,tt8231064,Shinya! Tensai Bakabon,Shinya! Tensai Bakabon,tvSeries,2018,\N,\N,"Animation,Comedy",6.0,24,0
4011,tt0159494,Izumo,Izumo,tvMiniSeries,1991,\N,90,"Action,Animation,Drama",6.4,23,0
4012,tt11156966,Shippu! Iron Leaguer,Shippu! Iron Leaguer,tvSeries,1993,1994,25,"Action,Animation,Fantasy",7.2,23,0
4013,tt1138016,Ayumayu gekijô,Ayumayu gekijô,tvSeries,2006,2007,\N,"Animation,Comedy",4.4,23,0
4014,tt12209094,Y School Heroes,Youkai Watch Jam: Youkai Gakuen Y - N to no Souguu,tvSeries,2019,\N,\N,"Action,Animation,Comedy",7.2,23,0
4015,tt13009848,I'm Home! Chibi Godzilla,Tadaima Chibi Gojira,tvSeries,2020,2021,\N,"Animation,Sci-Fi",6.6,23,0
4016,tt14337672,A Girl in a Lower Grade,Kakyuusei,tvSeries,1999,1999,\N,"Animation,Drama,Romance",5.5,23,0
4017,tt20770820,BeyWarriors: Cyborg,BeyWarriors: Cyborg,tvSeries,2014,2015,30,"Action,Adventure,Animation",7.1,23,0
4018,tt21413688,Chimimo,Chimimo,tvSeries,2022,\N,25,"Animation,Comedy",6.5,23,0
4019,tt2331083,Stratos 4,Stratos 4,tvMiniSeries,2004,2004,\N,"Action,Animation,Sci-Fi",6.5,23,0
4020,tt28298536,Ikki tousen: Great guardians,Ikki tousen: Great guardians,tvMiniSeries,2008,\N,\N,Animation,6.3,23,0
4021,tt3399758,Go! Go! 575,Go! Go! 575,tvMiniSeries,2014,\N,3,"Animation,Comedy,Music",3.8,23,0
4022,tt34289228,Sakura Wars: The Gorgeous Blooming Cherry Blossoms,Sakura taisen: Ôka kenran,tvSeries,1997,1998,\N,Animation,6.8,23,0
4023,tt4164500,Weiß Kreuz: OVA,Weiß Kreuz: OVA,tvMiniSeries,1999,\N,\N,"Action,Animation,Crime",6.2,23,0
4024,tt7033102,Jeanie with the Light Brown Hair,Kinpatsu no Jeanie,tvSeries,1979,1979,\N,"Animation,Drama,Romance",6.4,23,0
4025,tt7847678,Gdgd Men's Party,GdMen,tvSeries,2018,2018,9,"Animation,Comedy,Fantasy",5.5,23,0
4026,tt9765476,Bakugan: Small Brawl Stories,Bakugan: Small Brawl Stories,tvMiniSeries,2019,\N,\N,Animation,5.5,23,0
4027,tt0286937,Saramandâ basikku saga meiso no Peora,Saramandâ basikku saga meiso no Peora,tvMiniSeries,1987,\N,\N,"Action,Adventure,Animation",5.9,22,0
4028,tt10863968,THE IDOLM@STER CINDERELLA GIRLS Theater,Cinderella Girls Gekijou,tvSeries,2017,2019,3,"Animation,Comedy,Short",6.1,22,0
4029,tt12038850,Circlet Princess,Circlet Princess,tvSeries,2019,2019,\N,"Action,Animation,Sci-Fi",6.3,22,0
4030,tt13567472,Future GPX Cyber Formula Saga,Future GPX Cyber Formula Saga,tvMiniSeries,1996,1997,30,"Action,Adventure,Animation",7.7,22,0
4031,tt13592988,Idolls!,Idolls!,tvMiniSeries,2021,\N,\N,"Animation,Comedy,Music",4.3,22,0
4032,tt1483553,Kishin Taisen Gigantic Formula,Kishin Taisen Gigantic Formula,tvSeries,2007,2007,\N,"Animation,Drama,Sci-Fi",6.8,22,0
4033,tt1527559,Rescueman,Time patrol - Tai otasukeman,tvSeries,1980,1981,\N,Animation,6.6,22,0
4034,tt1684707,Chance Pop Session,Chansu: Toraianguru sesshon,tvSeries,2001,2001,\N,"Animation,Comedy,Drama",6.6,22,0
4035,tt2331087,Stratos 4 Advance Kanketsuhen,Sutoratosu 4 adovu~ansu kanketsu-hen,tvMiniSeries,2006,\N,\N,"Action,Animation,Sci-Fi",6.6,22,0
4036,tt25786072,Sasuke,Sasuke,tvSeries,1968,1969,\N,"Action,Animation,Drama",6.4,22,0
4037,tt28298680,Ikki tousen: Xtreme xecutor,Ikki tousen: Xtreme xecutor,tvMiniSeries,2010,\N,\N,Animation,5.9,22,0
4038,tt28761994,School Ghosts,Gakkou No Yuurei,tvMiniSeries,1995,1997,192,"Animation,Drama,Horror",5.7,22,0
4039,tt31152095,Macross 7 Encore,Macross 7 Encore,tvMiniSeries,1995,1995,\N,"Action,Animation,Comedy",5.8,22,0
4040,tt32160126,Shinkalion Change the World,Shinkalion Change the World,tvSeries,2024,\N,\N,"Action,Animation,Sci-Fi",6.4,22,0
4041,tt36414921,Gurren Lagann: Parallel Works 2,Gurren Lagann: Parallel Works 2,tvSeries,2010,2010,\N,"Action,Animation,Music",7.1,22,0
4042,tt3898720,Pia Carrot e Yokoso! 2 DX,Pia Carrot e Yokoso! 2 DX,tvSeries,1999,\N,\N,"Animation,Comedy,Romance",5.8,22,0
4043,tt5914182,Beast Fighter: The Apocalypse,Majuu Sensen: The Apocalypse,tvSeries,2003,\N,22,"Action,Animation,Fantasy",5.4,22,0
4044,tt6220630,Welcome To!,Welcome To!,tvSeries,2012,\N,\N,"Animation,Comedy",7.5,22,0
4045,tt6554358,Pluster World,Pluster World,tvSeries,2003,2004,\N,"Action,Adventure,Animation",7.5,22,0
4046,tt0141566,Machine Robo: Winner Battle Hackers,Machine Robo: Butchigiri Battle Hackers,tvSeries,1987,1987,\N,"Adventure,Animation,Sci-Fi",6.2,21,0
4047,tt10947560,Adventures of the Young Shadar,Bôken Shônen Shadar,tvSeries,1967,1968,\N,"Adventure,Animation,Horror",6.4,21,0
4048,tt11628636,Tsukipro the Animation,Tsukipro the Animation,tvSeries,2017,2021,23,"Animation,Music",3.9,21,0
4049,tt14707134,Aim for the Ace: Another Match,Êsu wo nerae! 2,tvSeries,1988,1988,25,"Animation,Drama,Sport",6.1,21,0
4050,tt2230324,Amazing Sarutobi,Sasuga no sarutobi,tvSeries,1982,1984,30,"Action,Adventure,Animation",6.9,21,0
4051,tt2309390,Yurumate3Dei,Yurumate3Dei,tvSeries,2012,\N,\N,"Animation,Comedy",5.4,21,0
4052,tt2390056,Haitai Nanafa,Haitai Nanafa,tvSeries,2012,2013,3,Animation,6.0,21,0
4053,tt3099330,I'll/CKBC,I'll/CKBC,tvMiniSeries,2002,2002,60,"Action,Animation,Drama",5.9,21,0
4054,tt3465006,Yôkaiden: Nekome Kozô,Yôkaiden: Nekome Kozô,tvSeries,1976,1976,30,"Animation,Fantasy,Horror",6.4,21,0
4055,tt6141050,Sotsugyo M ore-tachi no kanibaru,Sotsugyo M ore-tachi no kanibaru,tvMiniSeries,1999,\N,\N,"Animation,Comedy",4.3,21,0
4056,tt6562204,Turning Girls,Turning Girls,tvSeries,2013,2013,5,"Animation,Comedy",5.7,21,0
4057,tt7161782,Dancouga Nova,Dancouga Nova,tvSeries,2007,2007,25,"Action,Animation",7.4,21,0
4058,tt7361794,Marginal #4 Kiss Kara Tsukuru Big Bang,Marginal #4 Kiss Kara Tsukuru Big Bang,tvSeries,2017,2017,\N,"Animation,Music",4.9,21,0
4059,tt1230400,Telepathy Shojo Ran,Terepashî shôjo Ran,tvSeries,2008,\N,\N,"Animation,Fantasy,Mystery",6.2,20,0
4060,tt12826750,Pochi and Invention: Pikachin-Kit,Pochitto hatsumei Pika-chin kitto,tvSeries,2018,2020,24,"Action,Adventure,Animation",5.7,20,0
4061,tt12866680,Battle Spirits: Gallet's Revolution,Batorusupirittsu: Kakumei no Garetto,tvSeries,2020,\N,24,"Action,Adventure,Animation",5.2,20,0
4062,tt14924976,Waccha PriMagi!,Waccha PriMagi!,tvSeries,2021,\N,\N,"Animation,Fantasy,Music",4.4,20,0
4063,tt2441378,Apache Basseball Army,Apache yakyûgun,tvSeries,1971,1972,30,"Animation,Sport",4.7,20,0
4064,tt2629690,Dan Doh!!,Dan Doh!!,tvSeries,2004,2004,24,"Animation,Sport",6.8,20,0
4065,tt26574529,Kaiju Girls,Kaiju Girls,tvMiniSeries,2016,2018,4,"Animation,Comedy,Sci-Fi",6.1,20,0
4066,tt2959410,Futari wa Milky Holmes,Futari wa Milky Holmes,tvSeries,2013,\N,25,"Animation,Comedy,Mystery",6.6,20,0
4067,tt3086402,Armored Police Metal Jack,Kikô Keisatsu Metaru Jakku,tvSeries,1991,1991,25,"Action,Animation,Sci-Fi",5.4,20,0
4068,tt3776932,Locke the Superman OVA 2,Chojin Locke: Shin Sekai Sentai,tvMiniSeries,1991,\N,50,"Action,Animation,Drama",5.8,20,0
4069,tt3897812,Heisei Inu Monogatari Bow,Heisei Inu Monogatari Bow,tvSeries,1993,1994,25,"Adventure,Animation,Comedy",6.6,20,0
4070,tt3982472,Hareluya II BØY,Hareluya II BØY,tvSeries,1997,\N,30,"Action,Animation,Comedy",6.3,20,0
4071,tt9048558,Fighting Beauty Wulong,Kakutô Bishin Uron,tvSeries,2005,2006,22,"Action,Animation,Comedy",5.3,20,0
4072,tt9869922,Tesujin 28 FX,Tetsujin 28-gou FX,tvSeries,1992,1993,\N,"Action,Animation,Sci-Fi",5.5,20,0
4073,tt0143005,Command of Braves Dagwon,Yûsha shirei Dagwon,tvSeries,1996,1997,24,"Action,Adventure,Animation",5.8,19,0
4074,tt0988811,Animaru yokochô,Animaru yokochô,tvSeries,2005,2006,\N,"Animation,Comedy,Fantasy",6.6,19,0
4075,tt10946030,Call of the Wild,Anime Yasei no Sakebi,tvSeries,1982,1982,\N,"Adventure,Animation",7.1,19,0
4076,tt1169187,Majime ni fumajime kaiketsu zorori,Majime ni fumajime kaiketsu zorori,tvSeries,2005,2007,24,Animation,6.9,19,0
4077,tt12887816,Virtual-san Looking,Virtual-san Looking,tvSeries,2019,2019,\N,"Animation,Comedy,Music",3.9,19,0
4078,tt14444388,Steel Angel Kurumi Encore,Gotetsu tenshi Kurumi 25 - 28-wa,tvMiniSeries,2000,2000,15,"Action,Animation,Comedy",7.5,19,0
4079,tt15307204,Shootfighter Tekken,Koko tekken-den tafu,tvMiniSeries,2002,\N,45,"Action,Animation,Sport",6.8,19,0
4080,tt1876439,Z-Mind,Shishunki Bishoujo Gattai Robo Z-MIND,tvMiniSeries,1999,\N,30,"Adventure,Animation,Sci-Fi",6.1,19,0
4081,tt20494860,Pygmalio,Pygmalio,tvSeries,1990,1991,25,"Adventure,Animation,Fantasy",5.8,19,0
4082,tt2206193,Galactic Gale Baxinger,Ginga reppû Baxinger,tvSeries,1982,1983,25,"Action,Adventure,Animation",5.4,19,0
4083,tt2331085,Stratos 4 Advance,Sutoratosu 4 adovuansu,tvMiniSeries,2005,\N,\N,"Action,Animation,Sci-Fi",6.5,19,0
4084,tt2637542,Wind: A Breath of Heart,Wind: A Breath of Heart,tvSeries,2004,\N,12,Animation,5.1,19,0
4085,tt33304729,Mashin Creator Wataru,Mashin Sôzôden Wataru,tvSeries,2025,\N,24,"Action,Adventure,Animation",5.7,19,0
4086,tt3432196,Zetsumetsu Kigu Shoujo: Amazing Twins,Zetsumetsu Kigu Shoujo: Amazing Twins,tvMiniSeries,2013,2014,29,"Action,Animation",4.7,19,0
4087,tt3895474,Eiyuu Gaiden Mozaicka,Eiyuu Gaiden Mozaicka,tvSeries,1991,\N,\N,"Animation,Fantasy",5.1,19,0
4088,tt5597424,Legend of the Mystical Ninja,Anime ganbare Goemon,tvSeries,1997,1998,30,"Action,Animation,Comedy",6.1,19,0
4089,tt7081018,The Hidden Lives,The Hidden Lives,tvMiniSeries,2017,\N,\N,Animation,6.4,19,0
4090,tt0224470,D4 Princess,D4 Princess,tvSeries,1999,\N,8,"Animation,Comedy",5.5,18,0
4091,tt0296414,Shin Aim for the Ace,Shin êsu o nerae!,tvSeries,1978,1979,\N,"Animation,Sport",6.2,18,0
4092,tt0348481,Yûkan club,Yûkan club,tvMiniSeries,1992,\N,35,"Animation,Comedy,Mystery",6.4,18,0
4093,tt0412257,Akubi-chan,Yobarete tobidete! Akubi-chan,tvSeries,2001,2002,25,"Animation,Comedy,Fantasy",7.1,18,0
4094,tt0440239,Great Yamato No. 0,Dai Yamato zero gô,tvSeries,2004,2007,\N,"Animation,Sci-Fi",6.3,18,0
4095,tt10270808,My Wife Is a Magical Girl: Bewitched Agnes,Okusama wa Mahou Shoujo,tvSeries,2005,2005,\N,"Animation,Comedy,Fantasy",6.1,18,0
4096,tt10706734,Time Travel Girl,Time Travel Shoujo: Mari Waka to 8-nin no Kagakusha-tachi,tvSeries,2016,2016,25,"Adventure,Animation,Family",6.7,18,0
4097,tt12787182,Fushigi Dagashiya: Zenitendou,Fushigi Dagashiya: Zenitendou,tvSeries,2020,\N,\N,"Animation,Mystery,Short",6.0,18,0
4098,tt1282769,The Galaxy Railways: Eternal Divergence,Ginga tetsudô monogatari: Eien e no bunkiten,tvSeries,2006,2007,24,"Adventure,Animation,Drama",6.1,18,0
4099,tt13550968,One: Kagayaku Kisetsu e,One: Kagayaku Kisetsu e,tvMiniSeries,2001,2002,\N,"Animation,Drama,Romance",2.6,18,0
4100,tt13853360,Ninjala,Ninjala,tvSeries,2020,\N,\N,"Action,Animation,Fantasy",7.0,18,0
4101,tt1394293,Saishû shiken kujira,Saishû shiken kujira,tvSeries,2007,\N,\N,"Animation,Comedy,Drama",5.5,18,0
4102,tt14606148,Di Gi Charat: Winter Garden,Di Gi Charat: Winter Garden,tvSeries,2006,2006,20,"Animation,Comedy,Drama",6.0,18,0
4103,tt15233596,Guranda Musashi,Guranda Musashi,tvSeries,1997,1997,\N,"Adventure,Animation,Family",7.2,18,0
4104,tt2382224,Kidô shinsengumi: Moe yo ken,Kidô shinsengumi: Moe yo ken,tvMiniSeries,2003,\N,105,"Action,Animation,Comedy",5.7,18,0
4105,tt24622300,Battle Spirits: Saga Brave,Batoru Supirittsu Sâga Bureivu,tvMiniSeries,2019,2020,24,"Action,Adventure,Animation",6.1,18,0
4106,tt2923672,Marriage,Kekkon,tvMiniSeries,1995,1995,30,"Animation,Romance",3.8,18,0
4107,tt30138102,Tenchi Muyo! GXP Paradise Starting,Tenchi Muyo! GXP Paradise Shidou Hen,tvMiniSeries,2023,2023,\N,"Animation,Sci-Fi",6.8,18,0
4108,tt3904722,Madonna,Madonna,tvMiniSeries,1988,1989,50,"Animation,Comedy,Sport",4.4,18,0
4109,tt4849644,Tokimeki Memorial,Tokimeki memoriaru,tvMiniSeries,1999,\N,60,"Animation,Drama,Romance",6.2,18,0
4110,tt5558828,Rilu Rilu Fairilu: Yosei no Door,Rilu Rilu Fairilu: Yosei no Door,tvSeries,2016,\N,\N,"Animation,Family,Fantasy",6.5,18,0
4111,tt6795518,King of the Braves GaoGaiGar Final Grand Glorious Gathering,Yûsha ô Gaogaigar Final Grand Glorious Gathering,tvSeries,2005,2005,24,"Action,Animation,Sci-Fi",7.1,18,0
4112,tt7512516,Saramanda,Saramanda,tvMiniSeries,1987,1989,50,"Action,Animation,Sci-Fi",5.6,18,0
4113,tt8479348,Danchi Tomoo,Danchi Tomoo,tvSeries,2013,2015,30,Animation,4.7,18,0
4114,tt8993330,Platinumhugen Ordian,Platinumhugen Ordian,tvSeries,2000,2000,\N,"Action,Animation,Drama",5.7,18,0
4115,tt0902069,Kasumin,Kasumin,tvSeries,2001,2003,30,"Animation,Comedy",6.7,17,0
4116,tt10033654,Fast Heroes Sixty,Fast Heroes Sixty,tvMiniSeries,2017,\N,\N,"Action,Animation,Comedy",7.7,17,0
4117,tt10623650,Hulaing Babies,Hulaing Babies,tvSeries,2019,2019,5,"Animation,Comedy",5.2,17,0
4118,tt11438756,Sentimental Journey,Sentimental Journey,tvSeries,1998,1998,\N,"Animation,Drama,Romance",7.0,17,0
4119,tt14338604,Muteking the Dancing Hero,Muteking the Dancing Hero,tvSeries,2021,2021,\N,"Animation,Comedy,Musical",5.1,17,0
4120,tt1877572,Bad Boys,Bad Boys,tvMiniSeries,1993,\N,30,"Animation,Short",5.1,17,0
4121,tt2016452,Double-J,Double-J,tvSeries,2011,\N,4,"Animation,Comedy",6.2,17,0
4122,tt21052940,500 Million Year Button,5-Oku-Nen Button,tvSeries,2022,\N,21,Animation,6.7,17,0
4123,tt2220260,Papuwa,Papuwa,tvSeries,2003,\N,\N,"Adventure,Animation,Comedy",6.6,17,0
4124,tt22266604,VazzRock the Animation,VazzRock the Animation,tvSeries,2022,\N,\N,Animation,4.3,17,0
4125,tt2595498,Kuro Majo-san ga Tooru!!,Kuro Majo-san ga Tooru!!,tvSeries,2012,\N,7,"Animation,Comedy,Fantasy",4.5,17,0
4126,tt27587277,Knights of Ramune & 40,Knights of Ramune & 40,tvSeries,1990,1991,\N,Animation,4.2,17,0
4127,tt3417520,Pugyuru,Pugyuru,tvSeries,2004,\N,3,"Animation,Comedy,Fantasy",5.2,17,0
4128,tt3427294,Baromu wan,Baromu wan,tvSeries,2002,2003,25,"Animation,Fantasy",5.2,17,0
4129,tt3948376,Galactic Whirlwind Sasuraiger,Ginga Shippû Sasuraiger,tvSeries,1983,1984,30,"Action,Adventure,Animation",5.4,17,0
4130,tt4083644,Majuu Sensen,Majuu Sensen,tvSeries,1990,\N,135,"Action,Animation,Fantasy",5.5,17,0
4131,tt5824736,Shônen Ashibe GO! GO! Goma-chan,Shônen Ashibe GO! GO! Goma-chan,tvSeries,2016,\N,9,"Animation,Comedy,Family",5.8,17,0
4132,tt8839572,Karen Senki,Karen Senki,tvMiniSeries,2014,2014,11,"Action,Animation",4.9,17,0
4133,tt0991058,"Lime-iro Ryûkitan X Cross: Koi, Oshiete Kudasai","Lime-iro Ryûkitan X Cross: Koi, Oshiete Kudasai",tvSeries,2005,\N,\N,"Animation,Drama,History",4.8,16,0
4134,tt11735890,Venus Project - Climax,Venus Project - Climax,tvSeries,2015,2015,\N,"Action,Animation,Music",4.9,16,0
4135,tt12209234,Kiratto Pri Chan,Kiratto Pri Chan,tvSeries,2018,\N,\N,"Action,Animation,Comedy",6.0,16,0
4136,tt12451810,Shin Tennis no Ouji-sama: Hyoutei vs Rikkai - Game of Future,Shin Tennis no Ouji-sama: Hyoutei vs Rikkai - Game of Future,tvSeries,2021,\N,\N,"Animation,Sport",6.6,16,0
4137,tt15022058,Strawberry 100% OAV,Ichigo 100%,tvMiniSeries,2005,2005,\N,"Animation,Comedy,Romance",5.3,16,0
4138,tt15280526,Battle Spirits: Mirage,Batoru Supirittsu Mirâju,tvSeries,2021,2022,24,"Action,Adventure,Animation",4.4,16,0
4139,tt1538436,Monchhichi Twins,Futago no Monchichi,tvSeries,1980,1980,6,"Animation,Comedy,Fantasy",6.4,16,0
4140,tt15843224,CardCaptors,CardCaptors,tvSeries,2000,2000,\N,"Animation,Family,Fantasy",7.6,16,0
4141,tt18225160,Umisea,Umisea,tvMiniSeries,2021,2022,\N,"Animation,Comedy,Short",6.6,16,0
4142,tt21319174,Go Forward.,Massugu ni Ikou,tvSeries,2003,2004,23,"Animation,Comedy,Romance",7.4,16,0
4143,tt2968732,Get Ride! AM Driver,Getto raido! Amu doraiba,tvSeries,2004,2005,24,"Action,Adventure,Animation",6.1,16,0
4144,tt34289419,Sakura Wars: Return of the Spirit Warriors,Sakura taisen: Gôka kenran,tvSeries,1999,2000,\N,"Adventure,Animation,Sci-Fi",6.0,16,0
4145,tt36350346,Moon of the Fiery Night: Autumn Farce,Kashou no Tsuki: Aki Kyougen,tvMiniSeries,1998,1999,28,"Animation,Fantasy,Romance",5.2,16,0
4146,tt4012832,Invincible King Tri-Zenon,Muteki-Ô Tri-Zenon,tvSeries,2000,2001,\N,"Animation,Sci-Fi",5.6,16,0
4147,tt4046842,Tribe Cool Crew,Tribe Cool Crew,tvSeries,2014,\N,\N,"Animation,Music,Sport",7.7,16,0
4148,tt4088006,Starship Girl Yamamoto Yohko II,Starship Girl Yamamoto Yohko II,tvMiniSeries,1997,1997,\N,"Animation,Comedy,Sci-Fi",5.7,16,0
4149,tt7640880,"Wake Up, Girl Zoo!","Wake Up, Girl Zoo!",tvMiniSeries,2014,2015,4,"Animation,Comedy,Short",6.3,16,0
4150,tt0242046,Tiger-Striped Mî,Torajima no Mî me,tvMiniSeries,1999,1999,\N,Animation,4.8,15,0
4151,tt0282300,Geisters: Fractions of the Earth,Geisters,tvSeries,2001,2002,22,"Action,Animation,Drama",5.7,15,0
4152,tt11941988,Battle Spirits: Burning Soul,Battle Spirits Burning Soul,tvSeries,2015,2016,22,"Action,Adventure,Animation",4.6,15,0
4153,tt12299378,I'll Make a Habit of It,Cho kuse ni nariso,tvSeries,1994,1995,\N,"Animation,Comedy,Romance",6.2,15,0
4154,tt13102918,Cap Revolution Bottleman,Cap Kakumei Bottleman,tvSeries,2020,2023,5,"Action,Animation,Comedy",6.3,15,0
4155,tt14967040,Shakotan Boogie,Shakotan bugi,tvMiniSeries,1991,1992,\N,"Animation,Comedy",6.8,15,0
4156,tt16270300,Hanabi-chan wa Okure-gachi,Hanabi-chan wa Okure-gachi,tvSeries,2022,\N,\N,Animation,4.5,15,0
4157,tt23866132,Ancient Girl's Frame,Dou Shen Ji,tvSeries,2021,\N,\N,"Action,Adventure,Animation",5.3,15,0
4158,tt25009508,Battle Spirits: The Core Bearers,Batoru Supirittsu -Koa no Hikari Nushi Tachi-,tvSeries,2022,2022,24,"Action,Adventure,Animation",5.1,15,0
4159,tt3108832,Super High Speed Galvion,Cho Kosoku Galvion,tvSeries,1984,1984,30,"Action,Animation,Sci-Fi",5.3,15,0
4160,tt31171673,Akane Maniax,Akane Maniax,tvMiniSeries,2004,2005,\N,"Animation,Comedy,Romance",4.4,15,0
4161,tt31797596,Offside,Offside,tvSeries,2001,\N,\N,"Action,Animation,Sport",6.8,15,0
4162,tt32138702,Gundam Breaker Battlogue,Gundam Breaker Battlogue,tvMiniSeries,2021,2021,\N,"Action,Animation,Comedy",5.7,15,0
4163,tt32253498,Cardfight!! Vanguard will+Dress,Kâdofaito!! Vangâdo will+Dress,tvSeries,2022,2023,24,"Action,Adventure,Animation",6.2,15,0
4164,tt33059190,Spirit of Wonder: Miss China Short Stories,Spirit of Wonder: Miss China Short Stories,tvMiniSeries,2001,2004,\N,"Adventure,Animation,Sci-Fi",6.4,15,0
4165,tt34715295,The Corgi and the Samurai,Tono to Inu,tvSeries,2024,\N,3,"Animation,Comedy,History",7.3,15,0
4166,tt36592773,Harmony of Mille-Feuille,Utagoe wa Mille-Feuille,tvSeries,2025,\N,\N,"Animation,Music",6.0,15,0
4167,tt4045144,Sakura Wars: Ecole de Paris,Sakura Taisen: École De Paris,tvMiniSeries,2003,\N,30,"Action,Animation,Sci-Fi",7.0,15,0
4168,tt5150152,Fairy Dick,Fairy Dick,tvSeries,1992,\N,20,"Animation,Fantasy",6.7,15,0
4169,tt5483318,Brave Beats,Brave Beats,tvSeries,2015,\N,24,"Adventure,Animation,Music",7.4,15,0
4170,tt7082462,Cartoon Conspiracy,Cartoon Conspiracy,tvSeries,2014,\N,\N,"Animation,Documentary,Mystery",7.9,15,0
4171,tt9783820,Blue Comet SPT Layzner OVA,Blue Comet SPT Layzner OVA,tvMiniSeries,1986,1986,55,"Action,Animation,Sci-Fi",5.8,15,0
4172,tt0386248,Urarochi Diamond,Urarochi Diamond,tvSeries,2001,\N,40,"Adventure,Animation,Short",4.0,14,0
4173,tt10755612,Onmyouji: Heian Monogatari,Yin Yang Shi: Ping An Wu Yu,tvSeries,2018,2018,\N,"Animation,Comedy,Fantasy",5.2,14,0
4174,tt11782066,"Wake Up, Girls! New Chapter","Wake Up, Girls! New Chapter",tvSeries,2017,2018,\N,"Animation,Comedy,Drama",6.2,14,0
4175,tt1179816,Sister Princess: Re Pure,Shisutâ purinsesu: Ri pyua,tvSeries,2002,2002,\N,"Animation,Romance",6.0,14,0
4176,tt11845506,Pastel Life,Pastel Life,tvMiniSeries,2018,2018,\N,"Animation,Comedy,Music",5.1,14,0
4177,tt12317746,Cardfight!! Vanguard Gaiden: If,Cardfight!! Vanguard Gaiden: If,tvSeries,2020,\N,\N,Animation,5.9,14,0
4178,tt17507922,Welcome to Japari Park,Youkoso Japari Park,tvMiniSeries,2018,2020,5,"Adventure,Animation,Comedy",3.8,14,0
4179,tt2081013,Super Jetter,Sûpâ jettâ,tvSeries,1965,1966,30,Animation,6.1,14,0
4180,tt24659882,I''s Pure: Ichitaka's Delusion Diary,I''s: Ichitaka no mousou nikki,tvSeries,2005,2006,2,"Animation,Comedy,Romance",6.2,14,0
4181,tt29469464,The Diary of Ochibi-san,The Diary of Ochibi-san,tvSeries,2023,\N,5,"Animation,Family",3.5,14,0
4182,tt3005212,Maji de otaku na ingurisshu! Ribon-chan: Eigo de tatakau mahô shôjo,Maji de otaku na ingurisshu! Ribon-chan: Eigo de tatakau mahô shôjo,tvSeries,2012,\N,\N,"Animation,Comedy,Fantasy",5.6,14,0
4183,tt31041138,B-Project: Netsuretsu Love Call,B-Project: Netsuretsu Love Call,tvSeries,2023,\N,23,"Animation,Drama,Music",5.9,14,0
4184,tt31091628,Strawberry Marshmallow OVA,Strawberry Marshmallow OVA,tvMiniSeries,2007,2007,\N,"Animation,Comedy",7.4,14,0
4185,tt31519390,Kami-sama Minarai: Himitsu no Cocotama,Kami-sama Minarai: Himitsu no Cocotama,tvSeries,2015,2018,\N,"Animation,Comedy,Family",7.9,14,0
4186,tt32163429,Little Battlers eXperience,Danball Senki,tvSeries,2011,2012,23,"Action,Animation,Comedy",7.2,14,0
4187,tt32569271,Paboo and Mojies,Paboo and Mojies,tvSeries,2012,\N,\N,Animation,7.4,14,0
4188,tt33458087,Murder Mystery of the Dead,Murder Mystery of the Dead,tvSeries,2024,\N,\N,"Animation,Drama,Horror",5.1,14,0
4189,tt33568259,Hamidashi Creative,Hamidashi Creative,tvSeries,2024,\N,\N,"Animation,Comedy,Romance",5.2,14,0
4190,tt3391896,Gu-Gu Ganmo,Gu-Gu Ganmo,tvSeries,1984,1985,26,"Animation,Comedy",5.5,14,0
4191,tt37562288,Flaming Dodgeball Girl Danko,Honô no Tôkyûjo: Dodge Danko,tvSeries,2026,\N,25,"Action,Animation,Comedy",8.1,14,0
4192,tt37776400,Dungeons & Television,Dungeons & Television,tvMiniSeries,2025,\N,\N,Animation,6.9,14,0
4193,tt3859398,Chôriki Robo Galatt,Chôriki Robo Galatt,tvSeries,1984,1985,30,"Action,Adventure,Animation",4.9,14,0
4194,tt4087106,Sonic Soldier Borgman 2: A New Century 2058,Sonic Soldier Borgman 2: A New Century 2058,tvMiniSeries,1993,\N,29,"Action,Animation,Drama",5.8,14,0
4195,tt4863962,Super Radical Gag Family,Urayasu Tekkin Kazoku,tvSeries,1998,\N,7,"Action,Animation,Comedy",6.1,14,0
4196,tt5220306,Hime-sama Goyojin,Hime-sama Goyojin,tvSeries,2006,2006,\N,"Animation,Comedy",3.4,14,0
4197,tt14895298,Hime Chen! Otogi Chikku Idol Lilpri,Hime Chen! Otogi Chikku Idol Lilpri,tvSeries,2010,2021,\N,"Animation,Fantasy",7.8,13,0
4198,tt14921988,Kokoro Library,Kokoro Library,tvSeries,2001,2002,23,"Animation,Comedy,Drama",5.3,13,0
4199,tt20245470,Beyond the World,Chouetsu sekai,tvMiniSeries,1991,\N,8,Animation,4.9,13,0
4200,tt21199534,Once with the Greatest Memory,Once with the Greatest Memory,tvMiniSeries,2014,2014,\N,"Animation,Romance",5.8,13,0
4201,tt2209521,Shiawase-sô no Okojo-san,Shiawase-sô no Okojo-san,tvSeries,2001,2002,25,"Animation,Comedy",6.1,13,0
4202,tt23139238,Di Gi Charat Summer Special,Di Gi Charat Summer Special,tvMiniSeries,2000,2000,\N,"Animation,Comedy",6.2,13,0
4203,tt27385805,Platonic Chain,Platonic Chain,tvSeries,2002,2003,144,Animation,7.8,13,0
4204,tt31170227,D.C.III -Da Capo III-,D.C.III -Da Capo III-,tvSeries,2013,2013,\N,Animation,7.0,13,0
4205,tt32158870,Himitsu no AiPri,Himitsu no AiPri,tvSeries,2024,\N,\N,"Animation,Music,Sci-Fi",5.2,13,0
4206,tt35527850,Gunbuster! Science Lesson,Gunbuster! Science Lesson,tvMiniSeries,1988,1995,\N,"Animation,Comedy,Sci-Fi",6.8,13,0
4207,tt3896032,Pro Golfer Saru,Puro gorufâ Saru,tvSeries,1985,1988,24,"Animation,Sport",6.4,13,0
4208,tt4523036,Hâi Akko desu,Hâi Akko desu,tvSeries,1988,1992,30,"Animation,Comedy",5.4,13,0
4209,tt4675336,Anmitsu-hime,Anmitsu-hime,tvSeries,1986,1987,24,"Animation,Comedy,History",4.0,13,0
4210,tt5009268,Monkey Turn,Monkî tân,tvSeries,2004,2004,25,"Animation,Sport",5.0,13,0
4211,tt6186464,Aoi & Mutsuki: A Pair of Queens,Uchuu Kaizoku Mito no Daibouken 2: Futari no Joou-sama,tvSeries,1999,1999,24,"Action,Adventure,Animation",5.2,13,0
4212,tt6724526,Granzort: Adventure,Madô kingu Granzort: Bôken-hen,tvMiniSeries,1992,1992,30,"Action,Animation,Comedy",4.9,13,0
4213,tt9619208,Paboo & Mojies,Paboo & Mojies,tvSeries,2012,2013,\N,"Adventure,Animation,Comedy",7.3,13,0
4214,tt0185585,Otaku no seiza,Otaku no seiza,tvSeries,1994,1994,\N,"Adventure,Animation,Comedy",4.6,12,0
4215,tt0407410,Liegui Aisha,Liegui Aisha,tvSeries,1986,1988,\N,"Animation,Fantasy,Horror",4.4,12,0
4216,tt10284168,Shin Bikkuriman,Shin Bikkuriman,tvSeries,1989,1990,30,"Action,Animation,Comedy",5.2,12,0
4217,tt15238844,Time Bokan 24,Time Bokan 24,tvSeries,2016,2018,23,"Action,Animation,Comedy",3.7,12,0
4218,tt1527423,Itadakiman,Itadakiman,tvSeries,1983,1983,30,"Adventure,Animation,Sci-Fi",6.8,12,0
4219,tt18160990,Stars*Collection!,Stars*Collection!,tvSeries,2022,2023,\N,"Animation,Comedy",7.7,12,0
4220,tt19841790,Watanuki-san Chi no,Watanuki-san Chi no,tvSeries,2019,2020,23,"Animation,Comedy",6.1,12,0
4221,tt27588717,Reiwa no Di Gi Charat,Reiwa no Di Gi Charat,tvMiniSeries,2022,2023,4,"Animation,Comedy,Sci-Fi",5.2,12,0
4222,tt28061652,Ikimono-san,Ikimono-san,tvSeries,2023,\N,2,"Animation,Comedy",5.7,12,0
4223,tt30037210,Gorugo 13,Gorugo 13,tvSeries,1971,1971,12,"Action,Animation,Crime",4.6,12,0
4224,tt31368928,Aim for the Ace: Final Stage,Ace wo Nerae! Final Stage,tvSeries,1989,1990,\N,"Animation,Drama",5.7,12,0
4225,tt32245532,Tosochu: The Great Mission,Tosochu: The Great Mission,tvSeries,2023,2025,\N,"Action,Adventure,Animation",6.9,12,0
4226,tt32887095,Macross 7 Plus,Macross 7 Plus,tvMiniSeries,1995,1996,2,"Action,Animation,Music",4.9,12,0
4227,tt33246042,Fluximation,Fluximation,tvSeries,2005,2005,\N,"Animation,Music",5.9,12,0
4228,tt3425836,Shinseikiden Mâzu,Shinseikiden Mâzu,tvSeries,2002,2003,24,"Animation,Sci-Fi",4.6,12,0
4229,tt38128496,GANSO! BanG Dream Chan,Ganso! Bandori-chan,tvMiniSeries,2025,\N,\N,"Animation,Comedy,Music",6.2,12,0
4230,tt4017952,Startling Doctor,Dokkiri dokutâ,tvSeries,1998,1999,30,"Animation,Comedy",6.0,12,0
4231,tt4844684,Green Green Character DVD,Gurin Gurin Kyarakuta DVD,tvMiniSeries,2003,2004,20,"Animation,Comedy",5.8,12,0
4232,tt5009870,Kimagure Robot,Kimagure Robot,tvSeries,2004,\N,2,"Animation,Comedy,Sci-Fi",5.1,12,0
4233,tt0305038,Heisei tensai Bakabon,Heisei tensai Bakabon,tvSeries,1990,\N,30,Animation,6.1,11,0
4234,tt10053796,Urikupen Kyûjotai,Urikupen Kyûjotai,tvSeries,1974,1975,\N,"Animation,Family",6.2,11,0
4235,tt11321620,Let's dance with Papa,Let's dance with Papa,tvSeries,1999,1999,\N,"Animation,Comedy",6.6,11,0
4236,tt12288362,Blue Seed Ver. 1.5,Buru shido 1.5,tvMiniSeries,1996,1996,\N,"Animation,Comedy,Horror",7.0,11,0
4237,tt14951100,Assault Lily: Fruits,Assault Lily: Fruits,tvMiniSeries,2021,2022,\N,"Animation,Comedy,Short",5.7,11,0
4238,tt16436398,Heart Cocktail,Heart Cocktail,tvSeries,1986,1988,3,"Animation,Drama,Romance",6.4,11,0
4239,tt16493890,Panzer World Galient,Kiko kai garian,tvMiniSeries,1986,1986,56,"Action,Animation,Fantasy",4.6,11,0
4240,tt21249116,Hi-Speed Jecy,Hi-Speed Jecy,tvMiniSeries,1989,1990,30,"Adventure,Animation,Sci-Fi",6.6,11,0
4241,tt21294196,Wolf Guy,Urufu gai,tvMiniSeries,1992,\N,\N,"Action,Animation,Horror",5.3,11,0
4242,tt2263353,Kakyûsei 2: Hitomi no naka no shôjo-tachi,Kakyûsei 2: Hitomi no naka no shôjo-tachi,tvSeries,2004,\N,25,"Animation,Comedy,Fantasy",3.7,11,0
4243,tt28212662,Bosanimal,Bosanimal,tvSeries,2023,2023,2,Animation,5.9,11,0
4244,tt31141560,Mahou Sensei Negima! Shiroki Tsubasa Ala Alba,Mahou Sensei Negima! Shiroki Tsubasa Ala Alba,tvMiniSeries,2008,2009,\N,"Animation,Comedy",5.7,11,0
4245,tt31490653,AMAIM: Warrior at the Borderline: UltraSteel Ogre-Gear,Kyoukai Senki Kyokkou no Souki,tvMiniSeries,2023,2023,\N,"Action,Animation,Sci-Fi",4.6,11,0
4246,tt32159510,Mahjong Soul Kan!!,Mahjong Soul Kan!!,tvMiniSeries,2024,\N,\N,"Animation,Comedy",3.8,11,0
4247,tt3458044,Manga Nihon keizai nyûmon,Manga Nihon keizai nyûmon,tvSeries,1987,1988,30,"Animation,Drama",4.8,11,0
4248,tt35475804,Nadia: The Secret of Blue Water Specials,Nadia: The Secret of Blue Water Specials,tvSeries,1991,1991,\N,"Adventure,Animation,Comedy",6.5,11,0
4249,tt4893546,Temple,Temple,tvSeries,2016,\N,\N,"Animation,Horror,Thriller",4.8,11,0
4250,tt5916944,Monkey Typhoon,Asobot Senki Goku,tvSeries,2002,2003,23,"Adventure,Animation,Comedy",6.0,11,0
4251,tt6920434,Song of Baseball Enthusiasts,Yakyukyô no uta,tvSeries,1977,1979,\N,"Animation,Sport",6.0,11,0
4252,tt7024000,Midoriyama kôkô Kôshien-hen,Midoriyama kôkô Kôshien-hen,tvMiniSeries,1989,1990,499,"Animation,Sport",5.3,11,0
4253,tt10390904,Martha Speaks,Martha Speaks,tvSeries,2009,\N,22,Animation,7.8,10,0
4254,tt11942050,Battle Spirits: Double Drive,Battle Spirits Double Drive,tvSeries,2016,2017,\N,"Action,Adventure,Animation",4.0,10,0
4255,tt12289398,Blue Seed Omake,Buru shido omake,tvMiniSeries,1995,\N,\N,"Animation,Comedy",6.9,10,0
4256,tt13293328,Augmented Reality Girls Trinary,Augmented Reality Girls Trinary,tvSeries,2017,2017,7,"Animation,Sci-Fi",7.6,10,0
4257,tt13800118,Dynamic Chord,Dynamic Chord,tvSeries,2017,2017,\N,Animation,3.3,10,0
4258,tt1441485,Anash and the Legacy of the Sun-Rock,Anash and the Legacy of the Sun-Rock,tvSeries,2007,\N,24,"Adventure,Animation",6.1,10,0
4259,tt14430194,99,99,tvSeries,2014,2021,22,"Action,Adventure,Animation",5.4,10,0
4260,tt15280514,Mazica Party,Majika pati,tvSeries,2021,\N,23,"Action,Adventure,Animation",7.2,10,0
4261,tt16658326,Glass no kamen,Glass no kamen,tvMiniSeries,1998,1998,\N,"Animation,Drama",5.7,10,0
4262,tt1666726,Sukaiyâzu 5,Sukaiyâzu 5,tvSeries,1971,1972,30,"Action,Animation",7.0,10,0
4263,tt22499856,Mamoru-Kun Ni Megami No Shukufuku Wo!,Mamoru-Kun Ni Megami No Shukufuku Wo!,tvSeries,2006,2007,23,"Animation,Comedy,Romance",3.4,10,0
4264,tt23556586,Di Gi Charat Ohanami Special,Di Gi Charat Ohanami Special,tvMiniSeries,2001,2001,\N,"Animation,Comedy",7.6,10,0
4265,tt2912300,Graduation,Sotsugyo,tvMiniSeries,1995,1995,30,"Animation,Drama,Romance",5.3,10,0
4266,tt32034838,"Sky of Iriya, Summer of UFO","Sky of Iriya, Summer of UFO",tvMiniSeries,2005,2005,\N,"Animation,Drama,Romance",5.0,10,0
4267,tt3333148,Hana no Zundamaru,Hana no Zundamaru,tvSeries,2013,\N,5,"Animation,Comedy",4.0,10,0
4268,tt3893962,Gô-Q-Chôji Ikkiman,Gô-Q-Chôji Ikkiman,tvSeries,1986,1986,24,"Animation,Sport",4.3,10,0
4269,tt13091360,Shoujo Conto All Starlight,Shoujo Conto All Starlight,tvMiniSeries,2019,\N,\N,"Animation,Comedy,Music",5.2,9,0
4270,tt13469490,Dokaben,Dokaben,tvSeries,1976,1979,\N,"Animation,Sport",5.3,9,0
4271,tt15258398,Chojiku seiki orguss: Memorial file,Chojiku seiki orguss: Memorial file,tvMiniSeries,1985,1985,\N,"Action,Adventure,Animation",6.0,9,0
4272,tt15441360,Itoshi no Muuco,Itoshi no Muuco,tvSeries,2015,2016,\N,Animation,7.2,9,0
4273,tt1633596,Komatsu sakyô anime gekijô,Komatsu sakyô anime gekijô,tvSeries,1989,1990,\N,"Animation,Comedy,Sci-Fi",5.2,9,0
4274,tt1840049,Monoshiri Yakata,Monoshiri Yakata,tvSeries,1975,1979,3,"Animation,Comedy,Documentary",4.8,9,0
4275,tt23810184,Koume-chan ga Iku!!,Koume-chan ga Iku!!,tvMiniSeries,1999,1999,\N,"Animation,Comedy",4.0,9,0
4276,tt2391599,Oshiri kajiri mushi,Oshiri kajiri mushi,tvSeries,2012,\N,5,"Animation,Comedy",5.5,9,0
4277,tt27859832,Hoshi Neko Fullhouse,Hoshi Neko Fullhouse,tvMiniSeries,1989,1989,30,"Animation,Comedy,Romance",4.1,9,0
4278,tt29101543,Baku Yumemakura's Twilight Theatre,Baku Yumemakura's Twilight Theatre,tvMiniSeries,1991,1991,\N,"Animation,Horror",5.0,9,0
4279,tt32140462,Keroro,Keroro,tvSeries,2014,2014,3,"Animation,Comedy,Family",6.0,9,0
4280,tt3541530,Baketsu de gohan,Baketsu de gohan,tvSeries,1996,\N,30,"Animation,Comedy",3.3,9,0
4281,tt35703220,Hurricane Live 2033,Baburugamu kuraishisu hariken raibu! 2033,tvMiniSeries,1990,1990,30,"Action,Animation,Music",4.8,9,0
4282,tt4004606,Jîn daibâ,Jîn daibâ,tvSeries,1994,1995,25,"Action,Adventure,Animation",6.9,9,0
4283,tt4065342,Bug tte Honey,Bug tte Honey,tvSeries,1986,1987,30,"Adventure,Animation",5.3,9,0
4284,tt8429824,Sci-Fi Channel Saturday Anime,Sci-Fi Channel Saturday Anime,tvSeries,1995,\N,\N,"Action,Animation,Comedy",6.9,9,0
4285,tt12089684,Mado King Granzort: The Final Magical Battle,Ma do-o guranzoto saigo no majikaru taisen,tvMiniSeries,1990,1990,\N,"Action,Animation,Comedy",5.6,8,0
4286,tt14106286,Comic Party Special,Komikku pati,tvMiniSeries,2001,2001,\N,"Adventure,Animation,Comedy",5.6,8,0
4287,tt14128932,Duel Masters Zero,Deyueru masutazu zero,tvSeries,2007,2008,\N,"Action,Animation,Fantasy",7.0,8,0
4288,tt15447118,Lovely Movie: Itoshi no Muuco,Lovely Movie: Itoshi no Muuco,tvSeries,2014,2014,\N,"Animation,Comedy",6.8,8,0
4289,tt16911694,Black Jack Special: The 4 Miracles of Life,Black Jack Specials: Inochi wo Meguru Yottsu no Kiseki,tvMiniSeries,2003,2004,\N,"Animation,Drama",6.7,8,0
4290,tt27368413,Bucchigiri,Bucchigiri,tvSeries,1989,1991,204,"Animation,Drama,Sport",4.3,8,0
4291,tt30783396,Maho Sensei Negima!: Mo Hitotsu no Sekai,Maho Sensei Negima!: Mo Hitotsu no Sekai,tvMiniSeries,2009,2010,\N,Animation,5.4,8,0
4292,tt32359469,Eureka Seven Astral Ocean Final Episode: One More Time - Lord Don't Slow Me Down,Eureka Seven AO Final Episode: One More Time - Lord Don't Slow Me Down,tvMiniSeries,2017,2017,5,"Action,Adventure,Animation",6.2,8,0
4293,tt34626046,Eternal Filena,Eternal Filena,tvMiniSeries,1992,1993,30,"Adventure,Animation,Drama",3.1,8,0
4294,tt5971068,Indigo Ignited,Indigo Ignited,tvSeries,2017,\N,22,"Action,Animation,Fantasy",7.4,8,0
4295,tt6221332,Robokko Beaton,Robokko Beaton,tvSeries,1976,1977,30,Animation,4.8,8,0
4296,tt8304798,The Journey Home,Supêsu Bagu,tvSeries,2018,2019,24,"Adventure,Animation,Fantasy",5.2,8,0
4297,tt0203238,Command of Braves Dagwon the Boy with Crystal Eyes,Yûsha shirei Dagwon: Suishô no hitomi no shônen,tvMiniSeries,1997,1997,58,"Adventure,Animation,Sci-Fi",4.8,7,0
4298,tt15517784,Memories Off,Memories Off,tvMiniSeries,2001,2002,\N,"Animation,Drama",4.2,7,0
4299,tt2319361,Going Wild,Going Wild,tvSeries,2006,2007,\N,"Adventure,Animation,Family",6.0,7,0
4300,tt31469654,Lupin Shanshei,Lupin Shanshei,tvMiniSeries,2012,2013,\N,"Adventure,Animation,Comedy",4.8,7,0
4301,tt33143842,Tales of Atonement: Monomyth,Tales of Atonement: Monomyth,tvSeries,2022,\N,\N,Animation,7.8,7,0
4302,tt35956142,Viyaura,Viyaura,tvSeries,2024,\N,\N,"Animation,Comedy",8.5,7,0
4303,tt36647357,Machine Hayabusa,Machine Hayabusa,tvSeries,1976,1976,25,"Action,Animation",5.6,7,0
4304,tt3990562,Qeios,Qeios,tvSeries,2014,\N,\N,"Animation,Comedy,Fantasy",5.8,7,0
4305,tt6114404,Ochibisan,Ochibisan,tvMiniSeries,2019,2021,\N,"Animation,Family,Short",7.2,7,0
4306,tt43751241,"My Classmate's a Sexy Actress, and Now We Live Together?!",Onaji Semi no Someya-san ga Sexy Joyuu datta Hanashi.,tvMiniSeries,2026,\N,6,"Animation,Romance",5.5,6,0
4307,tt35703214,Hurricane Live 2032,Baburugamu kuraishisu hariken raibu! 2032,tvMiniSeries,1988,1988,25,"Action,Animation,Music",4.8,5,0
4308,tt0963612,Omoikkiri kagaku adobenchâ sô nan da!,Omoikkiri kagaku adobenchâ sô nan da!,tvSeries,2003,2004,30,"Animation,Comedy,Sci-Fi",,0,0
4309,tt13016872,Warau Salesman Special,Warau Salesman Special,tvSeries,1989,\N,62,"Animation,Comedy,Horror",,0,0
4310,tt13950148,Yanki reppu-tai,Yanki reppu-tai,tvMiniSeries,1989,\N,\N,"Adventure,Animation,Drama",,0,0
4311,tt14128884,Duel Masters Charge,Deyueru masutazu chaji,tvSeries,2004,2006,\N,"Action,Animation,Fantasy",,0,0
4312,tt14844398,Shin mashin eiyuden Wataru: Mashinzan-hen,Shin mashin eiyuden Wataru: Mashinzan-hen,tvMiniSeries,1989,1989,\N,"Adventure,Animation",,0,0
4313,tt15268638,Beat & Motion,Beat & Motion,tvSeries,2027,\N,\N,"Animation,Drama,Music",,0,0
4314,tt15702152,Rokkuman eguze,Rokkuman eguze,tvSeries,2002,\N,\N,"Action,Adventure,Animation",,0,0
4315,tt15791472,Kono Shihai kara no Sotsugyou: Ozaki Yutaka,Kono Shihai kara no Sotsugyou: Ozaki Yutaka,tvSeries,2004,\N,34,"Animation,Biography",,0,0
4316,tt2120450,Strange Steel Fairy Rouran,Kikô sen'nyo Rôran,tvSeries,2002,2003,15,"Action,Animation,Drama",,0,0
4317,tt2200204,"True Love Story: Summer Days, and Yet...","True Love Story: Summer Days, and Yet...",tvSeries,2003,\N,70,"Animation,Romance",,0,0
4318,tt30176382,Patlabor EZY,Patlabor EZY,tvSeries,2026,2027,\N,"Action,Animation,Comedy",,0,0
4319,tt30476502,The One Piece,Za Wan Pîsu,tvSeries,2027,\N,24,"Action,Adventure,Animation",,0,0
4320,tt30789794,Marshmallow Times,Marshmallow Times,tvSeries,2004,2005,\N,"Animation,Comedy,Family",,0,0
4321,tt31021128,Mahjong hisho-den - naki no ryu,Mahjong hisho-den - naki no ryu,tvMiniSeries,1988,1990,\N,"Action,Animation,Crime",,0,0
4322,tt31468061,Kamen no Ninja Akakage,Kamen no Ninja Akakage,tvSeries,1987,1988,\N,Animation,,0,0
4323,tt31498646,Angelique: Shiroi Tsubasa no Memoir,Angelique: Shiroi Tsubasa no Memoir,tvMiniSeries,2000,2000,28,"Adventure,Animation,Drama",,0,0
4324,tt31498828,Angelique: Twin Collection,Angelique: Twin Collection,tvMiniSeries,2002,2003,\N,"Adventure,Animation,Drama",,0,0
4325,tt32212977,Gaki Deka,Gaki Deka,tvSeries,1989,1990,\N,Animation,,0,0
4326,tt32813343,Magic Knight Rayearth,Magic Knight Rayearth,tvSeries,2026,\N,24,"Action,Adventure,Animation",,0,0
4327,tt33051236,Moekan the Animation,Moekan the Animation,tvMiniSeries,2003,2004,\N,"Animation,Comedy,Romance",,0,0
4328,tt33094866,Koiko no Mainichi,Koiko no Mainichi,tvMiniSeries,1989,1990,100,"Animation,Comedy,Drama",,0,0
4329,tt3456066,Manga Nihonshi,Manga Nihonshi,tvSeries,1983,1984,24,"Animation,History",,0,0
4330,tt35461454,Nimi Nightmare,Nimi Nightmare,tvSeries,2025,\N,\N,"Animation,Comedy,Game-Show",,0,0
4331,tt35528067,Gunbuster Renewal EX,Gunbuster Renewal EX,tvMiniSeries,2000,2001,\N,"Action,Animation,Sci-Fi",,0,0
4332,tt35721958,Black Jack,Black Jack,tvSeries,2001,2002,\N,"Animation,Drama",,0,0
4333,tt36335058,Mini Moni the TV,Mini Moni the TV,tvSeries,2003,2003,\N,"Animation,Comedy",,0,0
4334,tt36349736,Mini Moni Yaru no da Pyon!,Mini Moni Yaru no da Pyon!,tvSeries,2001,2001,\N,"Animation,Comedy",,0,0
4335,tt36829245,"Samurai Knight, Sailor Rina","Samurai Knight, Sailor Rina",tvSeries,2025,\N,\N,Animation,,0,0
4336,tt37535908,Generation of Chaos III: Toki no Fuuin,Generation of Chaos III: Toki no Fuuin,tvMiniSeries,2003,2003,\N,Animation,,0,0
4337,tt38525956,Mike the Dog: Zero,Mike the Dog: Zero,tvSeries,2025,\N,14,"Adventure,Animation,Comedy",,0,0
4338,tt38619034,The Noob Princess,The Noob Princess,tvMiniSeries,2025,2025,\N,"Animation,Drama",,0,0
4339,tt3887656,Sû kyatto,Sû kyatto,tvSeries,1980,1980,15,"Animation,Music",,0,0
4340,tt38937647,"Caged Princess, Moonlit Vows","Caged Princess, Moonlit Vows",tvMiniSeries,2025,2025,\N,"Animation,Drama,Fantasy",,0,0
4341,tt39026054,The Animen. Remastered,The Animen. Remastered,tvSeries,2025,\N,3,"Action,Adventure,Animation",,0,0
4342,tt39182297,Memories Off 3.5,Memories Off 3.5,tvMiniSeries,2004,2004,\N,"Animation,Drama,Romance",,0,0
4343,tt39289445,Ninjago: Techtombázis,Ninjago: Techtombázis,tvSeries,2025,\N,7,Animation,,0,0
4344,tt39291095,Minef*ck,Minef*ck,tvSeries,2025,\N,10,Animation,,0,0
4345,tt39394721,The Devilish CEO on My Pillow,The Devilish CEO on My Pillow,tvMiniSeries,2025,2025,\N,"Animation,Drama,Romance",,0,0
4346,tt39395275,Doragon Bôru Sûpâ Birusu,Doragon Bôru Sûpâ Birusu,tvMiniSeries,2026,\N,\N,Animation,,0,0
4347,tt40444830,"Smell Her, Keep Her","Smell Her, Keep Her",tvMiniSeries,2025,2025,\N,"Animation,Drama,Romance",,0,0
4348,tt4049578,Meimon! Daisan yakyû-bu,Meimon! Daisan yakyû-bu,tvSeries,1988,1989,30,"Action,Animation,Sport",,0,0
4349,tt41295083,Toaru Anbu no Item,Toaru Anbu no Item,tvSeries,2026,\N,\N,Animation,,0,0
4350,tt41296506,"Magical Explorer - Eroge no Yuujin Chara ni Tensei Shita Kedo, Game Chishiki Tsukatte Jiyuu ni Ikiru","Magical Explorer - Eroge no Yuujin Chara ni Tensei Shita Kedo, Game Chishiki Tsukatte Jiyuu ni Ikiru",tvSeries,2026,\N,\N,Animation,,0,0
4351,tt41420609,Love Live! Hasunosora Jogakuin School Idol Club,Love Live! Hasunosora Jogakuin School Idol Club,tvSeries,2027,\N,\N,"Animation,Music",,0,0
4352,tt42171190,Kagurabachi,Kagurabachi,tvSeries,2027,\N,\N,"Action,Animation",,0,0
4353,tt42811452,The Fox King's Contractual Girlfriend,The Fox King's Contractual Girlfriend,tvMiniSeries,2026,2026,\N,"Adventure,Animation,Fantasy",,0,0
4354,tt42811512,The Unfavored Heiress's Counterattack,The Unfavored Heiress's Counterattack,tvMiniSeries,2026,2026,\N,Animation,,0,0
4355,tt43119470,FX Fighter Kurumi-chan,FX Fighter Kurumi-chan,tvSeries,2026,\N,\N,Animation,,0,0
4356,tt43613803,Fool Night,Fool Night,tvSeries,2026,\N,\N,"Animation,Sci-Fi,Thriller",,0,0
4357,tt43650242,Seitokai ni mo Ana wa Aru!,Seitokai ni mo Ana wa Aru!,tvSeries,2026,\N,\N,"Animation,Comedy",,0,0
4358,tt43691353,Overgeared,Tempal: Item no Chikara,tvSeries,2026,\N,\N,"Action,Adventure,Animation",,0,0
4359,tt43691398,Tetsuryou! meet with Tetsudou Musume,Tetsuryou! meet with Tetsudou Musume,tvSeries,2026,\N,\N,Animation,,0,0
4360,tt45373165,Sgt. Frog,Keroro Gunsô,tvSeries,2026,\N,24,"Animation,Comedy,Family",,0,0
4361,tt45831796,Hitozukiai ga Nigate na Miboujin no Yukionna-san to Noroi no Yubiwa,Hitozukiai ga Nigate na Miboujin no Yukionna-san to Noroi no Yubiwa,tvMiniSeries,2026,2026,\N,"Animation,Comedy,Romance",,0,0
4362,tt5461830,Episode dated 10 February 2016,Episode dated 10 February 2016,tvEpisode,2016,\N,\N,News,,0,0
4363,tt6012918,Kyaputen,Kyaputen,tvSeries,1983,1983,30,"Animation,Sport",,0,0
4364,tt6466454,Wind & Fire: Anime,Wind & Fire: Anime Series,tvSeries,2025,\N,\N,Animation,,0,0
4365,tt8475598,Gatchaman 2000,Gatchaman 2000,tvMiniSeries,2000,\N,\N,"Action,Adventure,Animation",,0,0
